Filename,File Type,File Size (MB),Total HDUs,Instrument,Telescope,Observation Date,Object,Creator
gticdte2.fits,.fits,0.01,2,HEL1OS,Aditya-L1,N/A,N/A,HEL1OS-L1-PIPELINE
gticdte1.fits,.fits,0.01,2,HEL1OS,Aditya-L1,N/A,N/A,HEL1OS-L1-PIPELINE
hel1os_czt_spectra_czt1.fits,.fits,14.12,2,HEL1OS,Aditya-L1,N/A,N/A,HEL1OS-L1-PIPELINE
hel1os_czt_spectra_czt2.fits,.fits,14.12,2,HEL1OS,Aditya-L1,N/A,N/A,HEL1OS-L1-PIPELINE
lightcurve_czt1.fits,.fits,11.14,6,HEL1OS,Aditya-L1,N/A,N/A,HEL1OS-L1-PIPELINE
lightcurve_czt2.fits,.fits,11.14,6,HEL1OS,Aditya-L1,N/A,N/A,HEL1OS-L1-PIPELINE
hel1os_cdte_spectra_cdte1.fits,.fits,21.11,2,HEL1OS,Aditya-L1,N/A,N/A,HEL1OS-L1-PIPELINE
lightcurve_cdte2.fits,.fits,11.13,6,HEL1OS,Aditya-L1,N/A,N/A,HEL1OS-L1-PIPELINE
lightcurve_cdte1.fits,.fits,11.12,6,HEL1OS,Aditya-L1,N/A,N/A,HEL1OS-L1-PIPELINE
hel1os_cdte_spectra_cdte2.fits,.fits,21.11,2,HEL1OS,Aditya-L1,N/A,N/A,HEL1OS-L1-PIPELINE
evt.fits,.fits,134.27,5,HEL1OS,Aditya-L1,N/A,N/A,HEL1OS-L1-PIPELINE
gticzt1.fits,.fits,0.01,2,HEL1OS,Aditya-L1,N/A,N/A,HEL1OS-L1-PIPELINE
hk.fits,.fits,2.27,2,HEL1OS,Aditya-L1,N/A,N/A,HEL1OS-L1-PIPELINE
gticdte2.fits,.fits,0.01,2,HEL1OS,Aditya-L1,N/A,N/A,HEL1OS-L1-PIPELINE
gticzt2.fits,.fits,0.01,2,HEL1OS,Aditya-L1,N/A,N/A,HEL1OS-L1-PIPELINE
gticdte1.fits,.fits,0.01,2,HEL1OS,Aditya-L1,N/A,N/A,HEL1OS-L1-PIPELINE
gticdte2.fits,.fits,0.01,2,HEL1OS,Aditya-L1,N/A,N/A,HEL1OS-L1-PIPELINE
gticdte1.fits,.fits,0.01,2,HEL1OS,Aditya-L1,N/A,N/A,HEL1OS-L1-PIPELINE
gticdte2.fits,.fits,0.01,2,HEL1OS,Aditya-L1,N/A,N/A,HEL1OS-L1-PIPELINE
gticdte1.fits,.fits,0.01,2,HEL1OS,Aditya-L1,N/A,N/A,HEL1OS-L1-PIPELINE
gticdte2.fits,.fits,0.01,2,HEL1OS,Aditya-L1,N/A,N/A,HEL1OS-L1-PIPELINE
gticdte1.fits,.fits,0.01,2,HEL1OS,Aditya-L1,N/A,N/A,HEL1OS-L1-PIPELINE
gticdte2.fits,.fits,0.01,2,HEL1OS,Aditya-L1,N/A,N/A,HEL1OS-L1-PIPELINE
gticdte1.fits,.fits,0.01,2,HEL1OS,Aditya-L1,N/A,N/A,HEL1OS-L1-PIPELINE
gticdte2.fits,.fits,0.01,2,HEL1OS,Aditya-L1,N/A,N/A,HEL1OS-L1-PIPELINE
gticdte1.fits,.fits,0.01,2,HEL1OS,Aditya-L1,N/A,N/A,HEL1OS-L1-PIPELINE
gticdte2.fits,.fits,0.01,2,HEL1OS,Aditya-L1,N/A,N/A,HEL1OS-L1-PIPELINE
gticdte1.fits,.fits,0.01,2,HEL1OS,Aditya-L1,N/A,N/A,HEL1OS-L1-PIPELINE
gticdte2.fits,.fits,0.01,2,HEL1OS,Aditya-L1,N/A,N/A,HEL1OS-L1-PIPELINE
gticdte1.fits,.fits,0.01,2,HEL1OS,Aditya-L1,N/A,N/A,HEL1OS-L1-PIPELINE
lightcurve_czt1.fits,.fits,1.0,2,HEL1OS,Aditya-L1,N/A,N/A,HEL1OS-L1-PIPELINE
gticzt1.fits,.fits,0.01,2,HEL1OS,Aditya-L1,N/A,N/A,HEL1OS-L1-PIPELINE
hk.fits,.fits,2.28,2,HEL1OS,Aditya-L1,N/A,N/A,HEL1OS-L1-PIPELINE
gticdte2.fits,.fits,0.01,2,HEL1OS,Aditya-L1,N/A,N/A,HEL1OS-L1-PIPELINE
gticzt2.fits,.fits,0.01,2,HEL1OS,Aditya-L1,N/A,N/A,HEL1OS-L1-PIPELINE
gticdte1.fits,.fits,0.01,2,HEL1OS,Aditya-L1,N/A,N/A,HEL1OS-L1-PIPELINE
gticdte2.fits,.fits,0.01,2,HEL1OS,Aditya-L1,N/A,N/A,HEL1OS-L1-PIPELINE
gticdte1.fits,.fits,0.01,2,HEL1OS,Aditya-L1,N/A,N/A,HEL1OS-L1-PIPELINE
hel1os_czt_spectra_czt1.fits,.fits,14.12,2,HEL1OS,Aditya-L1,N/A,N/A,HEL1OS-L1-PIPELINE
hel1os_czt_spectra_czt2.fits,.fits,14.12,2,HEL1OS,Aditya-L1,N/A,N/A,HEL1OS-L1-PIPELINE
lightcurve_czt1.fits,.fits,11.14,6,HEL1OS,Aditya-L1,N/A,N/A,HEL1OS-L1-PIPELINE
lightcurve_czt2.fits,.fits,11.14,6,HEL1OS,Aditya-L1,N/A,N/A,HEL1OS-L1-PIPELINE
hel1os_cdte_spectra_cdte1.fits,.fits,21.11,2,HEL1OS,Aditya-L1,N/A,N/A,HEL1OS-L1-PIPELINE
lightcurve_cdte2.fits,.fits,11.13,6,HEL1OS,Aditya-L1,N/A,N/A,HEL1OS-L1-PIPELINE
lightcurve_cdte1.fits,.fits,11.11,6,HEL1OS,Aditya-L1,N/A,N/A,HEL1OS-L1-PIPELINE
hel1os_cdte_spectra_cdte2.fits,.fits,21.12,2,HEL1OS,Aditya-L1,N/A,N/A,HEL1OS-L1-PIPELINE
evt.fits,.fits,135.26,5,HEL1OS,Aditya-L1,N/A,N/A,HEL1OS-L1-PIPELINE
gticzt1.fits,.fits,0.01,2,HEL1OS,Aditya-L1,N/A,N/A,HEL1OS-L1-PIPELINE
hk.fits,.fits,2.28,2,HEL1OS,Aditya-L1,N/A,N/A,HEL1OS-L1-PIPELINE
gticdte2.fits,.fits,0.01,2,HEL1OS,Aditya-L1,N/A,N/A,HEL1OS-L1-PIPELINE
gticzt2.fits,.fits,0.01,2,HEL1OS,Aditya-L1,N/A,N/A,HEL1OS-L1-PIPELINE
gticdte1.fits,.fits,0.01,2,HEL1OS,Aditya-L1,N/A,N/A,HEL1OS-L1-PIPELINE
gticdte2.fits,.fits,0.01,2,HEL1OS,Aditya-L1,N/A,N/A,HEL1OS-L1-PIPELINE
gticdte1.fits,.fits,0.01,2,HEL1OS,Aditya-L1,N/A,N/A,HEL1OS-L1-PIPELINE
gticdte2.fits,.fits,0.01,2,HEL1OS,Aditya-L1,N/A,N/A,HEL1OS-L1-PIPELINE
gticdte1.fits,.fits,0.01,2,HEL1OS,Aditya-L1,N/A,N/A,HEL1OS-L1-PIPELINE
hel1os_czt_spectra_czt1.fits,.fits,13.91,2,HEL1OS,Aditya-L1,N/A,N/A,HEL1OS-L1-PIPELINE
hel1os_czt_spectra_czt2.fits,.fits,13.91,2,HEL1OS,Aditya-L1,N/A,N/A,HEL1OS-L1-PIPELINE
lightcurve_czt1.fits,.fits,10.98,6,HEL1OS,Aditya-L1,N/A,N/A,HEL1OS-L1-PIPELINE
lightcurve_czt2.fits,.fits,10.98,6,HEL1OS,Aditya-L1,N/A,N/A,HEL1OS-L1-PIPELINE
lightcurve_cdte2.fits,.fits,8.0,5,HEL1OS,Aditya-L1,N/A,N/A,HEL1OS-L1-PIPELINE
hel1os_cdte_spectra_cdte2.fits,.fits,20.81,2,HEL1OS,Aditya-L1,N/A,N/A,HEL1OS-L1-PIPELINE
gticzt1.fits,.fits,0.01,2,HEL1OS,Aditya-L1,N/A,N/A,HEL1OS-L1-PIPELINE
hk.fits,.fits,2.28,2,HEL1OS,Aditya-L1,N/A,N/A,HEL1OS-L1-PIPELINE
gticdte2.fits,.fits,0.01,2,HEL1OS,Aditya-L1,N/A,N/A,HEL1OS-L1-PIPELINE
gticzt2.fits,.fits,0.01,2,HEL1OS,Aditya-L1,N/A,N/A,HEL1OS-L1-PIPELINE
gticdte1.fits,.fits,0.01,2,HEL1OS,Aditya-L1,N/A,N/A,HEL1OS-L1-PIPELINE
gticdte2.fits,.fits,0.01,2,HEL1OS,Aditya-L1,N/A,N/A,HEL1OS-L1-PIPELINE
gticdte1.fits,.fits,0.01,2,HEL1OS,Aditya-L1,N/A,N/A,HEL1OS-L1-PIPELINE
gticdte2.fits,.fits,0.01,2,HEL1OS,Aditya-L1,N/A,N/A,HEL1OS-L1-PIPELINE
gticdte1.fits,.fits,0.01,2,HEL1OS,Aditya-L1,N/A,N/A,HEL1OS-L1-PIPELINE
gticdte2.fits,.fits,0.01,2,HEL1OS,Aditya-L1,N/A,N/A,HEL1OS-L1-PIPELINE
gticdte1.fits,.fits,0.01,2,HEL1OS,Aditya-L1,N/A,N/A,HEL1OS-L1-PIPELINE
gticdte2.fits,.fits,0.01,2,HEL1OS,Aditya-L1,N/A,N/A,HEL1OS-L1-PIPELINE
gticdte1.fits,.fits,0.01,2,HEL1OS,Aditya-L1,N/A,N/A,HEL1OS-L1-PIPELINE
gticdte2.fits,.fits,0.01,2,HEL1OS,Aditya-L1,N/A,N/A,HEL1OS-L1-PIPELINE
gticdte1.fits,.fits,0.01,2,HEL1OS,Aditya-L1,N/A,N/A,HEL1OS-L1-PIPELINE
gticdte2.fits,.fits,0.01,2,HEL1OS,Aditya-L1,N/A,N/A,HEL1OS-L1-PIPELINE
gticdte1.fits,.fits,0.01,2,HEL1OS,Aditya-L1,N/A,N/A,HEL1OS-L1-PIPELINE
gticdte2.fits,.fits,0.01,2,HEL1OS,Aditya-L1,N/A,N/A,HEL1OS-L1-PIPELINE
gticdte1.fits,.fits,0.01,2,HEL1OS,Aditya-L1,N/A,N/A,HEL1OS-L1-PIPELINE
gticdte2.fits,.fits,0.01,2,HEL1OS,Aditya-L1,N/A,N/A,HEL1OS-L1-PIPELINE
gticdte1.fits,.fits,0.01,2,HEL1OS,Aditya-L1,N/A,N/A,HEL1OS-L1-PIPELINE
gticdte2.fits,.fits,0.01,2,HEL1OS,Aditya-L1,N/A,N/A,HEL1OS-L1-PIPELINE
gticdte1.fits,.fits,0.01,2,HEL1OS,Aditya-L1,N/A,N/A,HEL1OS-L1-PIPELINE
gticdte2.fits,.fits,0.01,2,HEL1OS,Aditya-L1,N/A,N/A,HEL1OS-L1-PIPELINE
gticdte1.fits,.fits,0.01,2,HEL1OS,Aditya-L1,N/A,N/A,HEL1OS-L1-PIPELINE
gticdte2.fits,.fits,0.01,2,HEL1OS,Aditya-L1,N/A,N/A,HEL1OS-L1-PIPELINE
gticdte1.fits,.fits,0.01,2,HEL1OS,Aditya-L1,N/A,N/A,HEL1OS-L1-PIPELINE
gticdte2.fits,.fits,0.01,2,HEL1OS,Aditya-L1,N/A,N/A,HEL1OS-L1-PIPELINE
gticdte1.fits,.fits,0.01,2,HEL1OS,Aditya-L1,N/A,N/A,HEL1OS-L1-PIPELINE
gticdte2.fits,.fits,0.01,2,HEL1OS,Aditya-L1,N/A,N/A,HEL1OS-L1-PIPELINE
gticdte1.fits,.fits,0.01,2,HEL1OS,Aditya-L1,N/A,N/A,HEL1OS-L1-PIPELINE
gticdte2.fits,.fits,0.01,2,HEL1OS,Aditya-L1,N/A,N/A,HEL1OS-L1-PIPELINE
gticdte1.fits,.fits,0.01,2,HEL1OS,Aditya-L1,N/A,N/A,HEL1OS-L1-PIPELINE
gticdte2.fits,.fits,0.01,2,HEL1OS,Aditya-L1,N/A,N/A,HEL1OS-L1-PIPELINE
gticdte1.fits,.fits,0.01,2,HEL1OS,Aditya-L1,N/A,N/A,HEL1OS-L1-PIPELINE
gticdte2.fits,.fits,0.01,2,HEL1OS,Aditya-L1,N/A,N/A,HEL1OS-L1-PIPELINE
gticdte1.fits,.fits,0.01,2,HEL1OS,Aditya-L1,N/A,N/A,HEL1OS-L1-PIPELINE
gticdte2.fits,.fits,0.01,2,HEL1OS,Aditya-L1,N/A,N/A,HEL1OS-L1-PIPELINE
gticdte1.fits,.fits,0.01,2,HEL1OS,Aditya-L1,N/A,N/A,HEL1OS-L1-PIPELINE
hk.fits,.fits,1.0,2,HEL1OS,Aditya-L1,N/A,N/A,HEL1OS-L1-PIPELINE
gticdte2.fits,.fits,0.01,2,HEL1OS,Aditya-L1,N/A,N/A,HEL1OS-L1-PIPELINE
gticdte1.fits,.fits,0.01,2,HEL1OS,Aditya-L1,N/A,N/A,HEL1OS-L1-PIPELINE
gticdte2.fits,.fits,0.01,2,HEL1OS,Aditya-L1,N/A,N/A,HEL1OS-L1-PIPELINE
gticdte1.fits,.fits,0.01,2,HEL1OS,Aditya-L1,N/A,N/A,HEL1OS-L1-PIPELINE
gticdte2.fits,.fits,0.01,2,HEL1OS,Aditya-L1,N/A,N/A,HEL1OS-L1-PIPELINE
gticdte1.fits,.fits,0.01,2,HEL1OS,Aditya-L1,N/A,N/A,HEL1OS-L1-PIPELINE
gticdte2.fits,.fits,0.01,2,HEL1OS,Aditya-L1,N/A,N/A,HEL1OS-L1-PIPELINE
gticdte1.fits,.fits,0.01,2,HEL1OS,Aditya-L1,N/A,N/A,HEL1OS-L1-PIPELINE
gticdte2.fits,.fits,0.01,2,HEL1OS,Aditya-L1,N/A,N/A,HEL1OS-L1-PIPELINE
gticdte1.fits,.fits,0.01,2,HEL1OS,Aditya-L1,N/A,N/A,HEL1OS-L1-PIPELINE
gticdte2.fits,.fits,0.01,2,HEL1OS,Aditya-L1,N/A,N/A,HEL1OS-L1-PIPELINE
gticdte1.fits,.fits,0.01,2,HEL1OS,Aditya-L1,N/A,N/A,HEL1OS-L1-PIPELINE
gticdte2.fits,.fits,0.01,2,HEL1OS,Aditya-L1,N/A,N/A,HEL1OS-L1-PIPELINE
gticdte1.fits,.fits,0.01,2,HEL1OS,Aditya-L1,N/A,N/A,HEL1OS-L1-PIPELINE
gticdte2.fits,.fits,0.01,2,HEL1OS,Aditya-L1,N/A,N/A,HEL1OS-L1-PIPELINE
gticdte1.fits,.fits,0.01,2,HEL1OS,Aditya-L1,N/A,N/A,HEL1OS-L1-PIPELINE
gticdte2.fits,.fits,0.01,2,HEL1OS,Aditya-L1,N/A,N/A,HEL1OS-L1-PIPELINE
gticdte1.fits,.fits,0.01,2,HEL1OS,Aditya-L1,N/A,N/A,HEL1OS-L1-PIPELINE
hel1os_czt_spectra_czt1.fits,.fits,13.92,2,HEL1OS,Aditya-L1,N/A,N/A,HEL1OS-L1-PIPELINE
hel1os_czt_spectra_czt2.fits,.fits,13.92,2,HEL1OS,Aditya-L1,N/A,N/A,HEL1OS-L1-PIPELINE
lightcurve_czt1.fits,.fits,10.99,6,HEL1OS,Aditya-L1,N/A,N/A,HEL1OS-L1-PIPELINE
lightcurve_czt2.fits,.fits,10.99,6,HEL1OS,Aditya-L1,N/A,N/A,HEL1OS-L1-PIPELINE
hel1os_cdte_spectra_cdte1.fits,.fits,20.82,2,HEL1OS,Aditya-L1,N/A,N/A,HEL1OS-L1-PIPELINE
lightcurve_cdte2.fits,.fits,10.98,6,HEL1OS,Aditya-L1,N/A,N/A,HEL1OS-L1-PIPELINE
lightcurve_cdte1.fits,.fits,10.98,6,HEL1OS,Aditya-L1,N/A,N/A,HEL1OS-L1-PIPELINE
hel1os_cdte_spectra_cdte2.fits,.fits,20.82,2,HEL1OS,Aditya-L1,N/A,N/A,HEL1OS-L1-PIPELINE
evt.fits,.fits,146.3,5,HEL1OS,Aditya-L1,N/A,N/A,HEL1OS-L1-PIPELINE
gticzt1.fits,.fits,0.01,2,HEL1OS,Aditya-L1,N/A,N/A,HEL1OS-L1-PIPELINE
hk.fits,.fits,2.24,2,HEL1OS,Aditya-L1,N/A,N/A,HEL1OS-L1-PIPELINE
gticdte2.fits,.fits,0.01,2,HEL1OS,Aditya-L1,N/A,N/A,HEL1OS-L1-PIPELINE
gticzt2.fits,.fits,0.01,2,HEL1OS,Aditya-L1,N/A,N/A,HEL1OS-L1-PIPELINE
gticdte1.fits,.fits,0.01,2,HEL1OS,Aditya-L1,N/A,N/A,HEL1OS-L1-PIPELINE
gticdte2.fits,.fits,0.01,2,HEL1OS,Aditya-L1,N/A,N/A,HEL1OS-L1-PIPELINE
gticdte1.fits,.fits,0.01,2,HEL1OS,Aditya-L1,N/A,N/A,HEL1OS-L1-PIPELINE
gticdte2.fits,.fits,0.01,2,HEL1OS,Aditya-L1,N/A,N/A,HEL1OS-L1-PIPELINE
gticdte1.fits,.fits,0.01,2,HEL1OS,Aditya-L1,N/A,N/A,HEL1OS-L1-PIPELINE
gticdte2.fits,.fits,0.01,2,HEL1OS,Aditya-L1,N/A,N/A,HEL1OS-L1-PIPELINE
gticdte1.fits,.fits,0.01,2,HEL1OS,Aditya-L1,N/A,N/A,HEL1OS-L1-PIPELINE
hel1os_czt_spectra_czt1.fits,.fits,13.91,2,HEL1OS,Aditya-L1,N/A,N/A,HEL1OS-L1-PIPELINE
hel1os_czt_spectra_czt2.fits,.fits,13.91,2,HEL1OS,Aditya-L1,N/A,N/A,HEL1OS-L1-PIPELINE
lightcurve_czt1.fits,.fits,10.98,6,HEL1OS,Aditya-L1,N/A,N/A,HEL1OS-L1-PIPELINE
lightcurve_czt2.fits,.fits,10.98,6,HEL1OS,Aditya-L1,N/A,N/A,HEL1OS-L1-PIPELINE
hel1os_cdte_spectra_cdte1.fits,.fits,20.81,2,HEL1OS,Aditya-L1,N/A,N/A,HEL1OS-L1-PIPELINE
lightcurve_cdte2.fits,.fits,10.97,6,HEL1OS,Aditya-L1,N/A,N/A,HEL1OS-L1-PIPELINE
lightcurve_cdte1.fits,.fits,10.96,6,HEL1OS,Aditya-L1,N/A,N/A,HEL1OS-L1-PIPELINE
hel1os_cdte_spectra_cdte2.fits,.fits,20.81,2,HEL1OS,Aditya-L1,N/A,N/A,HEL1OS-L1-PIPELINE
evt.fits,.fits,60.0,4,HEL1OS,Aditya-L1,N/A,N/A,HEL1OS-L1-PIPELINE
gticzt1.fits,.fits,0.01,2,HEL1OS,Aditya-L1,N/A,N/A,HEL1OS-L1-PIPELINE
hk.fits,.fits,2.25,2,HEL1OS,Aditya-L1,N/A,N/A,HEL1OS-L1-PIPELINE
gticdte2.fits,.fits,0.01,2,HEL1OS,Aditya-L1,N/A,N/A,HEL1OS-L1-PIPELINE
gticzt2.fits,.fits,0.01,2,HEL1OS,Aditya-L1,N/A,N/A,HEL1OS-L1-PIPELINE
gticdte1.fits,.fits,0.01,2,HEL1OS,Aditya-L1,N/A,N/A,HEL1OS-L1-PIPELINE
gticdte2.fits,.fits,0.01,2,HEL1OS,Aditya-L1,N/A,N/A,HEL1OS-L1-PIPELINE
gticdte1.fits,.fits,0.01,2,HEL1OS,Aditya-L1,N/A,N/A,HEL1OS-L1-PIPELINE
hk.fits,.fits,1.0,2,HEL1OS,Aditya-L1,N/A,N/A,HEL1OS-L1-PIPELINE
gticdte2.fits,.fits,0.01,2,HEL1OS,Aditya-L1,N/A,N/A,HEL1OS-L1-PIPELINE
gticdte1.fits,.fits,0.01,2,HEL1OS,Aditya-L1,N/A,N/A,HEL1OS-L1-PIPELINE
gticdte2.fits,.fits,0.01,2,HEL1OS,Aditya-L1,N/A,N/A,HEL1OS-L1-PIPELINE
gticdte1.fits,.fits,0.01,2,HEL1OS,Aditya-L1,N/A,N/A,HEL1OS-L1-PIPELINE
gticdte2.fits,.fits,0.01,2,HEL1OS,Aditya-L1,N/A,N/A,HEL1OS-L1-PIPELINE
gticdte1.fits,.fits,0.01,2,HEL1OS,Aditya-L1,N/A,N/A,HEL1OS-L1-PIPELINE
gticdte2.fits,.fits,0.01,2,HEL1OS,Aditya-L1,N/A,N/A,HEL1OS-L1-PIPELINE
gticdte1.fits,.fits,0.01,2,HEL1OS,Aditya-L1,N/A,N/A,HEL1OS-L1-PIPELINE
gticdte2.fits,.fits,0.01,2,HEL1OS,Aditya-L1,N/A,N/A,HEL1OS-L1-PIPELINE
gticdte1.fits,.fits,0.01,2,HEL1OS,Aditya-L1,N/A,N/A,HEL1OS-L1-PIPELINE
gticdte2.fits,.fits,0.01,2,HEL1OS,Aditya-L1,N/A,N/A,HEL1OS-L1-PIPELINE
gticdte1.fits,.fits,0.01,2,HEL1OS,Aditya-L1,N/A,N/A,HEL1OS-L1-PIPELINE
gticdte2.fits,.fits,0.01,2,HEL1OS,Aditya-L1,N/A,N/A,HEL1OS-L1-PIPELINE
gticdte1.fits,.fits,0.01,2,HEL1OS,Aditya-L1,N/A,N/A,HEL1OS-L1-PIPELINE
gticdte2.fits,.fits,0.01,2,HEL1OS,Aditya-L1,N/A,N/A,HEL1OS-L1-PIPELINE
gticdte1.fits,.fits,0.01,2,HEL1OS,Aditya-L1,N/A,N/A,HEL1OS-L1-PIPELINE
gticdte2.fits,.fits,0.01,2,HEL1OS,Aditya-L1,N/A,N/A,HEL1OS-L1-PIPELINE
gticdte1.fits,.fits,0.01,2,HEL1OS,Aditya-L1,N/A,N/A,HEL1OS-L1-PIPELINE
gticdte2.fits,.fits,0.01,2,HEL1OS,Aditya-L1,N/A,N/A,HEL1OS-L1-PIPELINE
gticdte1.fits,.fits,0.01,2,HEL1OS,Aditya-L1,N/A,N/A,HEL1OS-L1-PIPELINE
gticdte2.fits,.fits,0.01,2,HEL1OS,Aditya-L1,N/A,N/A,HEL1OS-L1-PIPELINE
gticdte1.fits,.fits,0.01,2,HEL1OS,Aditya-L1,N/A,N/A,HEL1OS-L1-PIPELINE
gticdte2.fits,.fits,0.01,2,HEL1OS,Aditya-L1,N/A,N/A,HEL1OS-L1-PIPELINE
gticdte1.fits,.fits,0.01,2,HEL1OS,Aditya-L1,N/A,N/A,HEL1OS-L1-PIPELINE
gticdte2.fits,.fits,0.01,2,HEL1OS,Aditya-L1,N/A,N/A,HEL1OS-L1-PIPELINE
gticdte1.fits,.fits,0.01,2,HEL1OS,Aditya-L1,N/A,N/A,HEL1OS-L1-PIPELINE
gticdte2.fits,.fits,0.01,2,HEL1OS,Aditya-L1,N/A,N/A,HEL1OS-L1-PIPELINE
gticdte1.fits,.fits,0.01,2,HEL1OS,Aditya-L1,N/A,N/A,HEL1OS-L1-PIPELINE
gticdte2.fits,.fits,0.01,2,HEL1OS,Aditya-L1,N/A,N/A,HEL1OS-L1-PIPELINE
gticdte1.fits,.fits,0.01,2,HEL1OS,Aditya-L1,N/A,N/A,HEL1OS-L1-PIPELINE
hel1os_czt_spectra_czt1.fits,.fits,14.12,2,HEL1OS,Aditya-L1,N/A,N/A,HEL1OS-L1-PIPELINE
hel1os_czt_spectra_czt2.fits,.fits,14.12,2,HEL1OS,Aditya-L1,N/A,N/A,HEL1OS-L1-PIPELINE
lightcurve_czt1.fits,.fits,11.14,6,HEL1OS,Aditya-L1,N/A,N/A,HEL1OS-L1-PIPELINE
lightcurve_czt2.fits,.fits,11.14,6,HEL1OS,Aditya-L1,N/A,N/A,HEL1OS-L1-PIPELINE
hel1os_cdte_spectra_cdte1.fits,.fits,21.11,2,HEL1OS,Aditya-L1,N/A,N/A,HEL1OS-L1-PIPELINE
lightcurve_cdte2.fits,.fits,11.13,6,HEL1OS,Aditya-L1,N/A,N/A,HEL1OS-L1-PIPELINE
lightcurve_cdte1.fits,.fits,11.12,6,HEL1OS,Aditya-L1,N/A,N/A,HEL1OS-L1-PIPELINE
hel1os_cdte_spectra_cdte2.fits,.fits,21.11,2,HEL1OS,Aditya-L1,N/A,N/A,HEL1OS-L1-PIPELINE
evt.fits,.fits,19.0,4,HEL1OS,Aditya-L1,N/A,N/A,HEL1OS-L1-PIPELINE
gticzt1.fits,.fits,0.01,2,HEL1OS,Aditya-L1,N/A,N/A,HEL1OS-L1-PIPELINE
hk.fits,.fits,2.23,2,HEL1OS,Aditya-L1,N/A,N/A,HEL1OS-L1-PIPELINE
gticdte2.fits,.fits,0.01,2,HEL1OS,Aditya-L1,N/A,N/A,HEL1OS-L1-PIPELINE
gticzt2.fits,.fits,0.01,2,HEL1OS,Aditya-L1,N/A,N/A,HEL1OS-L1-PIPELINE
gticdte1.fits,.fits,0.01,2,HEL1OS,Aditya-L1,N/A,N/A,HEL1OS-L1-PIPELINE
lightcurve_czt1.fits,.fits,3.0,3,HEL1OS,Aditya-L1,N/A,N/A,HEL1OS-L1-PIPELINE
gticzt1.fits,.fits,0.01,2,HEL1OS,Aditya-L1,N/A,N/A,HEL1OS-L1-PIPELINE
hk.fits,.fits,2.23,2,HEL1OS,Aditya-L1,N/A,N/A,HEL1OS-L1-PIPELINE
gticdte2.fits,.fits,0.01,2,HEL1OS,Aditya-L1,N/A,N/A,HEL1OS-L1-PIPELINE
gticzt2.fits,.fits,0.01,2,HEL1OS,Aditya-L1,N/A,N/A,HEL1OS-L1-PIPELINE
gticdte1.fits,.fits,0.01,2,HEL1OS,Aditya-L1,N/A,N/A,HEL1OS-L1-PIPELINE
gticdte2.fits,.fits,0.01,2,HEL1OS,Aditya-L1,N/A,N/A,HEL1OS-L1-PIPELINE
gticdte1.fits,.fits,0.01,2,HEL1OS,Aditya-L1,N/A,N/A,HEL1OS-L1-PIPELINE
hel1os_czt_spectra_czt1.fits,.fits,14.12,2,HEL1OS,Aditya-L1,N/A,N/A,HEL1OS-L1-PIPELINE
hel1os_czt_spectra_czt2.fits,.fits,14.12,2,HEL1OS,Aditya-L1,N/A,N/A,HEL1OS-L1-PIPELINE
lightcurve_czt1.fits,.fits,11.14,6,HEL1OS,Aditya-L1,N/A,N/A,HEL1OS-L1-PIPELINE
lightcurve_czt2.fits,.fits,11.14,6,HEL1OS,Aditya-L1,N/A,N/A,HEL1OS-L1-PIPELINE
hel1os_cdte_spectra_cdte1.fits,.fits,21.09,2,HEL1OS,Aditya-L1,N/A,N/A,HEL1OS-L1-PIPELINE
lightcurve_cdte2.fits,.fits,11.12,6,HEL1OS,Aditya-L1,N/A,N/A,HEL1OS-L1-PIPELINE
lightcurve_cdte1.fits,.fits,11.11,6,HEL1OS,Aditya-L1,N/A,N/A,HEL1OS-L1-PIPELINE
hel1os_cdte_spectra_cdte2.fits,.fits,21.12,2,HEL1OS,Aditya-L1,N/A,N/A,HEL1OS-L1-PIPELINE
evt.fits,.fits,129.16,5,HEL1OS,Aditya-L1,N/A,N/A,HEL1OS-L1-PIPELINE
gticzt1.fits,.fits,0.01,2,HEL1OS,Aditya-L1,N/A,N/A,HEL1OS-L1-PIPELINE
hk.fits,.fits,2.25,2,HEL1OS,Aditya-L1,N/A,N/A,HEL1OS-L1-PIPELINE
gticdte2.fits,.fits,0.01,2,HEL1OS,Aditya-L1,N/A,N/A,HEL1OS-L1-PIPELINE
gticzt2.fits,.fits,0.01,2,HEL1OS,Aditya-L1,N/A,N/A,HEL1OS-L1-PIPELINE
gticdte1.fits,.fits,0.01,2,HEL1OS,Aditya-L1,N/A,N/A,HEL1OS-L1-PIPELINE
hel1os_czt_spectra_czt1.fits,.fits,14.12,2,HEL1OS,Aditya-L1,N/A,N/A,HEL1OS-L1-PIPELINE
hel1os_czt_spectra_czt2.fits,.fits,14.12,2,HEL1OS,Aditya-L1,N/A,N/A,HEL1OS-L1-PIPELINE
lightcurve_czt1.fits,.fits,11.14,6,HEL1OS,Aditya-L1,N/A,N/A,HEL1OS-L1-PIPELINE
lightcurve_czt2.fits,.fits,11.14,6,HEL1OS,Aditya-L1,N/A,N/A,HEL1OS-L1-PIPELINE
hel1os_cdte_spectra_cdte1.fits,.fits,21.1,2,HEL1OS,Aditya-L1,N/A,N/A,HEL1OS-L1-PIPELINE
lightcurve_cdte2.fits,.fits,11.13,6,HEL1OS,Aditya-L1,N/A,N/A,HEL1OS-L1-PIPELINE
lightcurve_cdte1.fits,.fits,11.12,6,HEL1OS,Aditya-L1,N/A,N/A,HEL1OS-L1-PIPELINE
hel1os_cdte_spectra_cdte2.fits,.fits,21.11,2,HEL1OS,Aditya-L1,N/A,N/A,HEL1OS-L1-PIPELINE
evt.fits,.fits,130.67,5,HEL1OS,Aditya-L1,N/A,N/A,HEL1OS-L1-PIPELINE
gticzt1.fits,.fits,0.01,2,HEL1OS,Aditya-L1,N/A,N/A,HEL1OS-L1-PIPELINE
hk.fits,.fits,2.26,2,HEL1OS,Aditya-L1,N/A,N/A,HEL1OS-L1-PIPELINE
gticdte2.fits,.fits,0.01,2,HEL1OS,Aditya-L1,N/A,N/A,HEL1OS-L1-PIPELINE
gticzt2.fits,.fits,0.01,2,HEL1OS,Aditya-L1,N/A,N/A,HEL1OS-L1-PIPELINE
gticdte1.fits,.fits,0.01,2,HEL1OS,Aditya-L1,N/A,N/A,HEL1OS-L1-PIPELINE
hel1os_czt_spectra_czt1.fits,.fits,14.12,2,HEL1OS,Aditya-L1,N/A,N/A,HEL1OS-L1-PIPELINE
hel1os_czt_spectra_czt2.fits,.fits,14.12,2,HEL1OS,Aditya-L1,N/A,N/A,HEL1OS-L1-PIPELINE
lightcurve_czt1.fits,.fits,11.14,6,HEL1OS,Aditya-L1,N/A,N/A,HEL1OS-L1-PIPELINE
lightcurve_czt2.fits,.fits,11.14,6,HEL1OS,Aditya-L1,N/A,N/A,HEL1OS-L1-PIPELINE
hel1os_cdte_spectra_cdte1.fits,.fits,21.12,2,HEL1OS,Aditya-L1,N/A,N/A,HEL1OS-L1-PIPELINE
lightcurve_cdte2.fits,.fits,11.13,6,HEL1OS,Aditya-L1,N/A,N/A,HEL1OS-L1-PIPELINE
lightcurve_cdte1.fits,.fits,11.11,6,HEL1OS,Aditya-L1,N/A,N/A,HEL1OS-L1-PIPELINE
hel1os_cdte_spectra_cdte2.fits,.fits,21.12,2,HEL1OS,Aditya-L1,N/A,N/A,HEL1OS-L1-PIPELINE
evt.fits,.fits,128.31,5,HEL1OS,Aditya-L1,N/A,N/A,HEL1OS-L1-PIPELINE
gticzt1.fits,.fits,0.01,2,HEL1OS,Aditya-L1,N/A,N/A,HEL1OS-L1-PIPELINE
hk.fits,.fits,2.25,2,HEL1OS,Aditya-L1,N/A,N/A,HEL1OS-L1-PIPELINE
gticdte2.fits,.fits,0.01,2,HEL1OS,Aditya-L1,N/A,N/A,HEL1OS-L1-PIPELINE
gticzt2.fits,.fits,0.01,2,HEL1OS,Aditya-L1,N/A,N/A,HEL1OS-L1-PIPELINE
gticdte1.fits,.fits,0.01,2,HEL1OS,Aditya-L1,N/A,N/A,HEL1OS-L1-PIPELINE
hel1os_czt_spectra_czt1.fits,.fits,14.12,2,HEL1OS,Aditya-L1,N/A,N/A,HEL1OS-L1-PIPELINE
hel1os_czt_spectra_czt2.fits,.fits,14.12,2,HEL1OS,Aditya-L1,N/A,N/A,HEL1OS-L1-PIPELINE
lightcurve_czt1.fits,.fits,11.14,6,HEL1OS,Aditya-L1,N/A,N/A,HEL1OS-L1-PIPELINE
lightcurve_czt2.fits,.fits,11.14,6,HEL1OS,Aditya-L1,N/A,N/A,HEL1OS-L1-PIPELINE
hel1os_cdte_spectra_cdte1.fits,.fits,21.11,2,HEL1OS,Aditya-L1,N/A,N/A,HEL1OS-L1-PIPELINE
lightcurve_cdte2.fits,.fits,11.12,6,HEL1OS,Aditya-L1,N/A,N/A,HEL1OS-L1-PIPELINE
lightcurve_cdte1.fits,.fits,11.11,6,HEL1OS,Aditya-L1,N/A,N/A,HEL1OS-L1-PIPELINE
hel1os_cdte_spectra_cdte2.fits,.fits,21.11,2,HEL1OS,Aditya-L1,N/A,N/A,HEL1OS-L1-PIPELINE
evt.fits,.fits,131.46,5,HEL1OS,Aditya-L1,N/A,N/A,HEL1OS-L1-PIPELINE
gticzt1.fits,.fits,0.01,2,HEL1OS,Aditya-L1,N/A,N/A,HEL1OS-L1-PIPELINE
hk.fits,.fits,2.25,2,HEL1OS,Aditya-L1,N/A,N/A,HEL1OS-L1-PIPELINE
gticdte2.fits,.fits,0.01,2,HEL1OS,Aditya-L1,N/A,N/A,HEL1OS-L1-PIPELINE
gticzt2.fits,.fits,0.01,2,HEL1OS,Aditya-L1,N/A,N/A,HEL1OS-L1-PIPELINE
gticdte1.fits,.fits,0.01,2,HEL1OS,Aditya-L1,N/A,N/A,HEL1OS-L1-PIPELINE
hel1os_czt_spectra_czt1.fits,.fits,13.91,2,HEL1OS,Aditya-L1,N/A,N/A,HEL1OS-L1-PIPELINE
hel1os_czt_spectra_czt2.fits,.fits,13.91,2,HEL1OS,Aditya-L1,N/A,N/A,HEL1OS-L1-PIPELINE
lightcurve_czt1.fits,.fits,10.98,6,HEL1OS,Aditya-L1,N/A,N/A,HEL1OS-L1-PIPELINE
lightcurve_czt2.fits,.fits,10.98,6,HEL1OS,Aditya-L1,N/A,N/A,HEL1OS-L1-PIPELINE
hel1os_cdte_spectra_cdte1.fits,.fits,20.8,2,HEL1OS,Aditya-L1,N/A,N/A,HEL1OS-L1-PIPELINE
lightcurve_cdte2.fits,.fits,10.97,6,HEL1OS,Aditya-L1,N/A,N/A,HEL1OS-L1-PIPELINE
lightcurve_cdte1.fits,.fits,10.97,6,HEL1OS,Aditya-L1,N/A,N/A,HEL1OS-L1-PIPELINE
hel1os_cdte_spectra_cdte2.fits,.fits,20.81,2,HEL1OS,Aditya-L1,N/A,N/A,HEL1OS-L1-PIPELINE
evt.fits,.fits,129.58,5,HEL1OS,Aditya-L1,N/A,N/A,HEL1OS-L1-PIPELINE
gticzt1.fits,.fits,0.01,2,HEL1OS,Aditya-L1,N/A,N/A,HEL1OS-L1-PIPELINE
hk.fits,.fits,2.25,2,HEL1OS,Aditya-L1,N/A,N/A,HEL1OS-L1-PIPELINE
gticdte2.fits,.fits,0.01,2,HEL1OS,Aditya-L1,N/A,N/A,HEL1OS-L1-PIPELINE
gticzt2.fits,.fits,0.01,2,HEL1OS,Aditya-L1,N/A,N/A,HEL1OS-L1-PIPELINE
gticdte1.fits,.fits,0.01,2,HEL1OS,Aditya-L1,N/A,N/A,HEL1OS-L1-PIPELINE
hel1os_czt_spectra_czt1.fits,.fits,14.12,2,HEL1OS,Aditya-L1,N/A,N/A,HEL1OS-L1-PIPELINE
hel1os_czt_spectra_czt2.fits,.fits,14.12,2,HEL1OS,Aditya-L1,N/A,N/A,HEL1OS-L1-PIPELINE
lightcurve_czt1.fits,.fits,11.14,6,HEL1OS,Aditya-L1,N/A,N/A,HEL1OS-L1-PIPELINE
lightcurve_czt2.fits,.fits,11.14,6,HEL1OS,Aditya-L1,N/A,N/A,HEL1OS-L1-PIPELINE
hel1os_cdte_spectra_cdte1.fits,.fits,21.11,2,HEL1OS,Aditya-L1,N/A,N/A,HEL1OS-L1-PIPELINE
lightcurve_cdte2.fits,.fits,11.14,6,HEL1OS,Aditya-L1,N/A,N/A,HEL1OS-L1-PIPELINE
lightcurve_cdte1.fits,.fits,11.12,6,HEL1OS,Aditya-L1,N/A,N/A,HEL1OS-L1-PIPELINE
hel1os_cdte_spectra_cdte2.fits,.fits,21.12,2,HEL1OS,Aditya-L1,N/A,N/A,HEL1OS-L1-PIPELINE
evt.fits,.fits,131.95,5,HEL1OS,Aditya-L1,N/A,N/A,HEL1OS-L1-PIPELINE
gticzt1.fits,.fits,0.01,2,HEL1OS,Aditya-L1,N/A,N/A,HEL1OS-L1-PIPELINE
hk.fits,.fits,2.26,2,HEL1OS,Aditya-L1,N/A,N/A,HEL1OS-L1-PIPELINE
gticdte2.fits,.fits,0.01,2,HEL1OS,Aditya-L1,N/A,N/A,HEL1OS-L1-PIPELINE
gticzt2.fits,.fits,0.01,2,HEL1OS,Aditya-L1,N/A,N/A,HEL1OS-L1-PIPELINE
gticdte1.fits,.fits,0.01,2,HEL1OS,Aditya-L1,N/A,N/A,HEL1OS-L1-PIPELINE
hel1os_czt_spectra_czt1.fits,.fits,14.12,2,HEL1OS,Aditya-L1,N/A,N/A,HEL1OS-L1-PIPELINE
hel1os_czt_spectra_czt2.fits,.fits,14.12,2,HEL1OS,Aditya-L1,N/A,N/A,HEL1OS-L1-PIPELINE
lightcurve_czt1.fits,.fits,11.14,6,HEL1OS,Aditya-L1,N/A,N/A,HEL1OS-L1-PIPELINE
lightcurve_czt2.fits,.fits,11.14,6,HEL1OS,Aditya-L1,N/A,N/A,HEL1OS-L1-PIPELINE
hel1os_cdte_spectra_cdte1.fits,.fits,21.1,2,HEL1OS,Aditya-L1,N/A,N/A,HEL1OS-L1-PIPELINE
lightcurve_cdte2.fits,.fits,11.13,6,HEL1OS,Aditya-L1,N/A,N/A,HEL1OS-L1-PIPELINE
lightcurve_cdte1.fits,.fits,11.12,6,HEL1OS,Aditya-L1,N/A,N/A,HEL1OS-L1-PIPELINE
hel1os_cdte_spectra_cdte2.fits,.fits,21.11,2,HEL1OS,Aditya-L1,N/A,N/A,HEL1OS-L1-PIPELINE
evt.fits,.fits,131.37,5,HEL1OS,Aditya-L1,N/A,N/A,HEL1OS-L1-PIPELINE
gticzt1.fits,.fits,0.01,2,HEL1OS,Aditya-L1,N/A,N/A,HEL1OS-L1-PIPELINE
hk.fits,.fits,2.26,2,HEL1OS,Aditya-L1,N/A,N/A,HEL1OS-L1-PIPELINE
gticdte2.fits,.fits,0.01,2,HEL1OS,Aditya-L1,N/A,N/A,HEL1OS-L1-PIPELINE
gticzt2.fits,.fits,0.01,2,HEL1OS,Aditya-L1,N/A,N/A,HEL1OS-L1-PIPELINE
gticdte1.fits,.fits,0.01,2,HEL1OS,Aditya-L1,N/A,N/A,HEL1OS-L1-PIPELINE
hel1os_czt_spectra_czt1.fits,.fits,14.12,2,HEL1OS,Aditya-L1,N/A,N/A,HEL1OS-L1-PIPELINE
hel1os_czt_spectra_czt2.fits,.fits,14.12,2,HEL1OS,Aditya-L1,N/A,N/A,HEL1OS-L1-PIPELINE
lightcurve_czt1.fits,.fits,11.14,6,HEL1OS,Aditya-L1,N/A,N/A,HEL1OS-L1-PIPELINE
lightcurve_czt2.fits,.fits,11.14,6,HEL1OS,Aditya-L1,N/A,N/A,HEL1OS-L1-PIPELINE
hel1os_cdte_spectra_cdte1.fits,.fits,21.11,2,HEL1OS,Aditya-L1,N/A,N/A,HEL1OS-L1-PIPELINE
lightcurve_cdte2.fits,.fits,11.13,6,HEL1OS,Aditya-L1,N/A,N/A,HEL1OS-L1-PIPELINE
lightcurve_cdte1.fits,.fits,11.1,6,HEL1OS,Aditya-L1,N/A,N/A,HEL1OS-L1-PIPELINE
hel1os_cdte_spectra_cdte2.fits,.fits,21.11,2,HEL1OS,Aditya-L1,N/A,N/A,HEL1OS-L1-PIPELINE
evt.fits,.fits,129.25,5,HEL1OS,Aditya-L1,N/A,N/A,HEL1OS-L1-PIPELINE
gticzt1.fits,.fits,0.01,2,HEL1OS,Aditya-L1,N/A,N/A,HEL1OS-L1-PIPELINE
hk.fits,.fits,2.25,2,HEL1OS,Aditya-L1,N/A,N/A,HEL1OS-L1-PIPELINE
gticdte2.fits,.fits,0.01,2,HEL1OS,Aditya-L1,N/A,N/A,HEL1OS-L1-PIPELINE
gticzt2.fits,.fits,0.01,2,HEL1OS,Aditya-L1,N/A,N/A,HEL1OS-L1-PIPELINE
gticdte1.fits,.fits,0.01,2,HEL1OS,Aditya-L1,N/A,N/A,HEL1OS-L1-PIPELINE
hel1os_czt_spectra_czt1.fits,.fits,14.12,2,HEL1OS,Aditya-L1,N/A,N/A,HEL1OS-L1-PIPELINE
hel1os_czt_spectra_czt2.fits,.fits,14.12,2,HEL1OS,Aditya-L1,N/A,N/A,HEL1OS-L1-PIPELINE
lightcurve_czt1.fits,.fits,11.14,6,HEL1OS,Aditya-L1,N/A,N/A,HEL1OS-L1-PIPELINE
lightcurve_czt2.fits,.fits,11.14,6,HEL1OS,Aditya-L1,N/A,N/A,HEL1OS-L1-PIPELINE
hel1os_cdte_spectra_cdte1.fits,.fits,21.11,2,HEL1OS,Aditya-L1,N/A,N/A,HEL1OS-L1-PIPELINE
lightcurve_cdte2.fits,.fits,11.14,6,HEL1OS,Aditya-L1,N/A,N/A,HEL1OS-L1-PIPELINE
lightcurve_cdte1.fits,.fits,11.12,6,HEL1OS,Aditya-L1,N/A,N/A,HEL1OS-L1-PIPELINE
hel1os_cdte_spectra_cdte2.fits,.fits,21.11,2,HEL1OS,Aditya-L1,N/A,N/A,HEL1OS-L1-PIPELINE
evt.fits,.fits,128.82,5,HEL1OS,Aditya-L1,N/A,N/A,HEL1OS-L1-PIPELINE
gticzt1.fits,.fits,0.01,2,HEL1OS,Aditya-L1,N/A,N/A,HEL1OS-L1-PIPELINE
hk.fits,.fits,2.25,2,HEL1OS,Aditya-L1,N/A,N/A,HEL1OS-L1-PIPELINE
gticdte2.fits,.fits,0.01,2,HEL1OS,Aditya-L1,N/A,N/A,HEL1OS-L1-PIPELINE
gticzt2.fits,.fits,0.01,2,HEL1OS,Aditya-L1,N/A,N/A,HEL1OS-L1-PIPELINE
gticdte1.fits,.fits,0.01,2,HEL1OS,Aditya-L1,N/A,N/A,HEL1OS-L1-PIPELINE
gticdte2.fits,.fits,0.01,2,HEL1OS,Aditya-L1,N/A,N/A,HEL1OS-L1-PIPELINE
gticdte1.fits,.fits,0.01,2,HEL1OS,Aditya-L1,N/A,N/A,HEL1OS-L1-PIPELINE
gticdte2.fits,.fits,0.01,2,HEL1OS,Aditya-L1,N/A,N/A,HEL1OS-L1-PIPELINE
gticdte1.fits,.fits,0.01,2,HEL1OS,Aditya-L1,N/A,N/A,HEL1OS-L1-PIPELINE
gticdte2.fits,.fits,0.01,2,HEL1OS,Aditya-L1,N/A,N/A,HEL1OS-L1-PIPELINE
gticdte1.fits,.fits,0.01,2,HEL1OS,Aditya-L1,N/A,N/A,HEL1OS-L1-PIPELINE
hel1os_czt_spectra_czt1.fits,.fits,12.61,2,HEL1OS,Aditya-L1,N/A,N/A,HEL1OS-L1-PIPELINE
hel1os_czt_spectra_czt2.fits,.fits,12.42,2,HEL1OS,Aditya-L1,N/A,N/A,HEL1OS-L1-PIPELINE
lightcurve_czt1.fits,.fits,9.95,6,HEL1OS,Aditya-L1,N/A,N/A,HEL1OS-L1-PIPELINE
lightcurve_czt2.fits,.fits,9.81,6,HEL1OS,Aditya-L1,N/A,N/A,HEL1OS-L1-PIPELINE
hel1os_cdte_spectra_cdte1.fits,.fits,18.86,2,HEL1OS,Aditya-L1,N/A,N/A,HEL1OS-L1-PIPELINE
lightcurve_cdte2.fits,.fits,9.94,6,HEL1OS,Aditya-L1,N/A,N/A,HEL1OS-L1-PIPELINE
lightcurve_cdte1.fits,.fits,9.93,6,HEL1OS,Aditya-L1,N/A,N/A,HEL1OS-L1-PIPELINE
hel1os_cdte_spectra_cdte2.fits,.fits,18.86,2,HEL1OS,Aditya-L1,N/A,N/A,HEL1OS-L1-PIPELINE
evt.fits,.fits,117.09,5,HEL1OS,Aditya-L1,N/A,N/A,HEL1OS-L1-PIPELINE
gticzt1.fits,.fits,0.01,2,HEL1OS,Aditya-L1,N/A,N/A,HEL1OS-L1-PIPELINE
hk.fits,.fits,2.24,2,HEL1OS,Aditya-L1,N/A,N/A,HEL1OS-L1-PIPELINE
gticdte2.fits,.fits,0.01,2,HEL1OS,Aditya-L1,N/A,N/A,HEL1OS-L1-PIPELINE
gticzt2.fits,.fits,0.01,2,HEL1OS,Aditya-L1,N/A,N/A,HEL1OS-L1-PIPELINE
gticdte1.fits,.fits,0.01,2,HEL1OS,Aditya-L1,N/A,N/A,HEL1OS-L1-PIPELINE
hel1os_czt_spectra_czt1.fits,.fits,14.12,2,HEL1OS,Aditya-L1,N/A,N/A,HEL1OS-L1-PIPELINE
hel1os_czt_spectra_czt2.fits,.fits,13.93,2,HEL1OS,Aditya-L1,N/A,N/A,HEL1OS-L1-PIPELINE
lightcurve_czt1.fits,.fits,11.14,6,HEL1OS,Aditya-L1,N/A,N/A,HEL1OS-L1-PIPELINE
lightcurve_czt2.fits,.fits,10.99,6,HEL1OS,Aditya-L1,N/A,N/A,HEL1OS-L1-PIPELINE
hel1os_cdte_spectra_cdte1.fits,.fits,21.11,2,HEL1OS,Aditya-L1,N/A,N/A,HEL1OS-L1-PIPELINE
lightcurve_cdte2.fits,.fits,11.14,6,HEL1OS,Aditya-L1,N/A,N/A,HEL1OS-L1-PIPELINE
lightcurve_cdte1.fits,.fits,11.11,6,HEL1OS,Aditya-L1,N/A,N/A,HEL1OS-L1-PIPELINE
hel1os_cdte_spectra_cdte2.fits,.fits,21.11,2,HEL1OS,Aditya-L1,N/A,N/A,HEL1OS-L1-PIPELINE
evt.fits,.fits,133.88,5,HEL1OS,Aditya-L1,N/A,N/A,HEL1OS-L1-PIPELINE
gticzt1.fits,.fits,0.01,2,HEL1OS,Aditya-L1,N/A,N/A,HEL1OS-L1-PIPELINE
hk.fits,.fits,2.5,2,HEL1OS,Aditya-L1,N/A,N/A,HEL1OS-L1-PIPELINE
gticdte2.fits,.fits,0.01,2,HEL1OS,Aditya-L1,N/A,N/A,HEL1OS-L1-PIPELINE
gticzt2.fits,.fits,0.01,2,HEL1OS,Aditya-L1,N/A,N/A,HEL1OS-L1-PIPELINE
gticdte1.fits,.fits,0.01,2,HEL1OS,Aditya-L1,N/A,N/A,HEL1OS-L1-PIPELINE
hel1os_czt_spectra_czt1.fits,.fits,9.19,2,HEL1OS,Aditya-L1,N/A,N/A,HEL1OS-L1-PIPELINE
hel1os_czt_spectra_czt2.fits,.fits,9.19,2,HEL1OS,Aditya-L1,N/A,N/A,HEL1OS-L1-PIPELINE
lightcurve_czt1.fits,.fits,7.25,6,HEL1OS,Aditya-L1,N/A,N/A,HEL1OS-L1-PIPELINE
lightcurve_czt2.fits,.fits,7.25,6,HEL1OS,Aditya-L1,N/A,N/A,HEL1OS-L1-PIPELINE
hel1os_cdte_spectra_cdte1.fits,.fits,13.74,2,HEL1OS,Aditya-L1,N/A,N/A,HEL1OS-L1-PIPELINE
lightcurve_cdte2.fits,.fits,7.25,6,HEL1OS,Aditya-L1,N/A,N/A,HEL1OS-L1-PIPELINE
lightcurve_cdte1.fits,.fits,7.23,6,HEL1OS,Aditya-L1,N/A,N/A,HEL1OS-L1-PIPELINE
hel1os_cdte_spectra_cdte2.fits,.fits,13.74,2,HEL1OS,Aditya-L1,N/A,N/A,HEL1OS-L1-PIPELINE
evt.fits,.fits,108.34,5,HEL1OS,Aditya-L1,N/A,N/A,HEL1OS-L1-PIPELINE
gticzt1.fits,.fits,0.01,2,HEL1OS,Aditya-L1,N/A,N/A,HEL1OS-L1-PIPELINE
hk.fits,.fits,1.85,2,HEL1OS,Aditya-L1,N/A,N/A,HEL1OS-L1-PIPELINE
gticdte2.fits,.fits,0.01,2,HEL1OS,Aditya-L1,N/A,N/A,HEL1OS-L1-PIPELINE
gticzt2.fits,.fits,0.01,2,HEL1OS,Aditya-L1,N/A,N/A,HEL1OS-L1-PIPELINE
gticdte1.fits,.fits,0.01,2,HEL1OS,Aditya-L1,N/A,N/A,HEL1OS-L1-PIPELINE
hel1os_czt_spectra_czt1.fits,.fits,14.12,2,HEL1OS,Aditya-L1,N/A,N/A,HEL1OS-L1-PIPELINE
hel1os_czt_spectra_czt2.fits,.fits,13.83,2,HEL1OS,Aditya-L1,N/A,N/A,HEL1OS-L1-PIPELINE
lightcurve_czt1.fits,.fits,11.14,6,HEL1OS,Aditya-L1,N/A,N/A,HEL1OS-L1-PIPELINE
lightcurve_czt2.fits,.fits,10.92,6,HEL1OS,Aditya-L1,N/A,N/A,HEL1OS-L1-PIPELINE
hel1os_cdte_spectra_cdte1.fits,.fits,21.11,2,HEL1OS,Aditya-L1,N/A,N/A,HEL1OS-L1-PIPELINE
lightcurve_cdte2.fits,.fits,11.13,6,HEL1OS,Aditya-L1,N/A,N/A,HEL1OS-L1-PIPELINE
lightcurve_cdte1.fits,.fits,11.1,6,HEL1OS,Aditya-L1,N/A,N/A,HEL1OS-L1-PIPELINE
hel1os_cdte_spectra_cdte2.fits,.fits,21.11,2,HEL1OS,Aditya-L1,N/A,N/A,HEL1OS-L1-PIPELINE
evt.fits,.fits,107.84,5,HEL1OS,Aditya-L1,N/A,N/A,HEL1OS-L1-PIPELINE
gticzt1.fits,.fits,0.01,2,HEL1OS,Aditya-L1,N/A,N/A,HEL1OS-L1-PIPELINE
hk.fits,.fits,2.34,2,HEL1OS,Aditya-L1,N/A,N/A,HEL1OS-L1-PIPELINE
gticdte2.fits,.fits,0.01,2,HEL1OS,Aditya-L1,N/A,N/A,HEL1OS-L1-PIPELINE
gticzt2.fits,.fits,0.01,2,HEL1OS,Aditya-L1,N/A,N/A,HEL1OS-L1-PIPELINE
gticdte1.fits,.fits,0.01,2,HEL1OS,Aditya-L1,N/A,N/A,HEL1OS-L1-PIPELINE
hel1os_czt_spectra_czt1.fits,.fits,1.67,2,HEL1OS,Aditya-L1,N/A,N/A,HEL1OS-L1-PIPELINE
hel1os_czt_spectra_czt2.fits,.fits,1.57,2,HEL1OS,Aditya-L1,N/A,N/A,HEL1OS-L1-PIPELINE
lightcurve_czt1.fits,.fits,1.33,6,HEL1OS,Aditya-L1,N/A,N/A,HEL1OS-L1-PIPELINE
lightcurve_czt2.fits,.fits,1.27,6,HEL1OS,Aditya-L1,N/A,N/A,HEL1OS-L1-PIPELINE
hel1os_cdte_spectra_cdte1.fits,.fits,2.49,2,HEL1OS,Aditya-L1,N/A,N/A,HEL1OS-L1-PIPELINE
lightcurve_cdte2.fits,.fits,1.33,6,HEL1OS,Aditya-L1,N/A,N/A,HEL1OS-L1-PIPELINE
lightcurve_cdte1.fits,.fits,1.31,6,HEL1OS,Aditya-L1,N/A,N/A,HEL1OS-L1-PIPELINE
hel1os_cdte_spectra_cdte2.fits,.fits,2.49,2,HEL1OS,Aditya-L1,N/A,N/A,HEL1OS-L1-PIPELINE
evt.fits,.fits,17.95,5,HEL1OS,Aditya-L1,N/A,N/A,HEL1OS-L1-PIPELINE
gticzt1.fits,.fits,0.01,2,HEL1OS,Aditya-L1,N/A,N/A,HEL1OS-L1-PIPELINE
hk.fits,.fits,0.34,2,HEL1OS,Aditya-L1,N/A,N/A,HEL1OS-L1-PIPELINE
gticdte2.fits,.fits,0.01,2,HEL1OS,Aditya-L1,N/A,N/A,HEL1OS-L1-PIPELINE
gticzt2.fits,.fits,0.01,2,HEL1OS,Aditya-L1,N/A,N/A,HEL1OS-L1-PIPELINE
gticdte1.fits,.fits,0.01,2,HEL1OS,Aditya-L1,N/A,N/A,HEL1OS-L1-PIPELINE
hel1os_czt_spectra_czt1.fits,.fits,14.11,2,HEL1OS,Aditya-L1,N/A,N/A,HEL1OS-L1-PIPELINE
hel1os_czt_spectra_czt2.fits,.fits,14.11,2,HEL1OS,Aditya-L1,N/A,N/A,HEL1OS-L1-PIPELINE
lightcurve_czt1.fits,.fits,11.13,6,HEL1OS,Aditya-L1,N/A,N/A,HEL1OS-L1-PIPELINE
lightcurve_czt2.fits,.fits,11.13,6,HEL1OS,Aditya-L1,N/A,N/A,HEL1OS-L1-PIPELINE
hel1os_cdte_spectra_cdte1.fits,.fits,21.09,2,HEL1OS,Aditya-L1,N/A,N/A,HEL1OS-L1-PIPELINE
lightcurve_cdte2.fits,.fits,11.12,6,HEL1OS,Aditya-L1,N/A,N/A,HEL1OS-L1-PIPELINE
lightcurve_cdte1.fits,.fits,11.11,6,HEL1OS,Aditya-L1,N/A,N/A,HEL1OS-L1-PIPELINE
hel1os_cdte_spectra_cdte2.fits,.fits,21.09,2,HEL1OS,Aditya-L1,N/A,N/A,HEL1OS-L1-PIPELINE
evt.fits,.fits,159.81,5,HEL1OS,Aditya-L1,N/A,N/A,HEL1OS-L1-PIPELINE
gticzt1.fits,.fits,0.01,2,HEL1OS,Aditya-L1,N/A,N/A,HEL1OS-L1-PIPELINE
hk.fits,.fits,2.75,2,HEL1OS,Aditya-L1,N/A,N/A,HEL1OS-L1-PIPELINE
gticdte2.fits,.fits,0.01,2,HEL1OS,Aditya-L1,N/A,N/A,HEL1OS-L1-PIPELINE
gticzt2.fits,.fits,0.01,2,HEL1OS,Aditya-L1,N/A,N/A,HEL1OS-L1-PIPELINE
gticdte1.fits,.fits,0.01,2,HEL1OS,Aditya-L1,N/A,N/A,HEL1OS-L1-PIPELINE
hel1os_czt_spectra_czt1.fits,.fits,1.67,2,HEL1OS,Aditya-L1,N/A,N/A,HEL1OS-L1-PIPELINE
hel1os_czt_spectra_czt2.fits,.fits,1.67,2,HEL1OS,Aditya-L1,N/A,N/A,HEL1OS-L1-PIPELINE
lightcurve_czt1.fits,.fits,1.33,6,HEL1OS,Aditya-L1,N/A,N/A,HEL1OS-L1-PIPELINE
lightcurve_czt2.fits,.fits,1.33,6,HEL1OS,Aditya-L1,N/A,N/A,HEL1OS-L1-PIPELINE
hel1os_cdte_spectra_cdte1.fits,.fits,2.49,2,HEL1OS,Aditya-L1,N/A,N/A,HEL1OS-L1-PIPELINE
lightcurve_cdte2.fits,.fits,1.33,6,HEL1OS,Aditya-L1,N/A,N/A,HEL1OS-L1-PIPELINE
lightcurve_cdte1.fits,.fits,1.32,6,HEL1OS,Aditya-L1,N/A,N/A,HEL1OS-L1-PIPELINE
hel1os_cdte_spectra_cdte2.fits,.fits,2.49,2,HEL1OS,Aditya-L1,N/A,N/A,HEL1OS-L1-PIPELINE
evt.fits,.fits,17.82,5,HEL1OS,Aditya-L1,N/A,N/A,HEL1OS-L1-PIPELINE
gticzt1.fits,.fits,0.01,2,HEL1OS,Aditya-L1,N/A,N/A,HEL1OS-L1-PIPELINE
hk.fits,.fits,0.32,2,HEL1OS,Aditya-L1,N/A,N/A,HEL1OS-L1-PIPELINE
gticdte2.fits,.fits,0.01,2,HEL1OS,Aditya-L1,N/A,N/A,HEL1OS-L1-PIPELINE
gticzt2.fits,.fits,0.01,2,HEL1OS,Aditya-L1,N/A,N/A,HEL1OS-L1-PIPELINE
gticdte1.fits,.fits,0.01,2,HEL1OS,Aditya-L1,N/A,N/A,HEL1OS-L1-PIPELINE
hel1os_czt_spectra_czt1.fits,.fits,11.18,2,HEL1OS,Aditya-L1,N/A,N/A,HEL1OS-L1-PIPELINE
hel1os_czt_spectra_czt2.fits,.fits,11.06,2,HEL1OS,Aditya-L1,N/A,N/A,HEL1OS-L1-PIPELINE
lightcurve_czt1.fits,.fits,8.83,6,HEL1OS,Aditya-L1,N/A,N/A,HEL1OS-L1-PIPELINE
lightcurve_czt2.fits,.fits,8.74,6,HEL1OS,Aditya-L1,N/A,N/A,HEL1OS-L1-PIPELINE
hel1os_cdte_spectra_cdte1.fits,.fits,16.83,2,HEL1OS,Aditya-L1,N/A,N/A,HEL1OS-L1-PIPELINE
lightcurve_cdte2.fits,.fits,8.87,6,HEL1OS,Aditya-L1,N/A,N/A,HEL1OS-L1-PIPELINE
lightcurve_cdte1.fits,.fits,8.86,6,HEL1OS,Aditya-L1,N/A,N/A,HEL1OS-L1-PIPELINE
hel1os_cdte_spectra_cdte2.fits,.fits,16.83,2,HEL1OS,Aditya-L1,N/A,N/A,HEL1OS-L1-PIPELINE
evt.fits,.fits,118.23,5,HEL1OS,Aditya-L1,N/A,N/A,HEL1OS-L1-PIPELINE
gticzt1.fits,.fits,0.01,2,HEL1OS,Aditya-L1,N/A,N/A,HEL1OS-L1-PIPELINE
hk.fits,.fits,2.15,2,HEL1OS,Aditya-L1,N/A,N/A,HEL1OS-L1-PIPELINE
gticdte2.fits,.fits,0.01,2,HEL1OS,Aditya-L1,N/A,N/A,HEL1OS-L1-PIPELINE
gticzt2.fits,.fits,0.01,2,HEL1OS,Aditya-L1,N/A,N/A,HEL1OS-L1-PIPELINE
gticdte1.fits,.fits,0.01,2,HEL1OS,Aditya-L1,N/A,N/A,HEL1OS-L1-PIPELINE
hel1os_czt_spectra_czt1.fits,.fits,12.44,2,HEL1OS,Aditya-L1,N/A,N/A,HEL1OS-L1-PIPELINE
hel1os_czt_spectra_czt2.fits,.fits,12.25,2,HEL1OS,Aditya-L1,N/A,N/A,HEL1OS-L1-PIPELINE
lightcurve_czt1.fits,.fits,9.82,6,HEL1OS,Aditya-L1,N/A,N/A,HEL1OS-L1-PIPELINE
lightcurve_czt2.fits,.fits,9.67,6,HEL1OS,Aditya-L1,N/A,N/A,HEL1OS-L1-PIPELINE
hel1os_cdte_spectra_cdte1.fits,.fits,18.6,2,HEL1OS,Aditya-L1,N/A,N/A,HEL1OS-L1-PIPELINE
lightcurve_cdte2.fits,.fits,9.81,6,HEL1OS,Aditya-L1,N/A,N/A,HEL1OS-L1-PIPELINE
lightcurve_cdte1.fits,.fits,9.79,6,HEL1OS,Aditya-L1,N/A,N/A,HEL1OS-L1-PIPELINE
hel1os_cdte_spectra_cdte2.fits,.fits,18.6,2,HEL1OS,Aditya-L1,N/A,N/A,HEL1OS-L1-PIPELINE
evt.fits,.fits,142.73,5,HEL1OS,Aditya-L1,N/A,N/A,HEL1OS-L1-PIPELINE
gticzt1.fits,.fits,0.01,2,HEL1OS,Aditya-L1,N/A,N/A,HEL1OS-L1-PIPELINE
hk.fits,.fits,2.46,2,HEL1OS,Aditya-L1,N/A,N/A,HEL1OS-L1-PIPELINE
gticdte2.fits,.fits,0.01,2,HEL1OS,Aditya-L1,N/A,N/A,HEL1OS-L1-PIPELINE
gticzt2.fits,.fits,0.01,2,HEL1OS,Aditya-L1,N/A,N/A,HEL1OS-L1-PIPELINE
gticdte1.fits,.fits,0.01,2,HEL1OS,Aditya-L1,N/A,N/A,HEL1OS-L1-PIPELINE
hel1os_czt_spectra_czt1.fits,.fits,1.42,2,HEL1OS,Aditya-L1,N/A,N/A,HEL1OS-L1-PIPELINE
hel1os_czt_spectra_czt2.fits,.fits,1.57,2,HEL1OS,Aditya-L1,N/A,N/A,HEL1OS-L1-PIPELINE
lightcurve_czt1.fits,.fits,1.14,6,HEL1OS,Aditya-L1,N/A,N/A,HEL1OS-L1-PIPELINE
lightcurve_czt2.fits,.fits,1.27,6,HEL1OS,Aditya-L1,N/A,N/A,HEL1OS-L1-PIPELINE
hel1os_cdte_spectra_cdte1.fits,.fits,2.49,2,HEL1OS,Aditya-L1,N/A,N/A,HEL1OS-L1-PIPELINE
lightcurve_cdte2.fits,.fits,1.33,6,HEL1OS,Aditya-L1,N/A,N/A,HEL1OS-L1-PIPELINE
lightcurve_cdte1.fits,.fits,1.31,6,HEL1OS,Aditya-L1,N/A,N/A,HEL1OS-L1-PIPELINE
hel1os_cdte_spectra_cdte2.fits,.fits,2.49,2,HEL1OS,Aditya-L1,N/A,N/A,HEL1OS-L1-PIPELINE
evt.fits,.fits,20.54,5,HEL1OS,Aditya-L1,N/A,N/A,HEL1OS-L1-PIPELINE
gticzt1.fits,.fits,0.01,2,HEL1OS,Aditya-L1,N/A,N/A,HEL1OS-L1-PIPELINE
hk.fits,.fits,0.37,2,HEL1OS,Aditya-L1,N/A,N/A,HEL1OS-L1-PIPELINE
gticdte2.fits,.fits,0.01,2,HEL1OS,Aditya-L1,N/A,N/A,HEL1OS-L1-PIPELINE
gticzt2.fits,.fits,0.01,2,HEL1OS,Aditya-L1,N/A,N/A,HEL1OS-L1-PIPELINE
gticdte1.fits,.fits,0.01,2,HEL1OS,Aditya-L1,N/A,N/A,HEL1OS-L1-PIPELINE
hel1os_czt_spectra_czt1.fits,.fits,9.18,2,HEL1OS,Aditya-L1,N/A,N/A,HEL1OS-L1-PIPELINE
hel1os_czt_spectra_czt2.fits,.fits,9.18,2,HEL1OS,Aditya-L1,N/A,N/A,HEL1OS-L1-PIPELINE
lightcurve_czt1.fits,.fits,7.25,6,HEL1OS,Aditya-L1,N/A,N/A,HEL1OS-L1-PIPELINE
lightcurve_czt2.fits,.fits,7.25,6,HEL1OS,Aditya-L1,N/A,N/A,HEL1OS-L1-PIPELINE
hel1os_cdte_spectra_cdte1.fits,.fits,13.74,2,HEL1OS,Aditya-L1,N/A,N/A,HEL1OS-L1-PIPELINE
lightcurve_cdte2.fits,.fits,7.25,6,HEL1OS,Aditya-L1,N/A,N/A,HEL1OS-L1-PIPELINE
lightcurve_cdte1.fits,.fits,7.25,6,HEL1OS,Aditya-L1,N/A,N/A,HEL1OS-L1-PIPELINE
hel1os_cdte_spectra_cdte2.fits,.fits,13.74,2,HEL1OS,Aditya-L1,N/A,N/A,HEL1OS-L1-PIPELINE
evt.fits,.fits,93.24,5,HEL1OS,Aditya-L1,N/A,N/A,HEL1OS-L1-PIPELINE
gticzt1.fits,.fits,0.01,2,HEL1OS,Aditya-L1,N/A,N/A,HEL1OS-L1-PIPELINE
hk.fits,.fits,1.71,2,HEL1OS,Aditya-L1,N/A,N/A,HEL1OS-L1-PIPELINE
gticdte2.fits,.fits,0.01,2,HEL1OS,Aditya-L1,N/A,N/A,HEL1OS-L1-PIPELINE
gticzt2.fits,.fits,0.01,2,HEL1OS,Aditya-L1,N/A,N/A,HEL1OS-L1-PIPELINE
gticdte1.fits,.fits,0.01,2,HEL1OS,Aditya-L1,N/A,N/A,HEL1OS-L1-PIPELINE
hel1os_czt_spectra_czt1.fits,.fits,4.93,2,HEL1OS,Aditya-L1,N/A,N/A,HEL1OS-L1-PIPELINE
hel1os_czt_spectra_czt2.fits,.fits,4.93,2,HEL1OS,Aditya-L1,N/A,N/A,HEL1OS-L1-PIPELINE
lightcurve_czt1.fits,.fits,3.9,6,HEL1OS,Aditya-L1,N/A,N/A,HEL1OS-L1-PIPELINE
lightcurve_czt2.fits,.fits,3.9,6,HEL1OS,Aditya-L1,N/A,N/A,HEL1OS-L1-PIPELINE
hel1os_cdte_spectra_cdte1.fits,.fits,7.36,2,HEL1OS,Aditya-L1,N/A,N/A,HEL1OS-L1-PIPELINE
lightcurve_cdte2.fits,.fits,3.89,6,HEL1OS,Aditya-L1,N/A,N/A,HEL1OS-L1-PIPELINE
lightcurve_cdte1.fits,.fits,3.89,6,HEL1OS,Aditya-L1,N/A,N/A,HEL1OS-L1-PIPELINE
hel1os_cdte_spectra_cdte2.fits,.fits,7.37,2,HEL1OS,Aditya-L1,N/A,N/A,HEL1OS-L1-PIPELINE
evt.fits,.fits,56.56,5,HEL1OS,Aditya-L1,N/A,N/A,HEL1OS-L1-PIPELINE
gticzt1.fits,.fits,0.01,2,HEL1OS,Aditya-L1,N/A,N/A,HEL1OS-L1-PIPELINE
hk.fits,.fits,0.97,2,HEL1OS,Aditya-L1,N/A,N/A,HEL1OS-L1-PIPELINE
gticdte2.fits,.fits,0.01,2,HEL1OS,Aditya-L1,N/A,N/A,HEL1OS-L1-PIPELINE
gticzt2.fits,.fits,0.01,2,HEL1OS,Aditya-L1,N/A,N/A,HEL1OS-L1-PIPELINE
gticdte1.fits,.fits,0.01,2,HEL1OS,Aditya-L1,N/A,N/A,HEL1OS-L1-PIPELINE
hel1os_czt_spectra_czt1.fits,.fits,1.67,2,HEL1OS,Aditya-L1,N/A,N/A,HEL1OS-L1-PIPELINE
hel1os_czt_spectra_czt2.fits,.fits,1.57,2,HEL1OS,Aditya-L1,N/A,N/A,HEL1OS-L1-PIPELINE
lightcurve_czt1.fits,.fits,1.33,6,HEL1OS,Aditya-L1,N/A,N/A,HEL1OS-L1-PIPELINE
lightcurve_czt2.fits,.fits,1.27,6,HEL1OS,Aditya-L1,N/A,N/A,HEL1OS-L1-PIPELINE
hel1os_cdte_spectra_cdte1.fits,.fits,2.49,2,HEL1OS,Aditya-L1,N/A,N/A,HEL1OS-L1-PIPELINE
lightcurve_cdte2.fits,.fits,1.33,6,HEL1OS,Aditya-L1,N/A,N/A,HEL1OS-L1-PIPELINE
lightcurve_cdte1.fits,.fits,1.33,6,HEL1OS,Aditya-L1,N/A,N/A,HEL1OS-L1-PIPELINE
hel1os_cdte_spectra_cdte2.fits,.fits,2.49,2,HEL1OS,Aditya-L1,N/A,N/A,HEL1OS-L1-PIPELINE
evt.fits,.fits,14.73,5,HEL1OS,Aditya-L1,N/A,N/A,HEL1OS-L1-PIPELINE
gticzt1.fits,.fits,0.01,2,HEL1OS,Aditya-L1,N/A,N/A,HEL1OS-L1-PIPELINE
hk.fits,.fits,0.31,2,HEL1OS,Aditya-L1,N/A,N/A,HEL1OS-L1-PIPELINE
gticdte2.fits,.fits,0.01,2,HEL1OS,Aditya-L1,N/A,N/A,HEL1OS-L1-PIPELINE
gticzt2.fits,.fits,0.01,2,HEL1OS,Aditya-L1,N/A,N/A,HEL1OS-L1-PIPELINE
gticdte1.fits,.fits,0.01,2,HEL1OS,Aditya-L1,N/A,N/A,HEL1OS-L1-PIPELINE
hel1os_czt_spectra_czt1.fits,.fits,14.12,2,HEL1OS,Aditya-L1,N/A,N/A,HEL1OS-L1-PIPELINE
hel1os_czt_spectra_czt2.fits,.fits,14.12,2,HEL1OS,Aditya-L1,N/A,N/A,HEL1OS-L1-PIPELINE
lightcurve_czt1.fits,.fits,11.14,6,HEL1OS,Aditya-L1,N/A,N/A,HEL1OS-L1-PIPELINE
lightcurve_czt2.fits,.fits,11.14,6,HEL1OS,Aditya-L1,N/A,N/A,HEL1OS-L1-PIPELINE
hel1os_cdte_spectra_cdte1.fits,.fits,21.11,2,HEL1OS,Aditya-L1,N/A,N/A,HEL1OS-L1-PIPELINE
lightcurve_cdte2.fits,.fits,11.14,6,HEL1OS,Aditya-L1,N/A,N/A,HEL1OS-L1-PIPELINE
lightcurve_cdte1.fits,.fits,11.11,6,HEL1OS,Aditya-L1,N/A,N/A,HEL1OS-L1-PIPELINE
hel1os_cdte_spectra_cdte2.fits,.fits,21.11,2,HEL1OS,Aditya-L1,N/A,N/A,HEL1OS-L1-PIPELINE
evt.fits,.fits,128.12,5,HEL1OS,Aditya-L1,N/A,N/A,HEL1OS-L1-PIPELINE
gticzt1.fits,.fits,0.01,2,HEL1OS,Aditya-L1,N/A,N/A,HEL1OS-L1-PIPELINE
hk.fits,.fits,2.44,2,HEL1OS,Aditya-L1,N/A,N/A,HEL1OS-L1-PIPELINE
gticdte2.fits,.fits,0.01,2,HEL1OS,Aditya-L1,N/A,N/A,HEL1OS-L1-PIPELINE
gticzt2.fits,.fits,0.01,2,HEL1OS,Aditya-L1,N/A,N/A,HEL1OS-L1-PIPELINE
gticdte1.fits,.fits,0.01,2,HEL1OS,Aditya-L1,N/A,N/A,HEL1OS-L1-PIPELINE
hel1os_czt_spectra_czt1.fits,.fits,12.44,2,HEL1OS,Aditya-L1,N/A,N/A,HEL1OS-L1-PIPELINE
hel1os_czt_spectra_czt2.fits,.fits,12.25,2,HEL1OS,Aditya-L1,N/A,N/A,HEL1OS-L1-PIPELINE
lightcurve_czt1.fits,.fits,9.82,6,HEL1OS,Aditya-L1,N/A,N/A,HEL1OS-L1-PIPELINE
lightcurve_czt2.fits,.fits,9.67,6,HEL1OS,Aditya-L1,N/A,N/A,HEL1OS-L1-PIPELINE
hel1os_cdte_spectra_cdte1.fits,.fits,18.61,2,HEL1OS,Aditya-L1,N/A,N/A,HEL1OS-L1-PIPELINE
lightcurve_cdte2.fits,.fits,9.81,6,HEL1OS,Aditya-L1,N/A,N/A,HEL1OS-L1-PIPELINE
lightcurve_cdte1.fits,.fits,9.81,6,HEL1OS,Aditya-L1,N/A,N/A,HEL1OS-L1-PIPELINE
hel1os_cdte_spectra_cdte2.fits,.fits,18.6,2,HEL1OS,Aditya-L1,N/A,N/A,HEL1OS-L1-PIPELINE
evt.fits,.fits,141.98,5,HEL1OS,Aditya-L1,N/A,N/A,HEL1OS-L1-PIPELINE
gticzt1.fits,.fits,0.01,2,HEL1OS,Aditya-L1,N/A,N/A,HEL1OS-L1-PIPELINE
hk.fits,.fits,2.44,2,HEL1OS,Aditya-L1,N/A,N/A,HEL1OS-L1-PIPELINE
gticdte2.fits,.fits,0.01,2,HEL1OS,Aditya-L1,N/A,N/A,HEL1OS-L1-PIPELINE
gticzt2.fits,.fits,0.01,2,HEL1OS,Aditya-L1,N/A,N/A,HEL1OS-L1-PIPELINE
gticdte1.fits,.fits,0.01,2,HEL1OS,Aditya-L1,N/A,N/A,HEL1OS-L1-PIPELINE
hel1os_czt_spectra_czt1.fits,.fits,14.12,2,HEL1OS,Aditya-L1,N/A,N/A,HEL1OS-L1-PIPELINE
hel1os_czt_spectra_czt2.fits,.fits,14.12,2,HEL1OS,Aditya-L1,N/A,N/A,HEL1OS-L1-PIPELINE
lightcurve_czt1.fits,.fits,11.14,6,HEL1OS,Aditya-L1,N/A,N/A,HEL1OS-L1-PIPELINE
lightcurve_czt2.fits,.fits,11.14,6,HEL1OS,Aditya-L1,N/A,N/A,HEL1OS-L1-PIPELINE
hel1os_cdte_spectra_cdte1.fits,.fits,21.11,2,HEL1OS,Aditya-L1,N/A,N/A,HEL1OS-L1-PIPELINE
lightcurve_cdte2.fits,.fits,11.13,6,HEL1OS,Aditya-L1,N/A,N/A,HEL1OS-L1-PIPELINE
lightcurve_cdte1.fits,.fits,11.12,6,HEL1OS,Aditya-L1,N/A,N/A,HEL1OS-L1-PIPELINE
hel1os_cdte_spectra_cdte2.fits,.fits,21.11,2,HEL1OS,Aditya-L1,N/A,N/A,HEL1OS-L1-PIPELINE
evt.fits,.fits,108.97,5,HEL1OS,Aditya-L1,N/A,N/A,HEL1OS-L1-PIPELINE
gticzt1.fits,.fits,0.01,2,HEL1OS,Aditya-L1,N/A,N/A,HEL1OS-L1-PIPELINE
hk.fits,.fits,2.34,2,HEL1OS,Aditya-L1,N/A,N/A,HEL1OS-L1-PIPELINE
gticdte2.fits,.fits,0.01,2,HEL1OS,Aditya-L1,N/A,N/A,HEL1OS-L1-PIPELINE
gticzt2.fits,.fits,0.01,2,HEL1OS,Aditya-L1,N/A,N/A,HEL1OS-L1-PIPELINE
gticdte1.fits,.fits,0.01,2,HEL1OS,Aditya-L1,N/A,N/A,HEL1OS-L1-PIPELINE
hel1os_czt_spectra_czt1.fits,.fits,14.32,2,HEL1OS,Aditya-L1,N/A,N/A,HEL1OS-L1-PIPELINE
hel1os_czt_spectra_czt2.fits,.fits,14.13,2,HEL1OS,Aditya-L1,N/A,N/A,HEL1OS-L1-PIPELINE
lightcurve_czt1.fits,.fits,11.29,6,HEL1OS,Aditya-L1,N/A,N/A,HEL1OS-L1-PIPELINE
lightcurve_czt2.fits,.fits,11.15,6,HEL1OS,Aditya-L1,N/A,N/A,HEL1OS-L1-PIPELINE
hel1os_cdte_spectra_cdte1.fits,.fits,21.4,2,HEL1OS,Aditya-L1,N/A,N/A,HEL1OS-L1-PIPELINE
lightcurve_cdte2.fits,.fits,11.29,6,HEL1OS,Aditya-L1,N/A,N/A,HEL1OS-L1-PIPELINE
lightcurve_cdte1.fits,.fits,11.29,6,HEL1OS,Aditya-L1,N/A,N/A,HEL1OS-L1-PIPELINE
hel1os_cdte_spectra_cdte2.fits,.fits,21.42,2,HEL1OS,Aditya-L1,N/A,N/A,HEL1OS-L1-PIPELINE
evt.fits,.fits,126.82,5,HEL1OS,Aditya-L1,N/A,N/A,HEL1OS-L1-PIPELINE
gticzt1.fits,.fits,0.01,2,HEL1OS,Aditya-L1,N/A,N/A,HEL1OS-L1-PIPELINE
hk.fits,.fits,2.45,2,HEL1OS,Aditya-L1,N/A,N/A,HEL1OS-L1-PIPELINE
gticdte2.fits,.fits,0.01,2,HEL1OS,Aditya-L1,N/A,N/A,HEL1OS-L1-PIPELINE
gticzt2.fits,.fits,0.01,2,HEL1OS,Aditya-L1,N/A,N/A,HEL1OS-L1-PIPELINE
gticdte1.fits,.fits,0.01,2,HEL1OS,Aditya-L1,N/A,N/A,HEL1OS-L1-PIPELINE
hel1os_czt_spectra_czt1.fits,.fits,2.8,2,HEL1OS,Aditya-L1,N/A,N/A,HEL1OS-L1-PIPELINE
hel1os_czt_spectra_czt2.fits,.fits,2.87,2,HEL1OS,Aditya-L1,N/A,N/A,HEL1OS-L1-PIPELINE
lightcurve_czt1.fits,.fits,2.23,6,HEL1OS,Aditya-L1,N/A,N/A,HEL1OS-L1-PIPELINE
lightcurve_czt2.fits,.fits,2.28,6,HEL1OS,Aditya-L1,N/A,N/A,HEL1OS-L1-PIPELINE
hel1os_cdte_spectra_cdte1.fits,.fits,4.58,2,HEL1OS,Aditya-L1,N/A,N/A,HEL1OS-L1-PIPELINE
lightcurve_cdte2.fits,.fits,2.43,6,HEL1OS,Aditya-L1,N/A,N/A,HEL1OS-L1-PIPELINE
lightcurve_cdte1.fits,.fits,2.39,6,HEL1OS,Aditya-L1,N/A,N/A,HEL1OS-L1-PIPELINE
hel1os_cdte_spectra_cdte2.fits,.fits,4.58,2,HEL1OS,Aditya-L1,N/A,N/A,HEL1OS-L1-PIPELINE
evt.fits,.fits,24.69,5,HEL1OS,Aditya-L1,N/A,N/A,HEL1OS-L1-PIPELINE
gticzt1.fits,.fits,0.01,2,HEL1OS,Aditya-L1,N/A,N/A,HEL1OS-L1-PIPELINE
hk.fits,.fits,0.51,2,HEL1OS,Aditya-L1,N/A,N/A,HEL1OS-L1-PIPELINE
gticdte2.fits,.fits,0.01,2,HEL1OS,Aditya-L1,N/A,N/A,HEL1OS-L1-PIPELINE
gticzt2.fits,.fits,0.01,2,HEL1OS,Aditya-L1,N/A,N/A,HEL1OS-L1-PIPELINE
gticdte1.fits,.fits,0.01,2,HEL1OS,Aditya-L1,N/A,N/A,HEL1OS-L1-PIPELINE
hel1os_czt_spectra_czt1.fits,.fits,5.1,2,HEL1OS,Aditya-L1,N/A,N/A,HEL1OS-L1-PIPELINE
hel1os_czt_spectra_czt2.fits,.fits,4.91,2,HEL1OS,Aditya-L1,N/A,N/A,HEL1OS-L1-PIPELINE
lightcurve_czt1.fits,.fits,4.04,6,HEL1OS,Aditya-L1,N/A,N/A,HEL1OS-L1-PIPELINE
lightcurve_czt2.fits,.fits,3.89,6,HEL1OS,Aditya-L1,N/A,N/A,HEL1OS-L1-PIPELINE
hel1os_cdte_spectra_cdte1.fits,.fits,7.63,2,HEL1OS,Aditya-L1,N/A,N/A,HEL1OS-L1-PIPELINE
lightcurve_cdte2.fits,.fits,4.03,6,HEL1OS,Aditya-L1,N/A,N/A,HEL1OS-L1-PIPELINE
lightcurve_cdte1.fits,.fits,4.03,6,HEL1OS,Aditya-L1,N/A,N/A,HEL1OS-L1-PIPELINE
hel1os_cdte_spectra_cdte2.fits,.fits,7.63,2,HEL1OS,Aditya-L1,N/A,N/A,HEL1OS-L1-PIPELINE
evt.fits,.fits,70.21,5,HEL1OS,Aditya-L1,N/A,N/A,HEL1OS-L1-PIPELINE
gticzt1.fits,.fits,0.01,2,HEL1OS,Aditya-L1,N/A,N/A,HEL1OS-L1-PIPELINE
hk.fits,.fits,1.05,2,HEL1OS,Aditya-L1,N/A,N/A,HEL1OS-L1-PIPELINE
gticdte2.fits,.fits,0.01,2,HEL1OS,Aditya-L1,N/A,N/A,HEL1OS-L1-PIPELINE
gticzt2.fits,.fits,0.01,2,HEL1OS,Aditya-L1,N/A,N/A,HEL1OS-L1-PIPELINE
gticdte1.fits,.fits,0.01,2,HEL1OS,Aditya-L1,N/A,N/A,HEL1OS-L1-PIPELINE
hel1os_czt_spectra_czt1.fits,.fits,1.9,2,HEL1OS,Aditya-L1,N/A,N/A,HEL1OS-L1-PIPELINE
hel1os_czt_spectra_czt2.fits,.fits,1.67,2,HEL1OS,Aditya-L1,N/A,N/A,HEL1OS-L1-PIPELINE
lightcurve_czt1.fits,.fits,1.51,6,HEL1OS,Aditya-L1,N/A,N/A,HEL1OS-L1-PIPELINE
lightcurve_czt2.fits,.fits,1.33,6,HEL1OS,Aditya-L1,N/A,N/A,HEL1OS-L1-PIPELINE
hel1os_cdte_spectra_cdte1.fits,.fits,2.83,2,HEL1OS,Aditya-L1,N/A,N/A,HEL1OS-L1-PIPELINE
lightcurve_cdte2.fits,.fits,1.49,6,HEL1OS,Aditya-L1,N/A,N/A,HEL1OS-L1-PIPELINE
lightcurve_cdte1.fits,.fits,1.48,6,HEL1OS,Aditya-L1,N/A,N/A,HEL1OS-L1-PIPELINE
hel1os_cdte_spectra_cdte2.fits,.fits,2.84,2,HEL1OS,Aditya-L1,N/A,N/A,HEL1OS-L1-PIPELINE
evt.fits,.fits,9.61,5,HEL1OS,Aditya-L1,N/A,N/A,HEL1OS-L1-PIPELINE
gticzt1.fits,.fits,0.01,2,HEL1OS,Aditya-L1,N/A,N/A,HEL1OS-L1-PIPELINE
hk.fits,.fits,0.26,2,HEL1OS,Aditya-L1,N/A,N/A,HEL1OS-L1-PIPELINE
gticdte2.fits,.fits,0.01,2,HEL1OS,Aditya-L1,N/A,N/A,HEL1OS-L1-PIPELINE
gticzt2.fits,.fits,0.01,2,HEL1OS,Aditya-L1,N/A,N/A,HEL1OS-L1-PIPELINE
gticdte1.fits,.fits,0.01,2,HEL1OS,Aditya-L1,N/A,N/A,HEL1OS-L1-PIPELINE
hel1os_czt_spectra_czt1.fits,.fits,9.21,2,HEL1OS,Aditya-L1,N/A,N/A,HEL1OS-L1-PIPELINE
hel1os_czt_spectra_czt2.fits,.fits,9.21,2,HEL1OS,Aditya-L1,N/A,N/A,HEL1OS-L1-PIPELINE
lightcurve_czt1.fits,.fits,7.28,6,HEL1OS,Aditya-L1,N/A,N/A,HEL1OS-L1-PIPELINE
lightcurve_czt2.fits,.fits,7.28,6,HEL1OS,Aditya-L1,N/A,N/A,HEL1OS-L1-PIPELINE
hel1os_cdte_spectra_cdte1.fits,.fits,13.77,2,HEL1OS,Aditya-L1,N/A,N/A,HEL1OS-L1-PIPELINE
lightcurve_cdte2.fits,.fits,7.27,6,HEL1OS,Aditya-L1,N/A,N/A,HEL1OS-L1-PIPELINE
lightcurve_cdte1.fits,.fits,7.27,6,HEL1OS,Aditya-L1,N/A,N/A,HEL1OS-L1-PIPELINE
hel1os_cdte_spectra_cdte2.fits,.fits,13.77,2,HEL1OS,Aditya-L1,N/A,N/A,HEL1OS-L1-PIPELINE
evt.fits,.fits,93.63,5,HEL1OS,Aditya-L1,N/A,N/A,HEL1OS-L1-PIPELINE
gticzt1.fits,.fits,0.01,2,HEL1OS,Aditya-L1,N/A,N/A,HEL1OS-L1-PIPELINE
hk.fits,.fits,1.68,2,HEL1OS,Aditya-L1,N/A,N/A,HEL1OS-L1-PIPELINE
gticdte2.fits,.fits,0.01,2,HEL1OS,Aditya-L1,N/A,N/A,HEL1OS-L1-PIPELINE
gticzt2.fits,.fits,0.01,2,HEL1OS,Aditya-L1,N/A,N/A,HEL1OS-L1-PIPELINE
gticdte1.fits,.fits,0.01,2,HEL1OS,Aditya-L1,N/A,N/A,HEL1OS-L1-PIPELINE
hel1os_czt_spectra_czt1.fits,.fits,12.44,2,HEL1OS,Aditya-L1,N/A,N/A,HEL1OS-L1-PIPELINE
hel1os_czt_spectra_czt2.fits,.fits,12.25,2,HEL1OS,Aditya-L1,N/A,N/A,HEL1OS-L1-PIPELINE
lightcurve_czt1.fits,.fits,9.82,6,HEL1OS,Aditya-L1,N/A,N/A,HEL1OS-L1-PIPELINE
lightcurve_czt2.fits,.fits,9.67,6,HEL1OS,Aditya-L1,N/A,N/A,HEL1OS-L1-PIPELINE
hel1os_cdte_spectra_cdte1.fits,.fits,18.61,2,HEL1OS,Aditya-L1,N/A,N/A,HEL1OS-L1-PIPELINE
lightcurve_cdte2.fits,.fits,9.81,6,HEL1OS,Aditya-L1,N/A,N/A,HEL1OS-L1-PIPELINE
lightcurve_cdte1.fits,.fits,9.79,6,HEL1OS,Aditya-L1,N/A,N/A,HEL1OS-L1-PIPELINE
hel1os_cdte_spectra_cdte2.fits,.fits,18.61,2,HEL1OS,Aditya-L1,N/A,N/A,HEL1OS-L1-PIPELINE
evt.fits,.fits,116.05,5,HEL1OS,Aditya-L1,N/A,N/A,HEL1OS-L1-PIPELINE
gticzt1.fits,.fits,0.01,2,HEL1OS,Aditya-L1,N/A,N/A,HEL1OS-L1-PIPELINE
hk.fits,.fits,2.2,2,HEL1OS,Aditya-L1,N/A,N/A,HEL1OS-L1-PIPELINE
gticdte2.fits,.fits,0.01,2,HEL1OS,Aditya-L1,N/A,N/A,HEL1OS-L1-PIPELINE
gticzt2.fits,.fits,0.01,2,HEL1OS,Aditya-L1,N/A,N/A,HEL1OS-L1-PIPELINE
gticdte1.fits,.fits,0.01,2,HEL1OS,Aditya-L1,N/A,N/A,HEL1OS-L1-PIPELINE
hel1os_czt_spectra_czt1.fits,.fits,5.67,2,HEL1OS,Aditya-L1,N/A,N/A,HEL1OS-L1-PIPELINE
hel1os_czt_spectra_czt2.fits,.fits,5.82,2,HEL1OS,Aditya-L1,N/A,N/A,HEL1OS-L1-PIPELINE
lightcurve_czt1.fits,.fits,4.49,6,HEL1OS,Aditya-L1,N/A,N/A,HEL1OS-L1-PIPELINE
lightcurve_czt2.fits,.fits,4.6,6,HEL1OS,Aditya-L1,N/A,N/A,HEL1OS-L1-PIPELINE
hel1os_cdte_spectra_cdte1.fits,.fits,8.84,2,HEL1OS,Aditya-L1,N/A,N/A,HEL1OS-L1-PIPELINE
lightcurve_cdte2.fits,.fits,4.68,6,HEL1OS,Aditya-L1,N/A,N/A,HEL1OS-L1-PIPELINE
lightcurve_cdte1.fits,.fits,4.65,6,HEL1OS,Aditya-L1,N/A,N/A,HEL1OS-L1-PIPELINE
hel1os_cdte_spectra_cdte2.fits,.fits,8.85,2,HEL1OS,Aditya-L1,N/A,N/A,HEL1OS-L1-PIPELINE
evt.fits,.fits,69.36,5,HEL1OS,Aditya-L1,N/A,N/A,HEL1OS-L1-PIPELINE
gticzt1.fits,.fits,0.01,2,HEL1OS,Aditya-L1,N/A,N/A,HEL1OS-L1-PIPELINE
hk.fits,.fits,1.2,2,HEL1OS,Aditya-L1,N/A,N/A,HEL1OS-L1-PIPELINE
gticdte2.fits,.fits,0.01,2,HEL1OS,Aditya-L1,N/A,N/A,HEL1OS-L1-PIPELINE
gticzt2.fits,.fits,0.01,2,HEL1OS,Aditya-L1,N/A,N/A,HEL1OS-L1-PIPELINE
gticdte1.fits,.fits,0.01,2,HEL1OS,Aditya-L1,N/A,N/A,HEL1OS-L1-PIPELINE
hel1os_czt_spectra_czt1.fits,.fits,14.08,2,HEL1OS,Aditya-L1,N/A,N/A,HEL1OS-L1-PIPELINE
hel1os_czt_spectra_czt2.fits,.fits,14.12,2,HEL1OS,Aditya-L1,N/A,N/A,HEL1OS-L1-PIPELINE
lightcurve_czt1.fits,.fits,11.11,6,HEL1OS,Aditya-L1,N/A,N/A,HEL1OS-L1-PIPELINE
lightcurve_czt2.fits,.fits,11.14,6,HEL1OS,Aditya-L1,N/A,N/A,HEL1OS-L1-PIPELINE
hel1os_cdte_spectra_cdte1.fits,.fits,21.1,2,HEL1OS,Aditya-L1,N/A,N/A,HEL1OS-L1-PIPELINE
lightcurve_cdte2.fits,.fits,11.13,6,HEL1OS,Aditya-L1,N/A,N/A,HEL1OS-L1-PIPELINE
lightcurve_cdte1.fits,.fits,11.13,6,HEL1OS,Aditya-L1,N/A,N/A,HEL1OS-L1-PIPELINE
hel1os_cdte_spectra_cdte2.fits,.fits,21.11,2,HEL1OS,Aditya-L1,N/A,N/A,HEL1OS-L1-PIPELINE
evt.fits,.fits,118.08,5,HEL1OS,Aditya-L1,N/A,N/A,HEL1OS-L1-PIPELINE
gticzt1.fits,.fits,0.01,2,HEL1OS,Aditya-L1,N/A,N/A,HEL1OS-L1-PIPELINE
hk.fits,.fits,2.41,2,HEL1OS,Aditya-L1,N/A,N/A,HEL1OS-L1-PIPELINE
gticdte2.fits,.fits,0.01,2,HEL1OS,Aditya-L1,N/A,N/A,HEL1OS-L1-PIPELINE
gticzt2.fits,.fits,0.01,2,HEL1OS,Aditya-L1,N/A,N/A,HEL1OS-L1-PIPELINE
gticdte1.fits,.fits,0.01,2,HEL1OS,Aditya-L1,N/A,N/A,HEL1OS-L1-PIPELINE
hel1os_czt_spectra_czt1.fits,.fits,4.72,2,HEL1OS,Aditya-L1,N/A,N/A,HEL1OS-L1-PIPELINE
hel1os_czt_spectra_czt2.fits,.fits,4.7,2,HEL1OS,Aditya-L1,N/A,N/A,HEL1OS-L1-PIPELINE
lightcurve_czt1.fits,.fits,3.74,6,HEL1OS,Aditya-L1,N/A,N/A,HEL1OS-L1-PIPELINE
lightcurve_czt2.fits,.fits,3.72,6,HEL1OS,Aditya-L1,N/A,N/A,HEL1OS-L1-PIPELINE
hel1os_cdte_spectra_cdte1.fits,.fits,7.05,2,HEL1OS,Aditya-L1,N/A,N/A,HEL1OS-L1-PIPELINE
lightcurve_cdte2.fits,.fits,3.74,6,HEL1OS,Aditya-L1,N/A,N/A,HEL1OS-L1-PIPELINE
lightcurve_cdte1.fits,.fits,3.74,6,HEL1OS,Aditya-L1,N/A,N/A,HEL1OS-L1-PIPELINE
hel1os_cdte_spectra_cdte2.fits,.fits,7.05,2,HEL1OS,Aditya-L1,N/A,N/A,HEL1OS-L1-PIPELINE
evt.fits,.fits,60.88,5,HEL1OS,Aditya-L1,N/A,N/A,HEL1OS-L1-PIPELINE
gticzt1.fits,.fits,0.01,2,HEL1OS,Aditya-L1,N/A,N/A,HEL1OS-L1-PIPELINE
hk.fits,.fits,1.01,2,HEL1OS,Aditya-L1,N/A,N/A,HEL1OS-L1-PIPELINE
gticdte2.fits,.fits,0.01,2,HEL1OS,Aditya-L1,N/A,N/A,HEL1OS-L1-PIPELINE
gticzt2.fits,.fits,0.01,2,HEL1OS,Aditya-L1,N/A,N/A,HEL1OS-L1-PIPELINE
gticdte1.fits,.fits,0.01,2,HEL1OS,Aditya-L1,N/A,N/A,HEL1OS-L1-PIPELINE
hel1os_czt_spectra_czt1.fits,.fits,9.19,2,HEL1OS,Aditya-L1,N/A,N/A,HEL1OS-L1-PIPELINE
hel1os_czt_spectra_czt2.fits,.fits,9.19,2,HEL1OS,Aditya-L1,N/A,N/A,HEL1OS-L1-PIPELINE
lightcurve_czt1.fits,.fits,7.27,6,HEL1OS,Aditya-L1,N/A,N/A,HEL1OS-L1-PIPELINE
lightcurve_czt2.fits,.fits,7.27,6,HEL1OS,Aditya-L1,N/A,N/A,HEL1OS-L1-PIPELINE
hel1os_cdte_spectra_cdte1.fits,.fits,13.74,2,HEL1OS,Aditya-L1,N/A,N/A,HEL1OS-L1-PIPELINE
lightcurve_cdte2.fits,.fits,7.25,6,HEL1OS,Aditya-L1,N/A,N/A,HEL1OS-L1-PIPELINE
lightcurve_cdte1.fits,.fits,7.25,6,HEL1OS,Aditya-L1,N/A,N/A,HEL1OS-L1-PIPELINE
hel1os_cdte_spectra_cdte2.fits,.fits,13.74,2,HEL1OS,Aditya-L1,N/A,N/A,HEL1OS-L1-PIPELINE
evt.fits,.fits,108.45,5,HEL1OS,Aditya-L1,N/A,N/A,HEL1OS-L1-PIPELINE
gticzt1.fits,.fits,0.01,2,HEL1OS,Aditya-L1,N/A,N/A,HEL1OS-L1-PIPELINE
hk.fits,.fits,1.85,2,HEL1OS,Aditya-L1,N/A,N/A,HEL1OS-L1-PIPELINE
gticdte2.fits,.fits,0.01,2,HEL1OS,Aditya-L1,N/A,N/A,HEL1OS-L1-PIPELINE
gticzt2.fits,.fits,0.01,2,HEL1OS,Aditya-L1,N/A,N/A,HEL1OS-L1-PIPELINE
gticdte1.fits,.fits,0.01,2,HEL1OS,Aditya-L1,N/A,N/A,HEL1OS-L1-PIPELINE
hel1os_czt_spectra_czt1.fits,.fits,12.99,2,HEL1OS,Aditya-L1,N/A,N/A,HEL1OS-L1-PIPELINE
hel1os_czt_spectra_czt2.fits,.fits,12.99,2,HEL1OS,Aditya-L1,N/A,N/A,HEL1OS-L1-PIPELINE
lightcurve_czt1.fits,.fits,10.26,6,HEL1OS,Aditya-L1,N/A,N/A,HEL1OS-L1-PIPELINE
lightcurve_czt2.fits,.fits,10.26,6,HEL1OS,Aditya-L1,N/A,N/A,HEL1OS-L1-PIPELINE
hel1os_cdte_spectra_cdte1.fits,.fits,19.43,2,HEL1OS,Aditya-L1,N/A,N/A,HEL1OS-L1-PIPELINE
lightcurve_cdte2.fits,.fits,10.25,6,HEL1OS,Aditya-L1,N/A,N/A,HEL1OS-L1-PIPELINE
lightcurve_cdte1.fits,.fits,10.24,6,HEL1OS,Aditya-L1,N/A,N/A,HEL1OS-L1-PIPELINE
hel1os_cdte_spectra_cdte2.fits,.fits,19.43,2,HEL1OS,Aditya-L1,N/A,N/A,HEL1OS-L1-PIPELINE
evt.fits,.fits,204.78,5,HEL1OS,Aditya-L1,N/A,N/A,HEL1OS-L1-PIPELINE
gticzt1.fits,.fits,0.01,2,HEL1OS,Aditya-L1,N/A,N/A,HEL1OS-L1-PIPELINE
hk.fits,.fits,2.92,2,HEL1OS,Aditya-L1,N/A,N/A,HEL1OS-L1-PIPELINE
gticdte2.fits,.fits,0.01,2,HEL1OS,Aditya-L1,N/A,N/A,HEL1OS-L1-PIPELINE
gticzt2.fits,.fits,0.01,2,HEL1OS,Aditya-L1,N/A,N/A,HEL1OS-L1-PIPELINE
gticdte1.fits,.fits,0.01,2,HEL1OS,Aditya-L1,N/A,N/A,HEL1OS-L1-PIPELINE
hel1os_czt_spectra_czt1.fits,.fits,9.17,2,HEL1OS,Aditya-L1,N/A,N/A,HEL1OS-L1-PIPELINE
hel1os_czt_spectra_czt2.fits,.fits,9.17,2,HEL1OS,Aditya-L1,N/A,N/A,HEL1OS-L1-PIPELINE
lightcurve_czt1.fits,.fits,7.24,6,HEL1OS,Aditya-L1,N/A,N/A,HEL1OS-L1-PIPELINE
lightcurve_czt2.fits,.fits,7.24,6,HEL1OS,Aditya-L1,N/A,N/A,HEL1OS-L1-PIPELINE
hel1os_cdte_spectra_cdte1.fits,.fits,13.72,2,HEL1OS,Aditya-L1,N/A,N/A,HEL1OS-L1-PIPELINE
lightcurve_cdte2.fits,.fits,7.24,6,HEL1OS,Aditya-L1,N/A,N/A,HEL1OS-L1-PIPELINE
lightcurve_cdte1.fits,.fits,7.23,6,HEL1OS,Aditya-L1,N/A,N/A,HEL1OS-L1-PIPELINE
hel1os_cdte_spectra_cdte2.fits,.fits,13.72,2,HEL1OS,Aditya-L1,N/A,N/A,HEL1OS-L1-PIPELINE
evt.fits,.fits,80.63,5,HEL1OS,Aditya-L1,N/A,N/A,HEL1OS-L1-PIPELINE
gticzt1.fits,.fits,0.01,2,HEL1OS,Aditya-L1,N/A,N/A,HEL1OS-L1-PIPELINE
hk.fits,.fits,1.59,2,HEL1OS,Aditya-L1,N/A,N/A,HEL1OS-L1-PIPELINE
gticdte2.fits,.fits,0.01,2,HEL1OS,Aditya-L1,N/A,N/A,HEL1OS-L1-PIPELINE
gticzt2.fits,.fits,0.01,2,HEL1OS,Aditya-L1,N/A,N/A,HEL1OS-L1-PIPELINE
gticdte1.fits,.fits,0.01,2,HEL1OS,Aditya-L1,N/A,N/A,HEL1OS-L1-PIPELINE
hel1os_czt_spectra_czt1.fits,.fits,5.25,2,HEL1OS,Aditya-L1,N/A,N/A,HEL1OS-L1-PIPELINE
hel1os_czt_spectra_czt2.fits,.fits,5.35,2,HEL1OS,Aditya-L1,N/A,N/A,HEL1OS-L1-PIPELINE
lightcurve_czt1.fits,.fits,4.16,6,HEL1OS,Aditya-L1,N/A,N/A,HEL1OS-L1-PIPELINE
lightcurve_czt2.fits,.fits,4.23,6,HEL1OS,Aditya-L1,N/A,N/A,HEL1OS-L1-PIPELINE
hel1os_cdte_spectra_cdte1.fits,.fits,8.26,2,HEL1OS,Aditya-L1,N/A,N/A,HEL1OS-L1-PIPELINE
lightcurve_cdte2.fits,.fits,4.36,6,HEL1OS,Aditya-L1,N/A,N/A,HEL1OS-L1-PIPELINE
lightcurve_cdte1.fits,.fits,4.37,6,HEL1OS,Aditya-L1,N/A,N/A,HEL1OS-L1-PIPELINE
hel1os_cdte_spectra_cdte2.fits,.fits,8.27,2,HEL1OS,Aditya-L1,N/A,N/A,HEL1OS-L1-PIPELINE
evt.fits,.fits,46.21,5,HEL1OS,Aditya-L1,N/A,N/A,HEL1OS-L1-PIPELINE
gticzt1.fits,.fits,0.01,2,HEL1OS,Aditya-L1,N/A,N/A,HEL1OS-L1-PIPELINE
hk.fits,.fits,0.88,2,HEL1OS,Aditya-L1,N/A,N/A,HEL1OS-L1-PIPELINE
gticdte2.fits,.fits,0.01,2,HEL1OS,Aditya-L1,N/A,N/A,HEL1OS-L1-PIPELINE
gticzt2.fits,.fits,0.01,2,HEL1OS,Aditya-L1,N/A,N/A,HEL1OS-L1-PIPELINE
gticdte1.fits,.fits,0.01,2,HEL1OS,Aditya-L1,N/A,N/A,HEL1OS-L1-PIPELINE
hel1os_czt_spectra_czt1.fits,.fits,9.13,2,HEL1OS,Aditya-L1,N/A,N/A,HEL1OS-L1-PIPELINE
hel1os_czt_spectra_czt2.fits,.fits,8.98,2,HEL1OS,Aditya-L1,N/A,N/A,HEL1OS-L1-PIPELINE
lightcurve_czt1.fits,.fits,7.21,6,HEL1OS,Aditya-L1,N/A,N/A,HEL1OS-L1-PIPELINE
lightcurve_czt2.fits,.fits,7.09,6,HEL1OS,Aditya-L1,N/A,N/A,HEL1OS-L1-PIPELINE
hel1os_cdte_spectra_cdte1.fits,.fits,13.69,2,HEL1OS,Aditya-L1,N/A,N/A,HEL1OS-L1-PIPELINE
lightcurve_cdte2.fits,.fits,7.23,6,HEL1OS,Aditya-L1,N/A,N/A,HEL1OS-L1-PIPELINE
lightcurve_cdte1.fits,.fits,7.22,6,HEL1OS,Aditya-L1,N/A,N/A,HEL1OS-L1-PIPELINE
hel1os_cdte_spectra_cdte2.fits,.fits,13.71,2,HEL1OS,Aditya-L1,N/A,N/A,HEL1OS-L1-PIPELINE
evt.fits,.fits,95.35,5,HEL1OS,Aditya-L1,N/A,N/A,HEL1OS-L1-PIPELINE
gticzt1.fits,.fits,0.01,2,HEL1OS,Aditya-L1,N/A,N/A,HEL1OS-L1-PIPELINE
hk.fits,.fits,1.76,2,HEL1OS,Aditya-L1,N/A,N/A,HEL1OS-L1-PIPELINE
gticdte2.fits,.fits,0.01,2,HEL1OS,Aditya-L1,N/A,N/A,HEL1OS-L1-PIPELINE
gticzt2.fits,.fits,0.01,2,HEL1OS,Aditya-L1,N/A,N/A,HEL1OS-L1-PIPELINE
gticdte1.fits,.fits,0.01,2,HEL1OS,Aditya-L1,N/A,N/A,HEL1OS-L1-PIPELINE
hel1os_czt_spectra_czt1.fits,.fits,12.44,2,HEL1OS,Aditya-L1,N/A,N/A,HEL1OS-L1-PIPELINE
hel1os_czt_spectra_czt2.fits,.fits,12.25,2,HEL1OS,Aditya-L1,N/A,N/A,HEL1OS-L1-PIPELINE
lightcurve_czt1.fits,.fits,9.82,6,HEL1OS,Aditya-L1,N/A,N/A,HEL1OS-L1-PIPELINE
lightcurve_czt2.fits,.fits,9.67,6,HEL1OS,Aditya-L1,N/A,N/A,HEL1OS-L1-PIPELINE
hel1os_cdte_spectra_cdte1.fits,.fits,18.6,2,HEL1OS,Aditya-L1,N/A,N/A,HEL1OS-L1-PIPELINE
lightcurve_cdte2.fits,.fits,9.81,6,HEL1OS,Aditya-L1,N/A,N/A,HEL1OS-L1-PIPELINE
lightcurve_cdte1.fits,.fits,9.78,6,HEL1OS,Aditya-L1,N/A,N/A,HEL1OS-L1-PIPELINE
hel1os_cdte_spectra_cdte2.fits,.fits,18.6,2,HEL1OS,Aditya-L1,N/A,N/A,HEL1OS-L1-PIPELINE
evt.fits,.fits,93.43,5,HEL1OS,Aditya-L1,N/A,N/A,HEL1OS-L1-PIPELINE
gticzt1.fits,.fits,0.01,2,HEL1OS,Aditya-L1,N/A,N/A,HEL1OS-L1-PIPELINE
hk.fits,.fits,2.07,2,HEL1OS,Aditya-L1,N/A,N/A,HEL1OS-L1-PIPELINE
gticdte2.fits,.fits,0.01,2,HEL1OS,Aditya-L1,N/A,N/A,HEL1OS-L1-PIPELINE
gticzt2.fits,.fits,0.01,2,HEL1OS,Aditya-L1,N/A,N/A,HEL1OS-L1-PIPELINE
gticdte1.fits,.fits,0.01,2,HEL1OS,Aditya-L1,N/A,N/A,HEL1OS-L1-PIPELINE
hel1os_czt_spectra_czt1.fits,.fits,12.61,2,HEL1OS,Aditya-L1,N/A,N/A,HEL1OS-L1-PIPELINE
hel1os_czt_spectra_czt2.fits,.fits,12.55,2,HEL1OS,Aditya-L1,N/A,N/A,HEL1OS-L1-PIPELINE
lightcurve_czt1.fits,.fits,9.95,6,HEL1OS,Aditya-L1,N/A,N/A,HEL1OS-L1-PIPELINE
lightcurve_czt2.fits,.fits,9.9,6,HEL1OS,Aditya-L1,N/A,N/A,HEL1OS-L1-PIPELINE
hel1os_cdte_spectra_cdte1.fits,.fits,18.86,2,HEL1OS,Aditya-L1,N/A,N/A,HEL1OS-L1-PIPELINE
lightcurve_cdte2.fits,.fits,9.94,6,HEL1OS,Aditya-L1,N/A,N/A,HEL1OS-L1-PIPELINE
lightcurve_cdte1.fits,.fits,9.92,6,HEL1OS,Aditya-L1,N/A,N/A,HEL1OS-L1-PIPELINE
hel1os_cdte_spectra_cdte2.fits,.fits,18.85,2,HEL1OS,Aditya-L1,N/A,N/A,HEL1OS-L1-PIPELINE
evt.fits,.fits,94.7,5,HEL1OS,Aditya-L1,N/A,N/A,HEL1OS-L1-PIPELINE
gticzt1.fits,.fits,0.01,2,HEL1OS,Aditya-L1,N/A,N/A,HEL1OS-L1-PIPELINE
hk.fits,.fits,2.07,2,HEL1OS,Aditya-L1,N/A,N/A,HEL1OS-L1-PIPELINE
gticdte2.fits,.fits,0.01,2,HEL1OS,Aditya-L1,N/A,N/A,HEL1OS-L1-PIPELINE
gticzt2.fits,.fits,0.01,2,HEL1OS,Aditya-L1,N/A,N/A,HEL1OS-L1-PIPELINE
gticdte1.fits,.fits,0.01,2,HEL1OS,Aditya-L1,N/A,N/A,HEL1OS-L1-PIPELINE
hel1os_czt_spectra_czt1.fits,.fits,12.44,2,HEL1OS,Aditya-L1,N/A,N/A,HEL1OS-L1-PIPELINE
hel1os_czt_spectra_czt2.fits,.fits,12.07,2,HEL1OS,Aditya-L1,N/A,N/A,HEL1OS-L1-PIPELINE
lightcurve_czt1.fits,.fits,9.82,6,HEL1OS,Aditya-L1,N/A,N/A,HEL1OS-L1-PIPELINE
lightcurve_czt2.fits,.fits,9.52,6,HEL1OS,Aditya-L1,N/A,N/A,HEL1OS-L1-PIPELINE
hel1os_cdte_spectra_cdte1.fits,.fits,18.61,2,HEL1OS,Aditya-L1,N/A,N/A,HEL1OS-L1-PIPELINE
lightcurve_cdte2.fits,.fits,9.81,6,HEL1OS,Aditya-L1,N/A,N/A,HEL1OS-L1-PIPELINE
lightcurve_cdte1.fits,.fits,9.8,6,HEL1OS,Aditya-L1,N/A,N/A,HEL1OS-L1-PIPELINE
hel1os_cdte_spectra_cdte2.fits,.fits,18.61,2,HEL1OS,Aditya-L1,N/A,N/A,HEL1OS-L1-PIPELINE
evt.fits,.fits,190.04,5,HEL1OS,Aditya-L1,N/A,N/A,HEL1OS-L1-PIPELINE
gticzt1.fits,.fits,0.01,2,HEL1OS,Aditya-L1,N/A,N/A,HEL1OS-L1-PIPELINE
hk.fits,.fits,2.76,2,HEL1OS,Aditya-L1,N/A,N/A,HEL1OS-L1-PIPELINE
gticdte2.fits,.fits,0.01,2,HEL1OS,Aditya-L1,N/A,N/A,HEL1OS-L1-PIPELINE
gticzt2.fits,.fits,0.01,2,HEL1OS,Aditya-L1,N/A,N/A,HEL1OS-L1-PIPELINE
gticdte1.fits,.fits,0.01,2,HEL1OS,Aditya-L1,N/A,N/A,HEL1OS-L1-PIPELINE
hel1os_czt_spectra_czt1.fits,.fits,14.08,2,HEL1OS,Aditya-L1,N/A,N/A,HEL1OS-L1-PIPELINE
hel1os_czt_spectra_czt2.fits,.fits,13.83,2,HEL1OS,Aditya-L1,N/A,N/A,HEL1OS-L1-PIPELINE
lightcurve_czt1.fits,.fits,11.11,6,HEL1OS,Aditya-L1,N/A,N/A,HEL1OS-L1-PIPELINE
lightcurve_czt2.fits,.fits,10.92,6,HEL1OS,Aditya-L1,N/A,N/A,HEL1OS-L1-PIPELINE
hel1os_cdte_spectra_cdte1.fits,.fits,21.12,2,HEL1OS,Aditya-L1,N/A,N/A,HEL1OS-L1-PIPELINE
lightcurve_cdte2.fits,.fits,11.13,6,HEL1OS,Aditya-L1,N/A,N/A,HEL1OS-L1-PIPELINE
lightcurve_cdte1.fits,.fits,11.11,6,HEL1OS,Aditya-L1,N/A,N/A,HEL1OS-L1-PIPELINE
hel1os_cdte_spectra_cdte2.fits,.fits,21.12,2,HEL1OS,Aditya-L1,N/A,N/A,HEL1OS-L1-PIPELINE
evt.fits,.fits,142.92,5,HEL1OS,Aditya-L1,N/A,N/A,HEL1OS-L1-PIPELINE
gticzt1.fits,.fits,0.01,2,HEL1OS,Aditya-L1,N/A,N/A,HEL1OS-L1-PIPELINE
hk.fits,.fits,2.64,2,HEL1OS,Aditya-L1,N/A,N/A,HEL1OS-L1-PIPELINE
gticdte2.fits,.fits,0.01,2,HEL1OS,Aditya-L1,N/A,N/A,HEL1OS-L1-PIPELINE
gticzt2.fits,.fits,0.01,2,HEL1OS,Aditya-L1,N/A,N/A,HEL1OS-L1-PIPELINE
gticdte1.fits,.fits,0.01,2,HEL1OS,Aditya-L1,N/A,N/A,HEL1OS-L1-PIPELINE
hel1os_czt_spectra_czt1.fits,.fits,1.9,2,HEL1OS,Aditya-L1,N/A,N/A,HEL1OS-L1-PIPELINE
hel1os_czt_spectra_czt2.fits,.fits,1.9,2,HEL1OS,Aditya-L1,N/A,N/A,HEL1OS-L1-PIPELINE
lightcurve_czt1.fits,.fits,1.51,6,HEL1OS,Aditya-L1,N/A,N/A,HEL1OS-L1-PIPELINE
lightcurve_czt2.fits,.fits,1.51,6,HEL1OS,Aditya-L1,N/A,N/A,HEL1OS-L1-PIPELINE
hel1os_cdte_spectra_cdte1.fits,.fits,2.84,2,HEL1OS,Aditya-L1,N/A,N/A,HEL1OS-L1-PIPELINE
lightcurve_cdte2.fits,.fits,1.49,6,HEL1OS,Aditya-L1,N/A,N/A,HEL1OS-L1-PIPELINE
lightcurve_cdte1.fits,.fits,1.47,6,HEL1OS,Aditya-L1,N/A,N/A,HEL1OS-L1-PIPELINE
hel1os_cdte_spectra_cdte2.fits,.fits,2.84,2,HEL1OS,Aditya-L1,N/A,N/A,HEL1OS-L1-PIPELINE
evt.fits,.fits,12.05,5,HEL1OS,Aditya-L1,N/A,N/A,HEL1OS-L1-PIPELINE
gticzt1.fits,.fits,0.01,2,HEL1OS,Aditya-L1,N/A,N/A,HEL1OS-L1-PIPELINE
hk.fits,.fits,0.27,2,HEL1OS,Aditya-L1,N/A,N/A,HEL1OS-L1-PIPELINE
gticdte2.fits,.fits,0.01,2,HEL1OS,Aditya-L1,N/A,N/A,HEL1OS-L1-PIPELINE
gticzt2.fits,.fits,0.01,2,HEL1OS,Aditya-L1,N/A,N/A,HEL1OS-L1-PIPELINE
gticdte1.fits,.fits,0.01,2,HEL1OS,Aditya-L1,N/A,N/A,HEL1OS-L1-PIPELINE
hel1os_czt_spectra_czt1.fits,.fits,1.12,2,HEL1OS,Aditya-L1,N/A,N/A,HEL1OS-L1-PIPELINE
hel1os_czt_spectra_czt2.fits,.fits,1.12,2,HEL1OS,Aditya-L1,N/A,N/A,HEL1OS-L1-PIPELINE
lightcurve_czt1.fits,.fits,0.91,6,HEL1OS,Aditya-L1,N/A,N/A,HEL1OS-L1-PIPELINE
lightcurve_czt2.fits,.fits,0.91,6,HEL1OS,Aditya-L1,N/A,N/A,HEL1OS-L1-PIPELINE
hel1os_cdte_spectra_cdte1.fits,.fits,1.67,2,HEL1OS,Aditya-L1,N/A,N/A,HEL1OS-L1-PIPELINE
lightcurve_cdte2.fits,.fits,0.9,6,HEL1OS,Aditya-L1,N/A,N/A,HEL1OS-L1-PIPELINE
lightcurve_cdte1.fits,.fits,0.89,6,HEL1OS,Aditya-L1,N/A,N/A,HEL1OS-L1-PIPELINE
hel1os_cdte_spectra_cdte2.fits,.fits,1.67,2,HEL1OS,Aditya-L1,N/A,N/A,HEL1OS-L1-PIPELINE
evt.fits,.fits,9.39,5,HEL1OS,Aditya-L1,N/A,N/A,HEL1OS-L1-PIPELINE
gticzt1.fits,.fits,0.01,2,HEL1OS,Aditya-L1,N/A,N/A,HEL1OS-L1-PIPELINE
hk.fits,.fits,0.21,2,HEL1OS,Aditya-L1,N/A,N/A,HEL1OS-L1-PIPELINE
gticdte2.fits,.fits,0.01,2,HEL1OS,Aditya-L1,N/A,N/A,HEL1OS-L1-PIPELINE
gticzt2.fits,.fits,0.01,2,HEL1OS,Aditya-L1,N/A,N/A,HEL1OS-L1-PIPELINE
gticdte1.fits,.fits,0.01,2,HEL1OS,Aditya-L1,N/A,N/A,HEL1OS-L1-PIPELINE
hel1os_czt_spectra_czt1.fits,.fits,9.76,2,HEL1OS,Aditya-L1,N/A,N/A,HEL1OS-L1-PIPELINE
hel1os_czt_spectra_czt2.fits,.fits,9.76,2,HEL1OS,Aditya-L1,N/A,N/A,HEL1OS-L1-PIPELINE
lightcurve_czt1.fits,.fits,7.71,6,HEL1OS,Aditya-L1,N/A,N/A,HEL1OS-L1-PIPELINE
lightcurve_czt2.fits,.fits,7.71,6,HEL1OS,Aditya-L1,N/A,N/A,HEL1OS-L1-PIPELINE
hel1os_cdte_spectra_cdte1.fits,.fits,14.59,2,HEL1OS,Aditya-L1,N/A,N/A,HEL1OS-L1-PIPELINE
lightcurve_cdte2.fits,.fits,7.69,6,HEL1OS,Aditya-L1,N/A,N/A,HEL1OS-L1-PIPELINE
lightcurve_cdte1.fits,.fits,7.69,6,HEL1OS,Aditya-L1,N/A,N/A,HEL1OS-L1-PIPELINE
hel1os_cdte_spectra_cdte2.fits,.fits,14.59,2,HEL1OS,Aditya-L1,N/A,N/A,HEL1OS-L1-PIPELINE
evt.fits,.fits,93.24,5,HEL1OS,Aditya-L1,N/A,N/A,HEL1OS-L1-PIPELINE
gticzt1.fits,.fits,0.01,2,HEL1OS,Aditya-L1,N/A,N/A,HEL1OS-L1-PIPELINE
hk.fits,.fits,1.71,2,HEL1OS,Aditya-L1,N/A,N/A,HEL1OS-L1-PIPELINE
gticdte2.fits,.fits,0.01,2,HEL1OS,Aditya-L1,N/A,N/A,HEL1OS-L1-PIPELINE
gticzt2.fits,.fits,0.01,2,HEL1OS,Aditya-L1,N/A,N/A,HEL1OS-L1-PIPELINE
gticdte1.fits,.fits,0.01,2,HEL1OS,Aditya-L1,N/A,N/A,HEL1OS-L1-PIPELINE
hel1os_czt_spectra_czt1.fits,.fits,12.44,2,HEL1OS,Aditya-L1,N/A,N/A,HEL1OS-L1-PIPELINE
hel1os_czt_spectra_czt2.fits,.fits,12.26,2,HEL1OS,Aditya-L1,N/A,N/A,HEL1OS-L1-PIPELINE
lightcurve_czt1.fits,.fits,9.82,6,HEL1OS,Aditya-L1,N/A,N/A,HEL1OS-L1-PIPELINE
lightcurve_czt2.fits,.fits,9.67,6,HEL1OS,Aditya-L1,N/A,N/A,HEL1OS-L1-PIPELINE
hel1os_cdte_spectra_cdte1.fits,.fits,18.61,2,HEL1OS,Aditya-L1,N/A,N/A,HEL1OS-L1-PIPELINE
lightcurve_cdte2.fits,.fits,9.81,6,HEL1OS,Aditya-L1,N/A,N/A,HEL1OS-L1-PIPELINE
lightcurve_cdte1.fits,.fits,9.81,6,HEL1OS,Aditya-L1,N/A,N/A,HEL1OS-L1-PIPELINE
hel1os_cdte_spectra_cdte2.fits,.fits,18.61,2,HEL1OS,Aditya-L1,N/A,N/A,HEL1OS-L1-PIPELINE
evt.fits,.fits,142.79,5,HEL1OS,Aditya-L1,N/A,N/A,HEL1OS-L1-PIPELINE
gticzt1.fits,.fits,0.01,2,HEL1OS,Aditya-L1,N/A,N/A,HEL1OS-L1-PIPELINE
hk.fits,.fits,2.46,2,HEL1OS,Aditya-L1,N/A,N/A,HEL1OS-L1-PIPELINE
gticdte2.fits,.fits,0.01,2,HEL1OS,Aditya-L1,N/A,N/A,HEL1OS-L1-PIPELINE
gticzt2.fits,.fits,0.01,2,HEL1OS,Aditya-L1,N/A,N/A,HEL1OS-L1-PIPELINE
gticdte1.fits,.fits,0.01,2,HEL1OS,Aditya-L1,N/A,N/A,HEL1OS-L1-PIPELINE
gticdte2.fits,.fits,0.01,2,HEL1OS,Aditya-L1,N/A,N/A,HEL1OS-L1-PIPELINE
gticdte1.fits,.fits,0.01,2,HEL1OS,Aditya-L1,N/A,N/A,HEL1OS-L1-PIPELINE
gticdte2.fits,.fits,0.01,2,HEL1OS,Aditya-L1,N/A,N/A,HEL1OS-L1-PIPELINE
gticdte1.fits,.fits,0.01,2,HEL1OS,Aditya-L1,N/A,N/A,HEL1OS-L1-PIPELINE
gticdte2.fits,.fits,0.01,2,HEL1OS,Aditya-L1,N/A,N/A,HEL1OS-L1-PIPELINE
gticdte1.fits,.fits,0.01,2,HEL1OS,Aditya-L1,N/A,N/A,HEL1OS-L1-PIPELINE
hk.fits,.fits,1.0,2,HEL1OS,Aditya-L1,N/A,N/A,HEL1OS-L1-PIPELINE
gticdte2.fits,.fits,0.01,2,HEL1OS,Aditya-L1,N/A,N/A,HEL1OS-L1-PIPELINE
gticdte1.fits,.fits,0.01,2,HEL1OS,Aditya-L1,N/A,N/A,HEL1OS-L1-PIPELINE
gticdte2.fits,.fits,0.01,2,HEL1OS,Aditya-L1,N/A,N/A,HEL1OS-L1-PIPELINE
gticdte1.fits,.fits,0.01,2,HEL1OS,Aditya-L1,N/A,N/A,HEL1OS-L1-PIPELINE
gticdte2.fits,.fits,0.01,2,HEL1OS,Aditya-L1,N/A,N/A,HEL1OS-L1-PIPELINE
gticdte1.fits,.fits,0.01,2,HEL1OS,Aditya-L1,N/A,N/A,HEL1OS-L1-PIPELINE
gticdte2.fits,.fits,0.01,2,HEL1OS,Aditya-L1,N/A,N/A,HEL1OS-L1-PIPELINE
gticdte1.fits,.fits,0.01,2,HEL1OS,Aditya-L1,N/A,N/A,HEL1OS-L1-PIPELINE
gticdte2.fits,.fits,0.01,2,HEL1OS,Aditya-L1,N/A,N/A,HEL1OS-L1-PIPELINE
gticdte1.fits,.fits,0.01,2,HEL1OS,Aditya-L1,N/A,N/A,HEL1OS-L1-PIPELINE
hk.fits,.fits,1.0,2,HEL1OS,Aditya-L1,N/A,N/A,HEL1OS-L1-PIPELINE
gticdte2.fits,.fits,0.01,2,HEL1OS,Aditya-L1,N/A,N/A,HEL1OS-L1-PIPELINE
gticdte1.fits,.fits,0.01,2,HEL1OS,Aditya-L1,N/A,N/A,HEL1OS-L1-PIPELINE
gticdte2.fits,.fits,0.01,2,HEL1OS,Aditya-L1,N/A,N/A,HEL1OS-L1-PIPELINE
gticdte1.fits,.fits,0.01,2,HEL1OS,Aditya-L1,N/A,N/A,HEL1OS-L1-PIPELINE
gticdte2.fits,.fits,0.01,2,HEL1OS,Aditya-L1,N/A,N/A,HEL1OS-L1-PIPELINE
gticdte1.fits,.fits,0.01,2,HEL1OS,Aditya-L1,N/A,N/A,HEL1OS-L1-PIPELINE
gticdte2.fits,.fits,0.01,2,HEL1OS,Aditya-L1,N/A,N/A,HEL1OS-L1-PIPELINE
gticdte1.fits,.fits,0.01,2,HEL1OS,Aditya-L1,N/A,N/A,HEL1OS-L1-PIPELINE
gticdte2.fits,.fits,0.01,2,HEL1OS,Aditya-L1,N/A,N/A,HEL1OS-L1-PIPELINE
gticdte1.fits,.fits,0.01,2,HEL1OS,Aditya-L1,N/A,N/A,HEL1OS-L1-PIPELINE
hel1os_czt_spectra_czt1.fits,.fits,10.3,2,HEL1OS,Aditya-L1,N/A,N/A,HEL1OS-L1-PIPELINE
hel1os_czt_spectra_czt2.fits,.fits,10.72,2,HEL1OS,Aditya-L1,N/A,N/A,HEL1OS-L1-PIPELINE
lightcurve_czt1.fits,.fits,8.13,6,HEL1OS,Aditya-L1,N/A,N/A,HEL1OS-L1-PIPELINE
lightcurve_czt2.fits,.fits,8.46,6,HEL1OS,Aditya-L1,N/A,N/A,HEL1OS-L1-PIPELINE
hel1os_cdte_spectra_cdte1.fits,.fits,16.17,2,HEL1OS,Aditya-L1,N/A,N/A,HEL1OS-L1-PIPELINE
lightcurve_cdte2.fits,.fits,8.53,6,HEL1OS,Aditya-L1,N/A,N/A,HEL1OS-L1-PIPELINE
lightcurve_cdte1.fits,.fits,8.53,6,HEL1OS,Aditya-L1,N/A,N/A,HEL1OS-L1-PIPELINE
hel1os_cdte_spectra_cdte2.fits,.fits,16.18,2,HEL1OS,Aditya-L1,N/A,N/A,HEL1OS-L1-PIPELINE
evt.fits,.fits,81.45,5,HEL1OS,Aditya-L1,N/A,N/A,HEL1OS-L1-PIPELINE
gticzt1.fits,.fits,0.01,2,HEL1OS,Aditya-L1,N/A,N/A,HEL1OS-L1-PIPELINE
hk.fits,.fits,1.8,2,HEL1OS,Aditya-L1,N/A,N/A,HEL1OS-L1-PIPELINE
gticdte2.fits,.fits,0.01,2,HEL1OS,Aditya-L1,N/A,N/A,HEL1OS-L1-PIPELINE
gticzt2.fits,.fits,0.01,2,HEL1OS,Aditya-L1,N/A,N/A,HEL1OS-L1-PIPELINE
gticdte1.fits,.fits,0.01,2,HEL1OS,Aditya-L1,N/A,N/A,HEL1OS-L1-PIPELINE
hel1os_czt_spectra_czt1.fits,.fits,10.74,2,HEL1OS,Aditya-L1,N/A,N/A,HEL1OS-L1-PIPELINE
hel1os_czt_spectra_czt2.fits,.fits,10.74,2,HEL1OS,Aditya-L1,N/A,N/A,HEL1OS-L1-PIPELINE
lightcurve_czt1.fits,.fits,8.48,6,HEL1OS,Aditya-L1,N/A,N/A,HEL1OS-L1-PIPELINE
lightcurve_czt2.fits,.fits,8.48,6,HEL1OS,Aditya-L1,N/A,N/A,HEL1OS-L1-PIPELINE
hel1os_cdte_spectra_cdte1.fits,.fits,16.05,2,HEL1OS,Aditya-L1,N/A,N/A,HEL1OS-L1-PIPELINE
lightcurve_cdte2.fits,.fits,8.47,6,HEL1OS,Aditya-L1,N/A,N/A,HEL1OS-L1-PIPELINE
lightcurve_cdte1.fits,.fits,8.46,6,HEL1OS,Aditya-L1,N/A,N/A,HEL1OS-L1-PIPELINE
hel1os_cdte_spectra_cdte2.fits,.fits,16.05,2,HEL1OS,Aditya-L1,N/A,N/A,HEL1OS-L1-PIPELINE
evt.fits,.fits,98.68,5,HEL1OS,Aditya-L1,N/A,N/A,HEL1OS-L1-PIPELINE
gticzt1.fits,.fits,0.01,2,HEL1OS,Aditya-L1,N/A,N/A,HEL1OS-L1-PIPELINE
hk.fits,.fits,1.84,2,HEL1OS,Aditya-L1,N/A,N/A,HEL1OS-L1-PIPELINE
gticdte2.fits,.fits,0.01,2,HEL1OS,Aditya-L1,N/A,N/A,HEL1OS-L1-PIPELINE
gticzt2.fits,.fits,0.01,2,HEL1OS,Aditya-L1,N/A,N/A,HEL1OS-L1-PIPELINE
gticdte1.fits,.fits,0.01,2,HEL1OS,Aditya-L1,N/A,N/A,HEL1OS-L1-PIPELINE
hel1os_czt_spectra_czt1.fits,.fits,7.78,2,HEL1OS,Aditya-L1,N/A,N/A,HEL1OS-L1-PIPELINE
hel1os_czt_spectra_czt2.fits,.fits,7.78,2,HEL1OS,Aditya-L1,N/A,N/A,HEL1OS-L1-PIPELINE
lightcurve_czt1.fits,.fits,6.16,6,HEL1OS,Aditya-L1,N/A,N/A,HEL1OS-L1-PIPELINE
lightcurve_czt2.fits,.fits,6.16,6,HEL1OS,Aditya-L1,N/A,N/A,HEL1OS-L1-PIPELINE
hel1os_cdte_spectra_cdte1.fits,.fits,11.63,2,HEL1OS,Aditya-L1,N/A,N/A,HEL1OS-L1-PIPELINE
lightcurve_cdte2.fits,.fits,6.14,6,HEL1OS,Aditya-L1,N/A,N/A,HEL1OS-L1-PIPELINE
lightcurve_cdte1.fits,.fits,6.14,6,HEL1OS,Aditya-L1,N/A,N/A,HEL1OS-L1-PIPELINE
hel1os_cdte_spectra_cdte2.fits,.fits,11.63,2,HEL1OS,Aditya-L1,N/A,N/A,HEL1OS-L1-PIPELINE
evt.fits,.fits,74.07,5,HEL1OS,Aditya-L1,N/A,N/A,HEL1OS-L1-PIPELINE
gticzt1.fits,.fits,0.01,2,HEL1OS,Aditya-L1,N/A,N/A,HEL1OS-L1-PIPELINE
hk.fits,.fits,1.37,2,HEL1OS,Aditya-L1,N/A,N/A,HEL1OS-L1-PIPELINE
gticdte2.fits,.fits,0.01,2,HEL1OS,Aditya-L1,N/A,N/A,HEL1OS-L1-PIPELINE
gticzt2.fits,.fits,0.01,2,HEL1OS,Aditya-L1,N/A,N/A,HEL1OS-L1-PIPELINE
gticdte1.fits,.fits,0.01,2,HEL1OS,Aditya-L1,N/A,N/A,HEL1OS-L1-PIPELINE
hel1os_czt_spectra_czt1.fits,.fits,6.7,2,HEL1OS,Aditya-L1,N/A,N/A,HEL1OS-L1-PIPELINE
hel1os_czt_spectra_czt2.fits,.fits,6.59,2,HEL1OS,Aditya-L1,N/A,N/A,HEL1OS-L1-PIPELINE
lightcurve_czt1.fits,.fits,5.3,6,HEL1OS,Aditya-L1,N/A,N/A,HEL1OS-L1-PIPELINE
lightcurve_czt2.fits,.fits,5.22,6,HEL1OS,Aditya-L1,N/A,N/A,HEL1OS-L1-PIPELINE
hel1os_cdte_spectra_cdte1.fits,.fits,10.02,2,HEL1OS,Aditya-L1,N/A,N/A,HEL1OS-L1-PIPELINE
lightcurve_cdte2.fits,.fits,5.29,6,HEL1OS,Aditya-L1,N/A,N/A,HEL1OS-L1-PIPELINE
lightcurve_cdte1.fits,.fits,5.3,6,HEL1OS,Aditya-L1,N/A,N/A,HEL1OS-L1-PIPELINE
hel1os_cdte_spectra_cdte2.fits,.fits,10.02,2,HEL1OS,Aditya-L1,N/A,N/A,HEL1OS-L1-PIPELINE
evt.fits,.fits,53.16,5,HEL1OS,Aditya-L1,N/A,N/A,HEL1OS-L1-PIPELINE
gticzt1.fits,.fits,0.01,2,HEL1OS,Aditya-L1,N/A,N/A,HEL1OS-L1-PIPELINE
hk.fits,.fits,1.13,2,HEL1OS,Aditya-L1,N/A,N/A,HEL1OS-L1-PIPELINE
gticdte2.fits,.fits,0.01,2,HEL1OS,Aditya-L1,N/A,N/A,HEL1OS-L1-PIPELINE
gticzt2.fits,.fits,0.01,2,HEL1OS,Aditya-L1,N/A,N/A,HEL1OS-L1-PIPELINE
gticdte1.fits,.fits,0.01,2,HEL1OS,Aditya-L1,N/A,N/A,HEL1OS-L1-PIPELINE
hel1os_czt_spectra_czt1.fits,.fits,14.12,2,HEL1OS,Aditya-L1,N/A,N/A,HEL1OS-L1-PIPELINE
hel1os_czt_spectra_czt2.fits,.fits,13.83,2,HEL1OS,Aditya-L1,N/A,N/A,HEL1OS-L1-PIPELINE
lightcurve_czt1.fits,.fits,11.14,6,HEL1OS,Aditya-L1,N/A,N/A,HEL1OS-L1-PIPELINE
lightcurve_czt2.fits,.fits,10.92,6,HEL1OS,Aditya-L1,N/A,N/A,HEL1OS-L1-PIPELINE
hel1os_cdte_spectra_cdte1.fits,.fits,21.12,2,HEL1OS,Aditya-L1,N/A,N/A,HEL1OS-L1-PIPELINE
lightcurve_cdte2.fits,.fits,11.13,6,HEL1OS,Aditya-L1,N/A,N/A,HEL1OS-L1-PIPELINE
lightcurve_cdte1.fits,.fits,11.13,6,HEL1OS,Aditya-L1,N/A,N/A,HEL1OS-L1-PIPELINE
hel1os_cdte_spectra_cdte2.fits,.fits,21.12,2,HEL1OS,Aditya-L1,N/A,N/A,HEL1OS-L1-PIPELINE
evt.fits,.fits,117.78,5,HEL1OS,Aditya-L1,N/A,N/A,HEL1OS-L1-PIPELINE
gticzt1.fits,.fits,0.01,2,HEL1OS,Aditya-L1,N/A,N/A,HEL1OS-L1-PIPELINE
hk.fits,.fits,2.37,2,HEL1OS,Aditya-L1,N/A,N/A,HEL1OS-L1-PIPELINE
gticdte2.fits,.fits,0.01,2,HEL1OS,Aditya-L1,N/A,N/A,HEL1OS-L1-PIPELINE
gticzt2.fits,.fits,0.01,2,HEL1OS,Aditya-L1,N/A,N/A,HEL1OS-L1-PIPELINE
gticdte1.fits,.fits,0.01,2,HEL1OS,Aditya-L1,N/A,N/A,HEL1OS-L1-PIPELINE
hel1os_czt_spectra_czt1.fits,.fits,6.23,2,HEL1OS,Aditya-L1,N/A,N/A,HEL1OS-L1-PIPELINE
hel1os_czt_spectra_czt2.fits,.fits,5.89,2,HEL1OS,Aditya-L1,N/A,N/A,HEL1OS-L1-PIPELINE
lightcurve_czt1.fits,.fits,4.93,6,HEL1OS,Aditya-L1,N/A,N/A,HEL1OS-L1-PIPELINE
lightcurve_czt2.fits,.fits,4.66,6,HEL1OS,Aditya-L1,N/A,N/A,HEL1OS-L1-PIPELINE
hel1os_cdte_spectra_cdte1.fits,.fits,9.32,2,HEL1OS,Aditya-L1,N/A,N/A,HEL1OS-L1-PIPELINE
lightcurve_cdte2.fits,.fits,4.93,6,HEL1OS,Aditya-L1,N/A,N/A,HEL1OS-L1-PIPELINE
lightcurve_cdte1.fits,.fits,4.92,6,HEL1OS,Aditya-L1,N/A,N/A,HEL1OS-L1-PIPELINE
hel1os_cdte_spectra_cdte2.fits,.fits,9.32,2,HEL1OS,Aditya-L1,N/A,N/A,HEL1OS-L1-PIPELINE
evt.fits,.fits,61.38,5,HEL1OS,Aditya-L1,N/A,N/A,HEL1OS-L1-PIPELINE
gticzt1.fits,.fits,0.01,2,HEL1OS,Aditya-L1,N/A,N/A,HEL1OS-L1-PIPELINE
hk.fits,.fits,1.12,2,HEL1OS,Aditya-L1,N/A,N/A,HEL1OS-L1-PIPELINE
gticdte2.fits,.fits,0.01,2,HEL1OS,Aditya-L1,N/A,N/A,HEL1OS-L1-PIPELINE
gticzt2.fits,.fits,0.01,2,HEL1OS,Aditya-L1,N/A,N/A,HEL1OS-L1-PIPELINE
gticdte1.fits,.fits,0.01,2,HEL1OS,Aditya-L1,N/A,N/A,HEL1OS-L1-PIPELINE
hel1os_czt_spectra_czt1.fits,.fits,9.32,2,HEL1OS,Aditya-L1,N/A,N/A,HEL1OS-L1-PIPELINE
hel1os_czt_spectra_czt2.fits,.fits,9.6,2,HEL1OS,Aditya-L1,N/A,N/A,HEL1OS-L1-PIPELINE
lightcurve_czt1.fits,.fits,7.36,6,HEL1OS,Aditya-L1,N/A,N/A,HEL1OS-L1-PIPELINE
lightcurve_czt2.fits,.fits,7.58,6,HEL1OS,Aditya-L1,N/A,N/A,HEL1OS-L1-PIPELINE
hel1os_cdte_spectra_cdte1.fits,.fits,14.35,2,HEL1OS,Aditya-L1,N/A,N/A,HEL1OS-L1-PIPELINE
lightcurve_cdte2.fits,.fits,7.58,6,HEL1OS,Aditya-L1,N/A,N/A,HEL1OS-L1-PIPELINE
lightcurve_cdte1.fits,.fits,7.56,6,HEL1OS,Aditya-L1,N/A,N/A,HEL1OS-L1-PIPELINE
hel1os_cdte_spectra_cdte2.fits,.fits,14.35,2,HEL1OS,Aditya-L1,N/A,N/A,HEL1OS-L1-PIPELINE
evt.fits,.fits,72.76,5,HEL1OS,Aditya-L1,N/A,N/A,HEL1OS-L1-PIPELINE
gticzt1.fits,.fits,0.01,2,HEL1OS,Aditya-L1,N/A,N/A,HEL1OS-L1-PIPELINE
hk.fits,.fits,1.6,2,HEL1OS,Aditya-L1,N/A,N/A,HEL1OS-L1-PIPELINE
gticdte2.fits,.fits,0.01,2,HEL1OS,Aditya-L1,N/A,N/A,HEL1OS-L1-PIPELINE
gticzt2.fits,.fits,0.01,2,HEL1OS,Aditya-L1,N/A,N/A,HEL1OS-L1-PIPELINE
gticdte1.fits,.fits,0.01,2,HEL1OS,Aditya-L1,N/A,N/A,HEL1OS-L1-PIPELINE
hel1os_czt_spectra_czt1.fits,.fits,7.4,2,HEL1OS,Aditya-L1,N/A,N/A,HEL1OS-L1-PIPELINE
hel1os_czt_spectra_czt2.fits,.fits,7.4,2,HEL1OS,Aditya-L1,N/A,N/A,HEL1OS-L1-PIPELINE
lightcurve_czt1.fits,.fits,5.85,6,HEL1OS,Aditya-L1,N/A,N/A,HEL1OS-L1-PIPELINE
lightcurve_czt2.fits,.fits,5.85,6,HEL1OS,Aditya-L1,N/A,N/A,HEL1OS-L1-PIPELINE
hel1os_cdte_spectra_cdte1.fits,.fits,11.06,2,HEL1OS,Aditya-L1,N/A,N/A,HEL1OS-L1-PIPELINE
lightcurve_cdte2.fits,.fits,5.85,6,HEL1OS,Aditya-L1,N/A,N/A,HEL1OS-L1-PIPELINE
lightcurve_cdte1.fits,.fits,5.84,6,HEL1OS,Aditya-L1,N/A,N/A,HEL1OS-L1-PIPELINE
hel1os_cdte_spectra_cdte2.fits,.fits,11.06,2,HEL1OS,Aditya-L1,N/A,N/A,HEL1OS-L1-PIPELINE
evt.fits,.fits,65.08,5,HEL1OS,Aditya-L1,N/A,N/A,HEL1OS-L1-PIPELINE
gticzt1.fits,.fits,0.01,2,HEL1OS,Aditya-L1,N/A,N/A,HEL1OS-L1-PIPELINE
hk.fits,.fits,1.26,2,HEL1OS,Aditya-L1,N/A,N/A,HEL1OS-L1-PIPELINE
gticdte2.fits,.fits,0.01,2,HEL1OS,Aditya-L1,N/A,N/A,HEL1OS-L1-PIPELINE
gticzt2.fits,.fits,0.01,2,HEL1OS,Aditya-L1,N/A,N/A,HEL1OS-L1-PIPELINE
gticdte1.fits,.fits,0.01,2,HEL1OS,Aditya-L1,N/A,N/A,HEL1OS-L1-PIPELINE
hel1os_czt_spectra_czt1.fits,.fits,7.39,2,HEL1OS,Aditya-L1,N/A,N/A,HEL1OS-L1-PIPELINE
hel1os_czt_spectra_czt2.fits,.fits,7.4,2,HEL1OS,Aditya-L1,N/A,N/A,HEL1OS-L1-PIPELINE
lightcurve_czt1.fits,.fits,5.84,6,HEL1OS,Aditya-L1,N/A,N/A,HEL1OS-L1-PIPELINE
lightcurve_czt2.fits,.fits,5.85,6,HEL1OS,Aditya-L1,N/A,N/A,HEL1OS-L1-PIPELINE
hel1os_cdte_spectra_cdte1.fits,.fits,11.06,2,HEL1OS,Aditya-L1,N/A,N/A,HEL1OS-L1-PIPELINE
lightcurve_cdte2.fits,.fits,5.84,6,HEL1OS,Aditya-L1,N/A,N/A,HEL1OS-L1-PIPELINE
lightcurve_cdte1.fits,.fits,5.83,6,HEL1OS,Aditya-L1,N/A,N/A,HEL1OS-L1-PIPELINE
hel1os_cdte_spectra_cdte2.fits,.fits,11.06,2,HEL1OS,Aditya-L1,N/A,N/A,HEL1OS-L1-PIPELINE
evt.fits,.fits,62.92,5,HEL1OS,Aditya-L1,N/A,N/A,HEL1OS-L1-PIPELINE
gticzt1.fits,.fits,0.01,2,HEL1OS,Aditya-L1,N/A,N/A,HEL1OS-L1-PIPELINE
hk.fits,.fits,1.25,2,HEL1OS,Aditya-L1,N/A,N/A,HEL1OS-L1-PIPELINE
gticdte2.fits,.fits,0.01,2,HEL1OS,Aditya-L1,N/A,N/A,HEL1OS-L1-PIPELINE
gticzt2.fits,.fits,0.01,2,HEL1OS,Aditya-L1,N/A,N/A,HEL1OS-L1-PIPELINE
gticdte1.fits,.fits,0.01,2,HEL1OS,Aditya-L1,N/A,N/A,HEL1OS-L1-PIPELINE
hel1os_czt_spectra_czt1.fits,.fits,7.4,2,HEL1OS,Aditya-L1,N/A,N/A,HEL1OS-L1-PIPELINE
hel1os_czt_spectra_czt2.fits,.fits,7.25,2,HEL1OS,Aditya-L1,N/A,N/A,HEL1OS-L1-PIPELINE
lightcurve_czt1.fits,.fits,5.85,6,HEL1OS,Aditya-L1,N/A,N/A,HEL1OS-L1-PIPELINE
lightcurve_czt2.fits,.fits,5.73,6,HEL1OS,Aditya-L1,N/A,N/A,HEL1OS-L1-PIPELINE
hel1os_cdte_spectra_cdte1.fits,.fits,11.08,2,HEL1OS,Aditya-L1,N/A,N/A,HEL1OS-L1-PIPELINE
lightcurve_cdte2.fits,.fits,5.86,6,HEL1OS,Aditya-L1,N/A,N/A,HEL1OS-L1-PIPELINE
lightcurve_cdte1.fits,.fits,5.84,6,HEL1OS,Aditya-L1,N/A,N/A,HEL1OS-L1-PIPELINE
hel1os_cdte_spectra_cdte2.fits,.fits,11.08,2,HEL1OS,Aditya-L1,N/A,N/A,HEL1OS-L1-PIPELINE
evt.fits,.fits,59.75,5,HEL1OS,Aditya-L1,N/A,N/A,HEL1OS-L1-PIPELINE
gticzt1.fits,.fits,0.01,2,HEL1OS,Aditya-L1,N/A,N/A,HEL1OS-L1-PIPELINE
hk.fits,.fits,1.24,2,HEL1OS,Aditya-L1,N/A,N/A,HEL1OS-L1-PIPELINE
gticdte2.fits,.fits,0.01,2,HEL1OS,Aditya-L1,N/A,N/A,HEL1OS-L1-PIPELINE
gticzt2.fits,.fits,0.01,2,HEL1OS,Aditya-L1,N/A,N/A,HEL1OS-L1-PIPELINE
gticdte1.fits,.fits,0.01,2,HEL1OS,Aditya-L1,N/A,N/A,HEL1OS-L1-PIPELINE
hel1os_czt_spectra_czt1.fits,.fits,4.55,2,HEL1OS,Aditya-L1,N/A,N/A,HEL1OS-L1-PIPELINE
hel1os_czt_spectra_czt2.fits,.fits,4.38,2,HEL1OS,Aditya-L1,N/A,N/A,HEL1OS-L1-PIPELINE
lightcurve_czt1.fits,.fits,3.6,6,HEL1OS,Aditya-L1,N/A,N/A,HEL1OS-L1-PIPELINE
lightcurve_czt2.fits,.fits,3.48,6,HEL1OS,Aditya-L1,N/A,N/A,HEL1OS-L1-PIPELINE
hel1os_cdte_spectra_cdte1.fits,.fits,6.77,2,HEL1OS,Aditya-L1,N/A,N/A,HEL1OS-L1-PIPELINE
lightcurve_cdte2.fits,.fits,3.6,6,HEL1OS,Aditya-L1,N/A,N/A,HEL1OS-L1-PIPELINE
lightcurve_cdte1.fits,.fits,3.58,6,HEL1OS,Aditya-L1,N/A,N/A,HEL1OS-L1-PIPELINE
hel1os_cdte_spectra_cdte2.fits,.fits,6.8,2,HEL1OS,Aditya-L1,N/A,N/A,HEL1OS-L1-PIPELINE
evt.fits,.fits,35.78,5,HEL1OS,Aditya-L1,N/A,N/A,HEL1OS-L1-PIPELINE
gticzt1.fits,.fits,0.01,2,HEL1OS,Aditya-L1,N/A,N/A,HEL1OS-L1-PIPELINE
hk.fits,.fits,0.77,2,HEL1OS,Aditya-L1,N/A,N/A,HEL1OS-L1-PIPELINE
gticdte2.fits,.fits,0.01,2,HEL1OS,Aditya-L1,N/A,N/A,HEL1OS-L1-PIPELINE
gticzt2.fits,.fits,0.01,2,HEL1OS,Aditya-L1,N/A,N/A,HEL1OS-L1-PIPELINE
gticdte1.fits,.fits,0.01,2,HEL1OS,Aditya-L1,N/A,N/A,HEL1OS-L1-PIPELINE
hel1os_czt_spectra_czt1.fits,.fits,3.32,2,HEL1OS,Aditya-L1,N/A,N/A,HEL1OS-L1-PIPELINE
hel1os_czt_spectra_czt2.fits,.fits,3.32,2,HEL1OS,Aditya-L1,N/A,N/A,HEL1OS-L1-PIPELINE
lightcurve_czt1.fits,.fits,2.64,6,HEL1OS,Aditya-L1,N/A,N/A,HEL1OS-L1-PIPELINE
lightcurve_czt2.fits,.fits,2.64,6,HEL1OS,Aditya-L1,N/A,N/A,HEL1OS-L1-PIPELINE
hel1os_cdte_spectra_cdte1.fits,.fits,4.96,2,HEL1OS,Aditya-L1,N/A,N/A,HEL1OS-L1-PIPELINE
lightcurve_cdte2.fits,.fits,2.62,6,HEL1OS,Aditya-L1,N/A,N/A,HEL1OS-L1-PIPELINE
lightcurve_cdte1.fits,.fits,2.62,6,HEL1OS,Aditya-L1,N/A,N/A,HEL1OS-L1-PIPELINE
hel1os_cdte_spectra_cdte2.fits,.fits,4.96,2,HEL1OS,Aditya-L1,N/A,N/A,HEL1OS-L1-PIPELINE
evt.fits,.fits,28.9,5,HEL1OS,Aditya-L1,N/A,N/A,HEL1OS-L1-PIPELINE
gticzt1.fits,.fits,0.01,2,HEL1OS,Aditya-L1,N/A,N/A,HEL1OS-L1-PIPELINE
hk.fits,.fits,0.57,2,HEL1OS,Aditya-L1,N/A,N/A,HEL1OS-L1-PIPELINE
gticdte2.fits,.fits,0.01,2,HEL1OS,Aditya-L1,N/A,N/A,HEL1OS-L1-PIPELINE
gticzt2.fits,.fits,0.01,2,HEL1OS,Aditya-L1,N/A,N/A,HEL1OS-L1-PIPELINE
gticdte1.fits,.fits,0.01,2,HEL1OS,Aditya-L1,N/A,N/A,HEL1OS-L1-PIPELINE
hel1os_czt_spectra_czt1.fits,.fits,10.8,2,HEL1OS,Aditya-L1,N/A,N/A,HEL1OS-L1-PIPELINE
hel1os_czt_spectra_czt2.fits,.fits,10.8,2,HEL1OS,Aditya-L1,N/A,N/A,HEL1OS-L1-PIPELINE
lightcurve_czt1.fits,.fits,8.53,6,HEL1OS,Aditya-L1,N/A,N/A,HEL1OS-L1-PIPELINE
lightcurve_czt2.fits,.fits,8.53,6,HEL1OS,Aditya-L1,N/A,N/A,HEL1OS-L1-PIPELINE
hel1os_cdte_spectra_cdte1.fits,.fits,16.15,2,HEL1OS,Aditya-L1,N/A,N/A,HEL1OS-L1-PIPELINE
lightcurve_cdte2.fits,.fits,8.5,6,HEL1OS,Aditya-L1,N/A,N/A,HEL1OS-L1-PIPELINE
lightcurve_cdte1.fits,.fits,8.52,6,HEL1OS,Aditya-L1,N/A,N/A,HEL1OS-L1-PIPELINE
hel1os_cdte_spectra_cdte2.fits,.fits,16.15,2,HEL1OS,Aditya-L1,N/A,N/A,HEL1OS-L1-PIPELINE
evt.fits,.fits,83.95,5,HEL1OS,Aditya-L1,N/A,N/A,HEL1OS-L1-PIPELINE
gticzt1.fits,.fits,0.01,2,HEL1OS,Aditya-L1,N/A,N/A,HEL1OS-L1-PIPELINE
hk.fits,.fits,1.8,2,HEL1OS,Aditya-L1,N/A,N/A,HEL1OS-L1-PIPELINE
gticdte2.fits,.fits,0.01,2,HEL1OS,Aditya-L1,N/A,N/A,HEL1OS-L1-PIPELINE
gticzt2.fits,.fits,0.01,2,HEL1OS,Aditya-L1,N/A,N/A,HEL1OS-L1-PIPELINE
gticdte1.fits,.fits,0.01,2,HEL1OS,Aditya-L1,N/A,N/A,HEL1OS-L1-PIPELINE
hel1os_czt_spectra_czt1.fits,.fits,4.53,2,HEL1OS,Aditya-L1,N/A,N/A,HEL1OS-L1-PIPELINE
hel1os_czt_spectra_czt2.fits,.fits,4.29,2,HEL1OS,Aditya-L1,N/A,N/A,HEL1OS-L1-PIPELINE
lightcurve_czt1.fits,.fits,3.6,6,HEL1OS,Aditya-L1,N/A,N/A,HEL1OS-L1-PIPELINE
lightcurve_czt2.fits,.fits,3.39,6,HEL1OS,Aditya-L1,N/A,N/A,HEL1OS-L1-PIPELINE
hel1os_cdte_spectra_cdte1.fits,.fits,6.78,2,HEL1OS,Aditya-L1,N/A,N/A,HEL1OS-L1-PIPELINE
lightcurve_cdte2.fits,.fits,3.6,6,HEL1OS,Aditya-L1,N/A,N/A,HEL1OS-L1-PIPELINE
lightcurve_cdte1.fits,.fits,3.58,6,HEL1OS,Aditya-L1,N/A,N/A,HEL1OS-L1-PIPELINE
hel1os_cdte_spectra_cdte2.fits,.fits,6.78,2,HEL1OS,Aditya-L1,N/A,N/A,HEL1OS-L1-PIPELINE
evt.fits,.fits,35.79,5,HEL1OS,Aditya-L1,N/A,N/A,HEL1OS-L1-PIPELINE
gticzt1.fits,.fits,0.01,2,HEL1OS,Aditya-L1,N/A,N/A,HEL1OS-L1-PIPELINE
hk.fits,.fits,0.76,2,HEL1OS,Aditya-L1,N/A,N/A,HEL1OS-L1-PIPELINE
gticdte2.fits,.fits,0.01,2,HEL1OS,Aditya-L1,N/A,N/A,HEL1OS-L1-PIPELINE
gticzt2.fits,.fits,0.01,2,HEL1OS,Aditya-L1,N/A,N/A,HEL1OS-L1-PIPELINE
gticdte1.fits,.fits,0.01,2,HEL1OS,Aditya-L1,N/A,N/A,HEL1OS-L1-PIPELINE
hel1os_czt_spectra_czt1.fits,.fits,14.1,2,HEL1OS,Aditya-L1,N/A,N/A,HEL1OS-L1-PIPELINE
hel1os_czt_spectra_czt2.fits,.fits,14.12,2,HEL1OS,Aditya-L1,N/A,N/A,HEL1OS-L1-PIPELINE
lightcurve_czt1.fits,.fits,11.13,6,HEL1OS,Aditya-L1,N/A,N/A,HEL1OS-L1-PIPELINE
lightcurve_czt2.fits,.fits,11.14,6,HEL1OS,Aditya-L1,N/A,N/A,HEL1OS-L1-PIPELINE
hel1os_cdte_spectra_cdte1.fits,.fits,21.11,2,HEL1OS,Aditya-L1,N/A,N/A,HEL1OS-L1-PIPELINE
lightcurve_cdte2.fits,.fits,11.14,6,HEL1OS,Aditya-L1,N/A,N/A,HEL1OS-L1-PIPELINE
lightcurve_cdte1.fits,.fits,11.12,6,HEL1OS,Aditya-L1,N/A,N/A,HEL1OS-L1-PIPELINE
hel1os_cdte_spectra_cdte2.fits,.fits,21.12,2,HEL1OS,Aditya-L1,N/A,N/A,HEL1OS-L1-PIPELINE
evt.fits,.fits,107.8,5,HEL1OS,Aditya-L1,N/A,N/A,HEL1OS-L1-PIPELINE
gticzt1.fits,.fits,0.01,2,HEL1OS,Aditya-L1,N/A,N/A,HEL1OS-L1-PIPELINE
hk.fits,.fits,2.34,2,HEL1OS,Aditya-L1,N/A,N/A,HEL1OS-L1-PIPELINE
gticdte2.fits,.fits,0.01,2,HEL1OS,Aditya-L1,N/A,N/A,HEL1OS-L1-PIPELINE
gticzt2.fits,.fits,0.01,2,HEL1OS,Aditya-L1,N/A,N/A,HEL1OS-L1-PIPELINE
gticdte1.fits,.fits,0.01,2,HEL1OS,Aditya-L1,N/A,N/A,HEL1OS-L1-PIPELINE
hel1os_czt_spectra_czt1.fits,.fits,6.71,2,HEL1OS,Aditya-L1,N/A,N/A,HEL1OS-L1-PIPELINE
hel1os_czt_spectra_czt2.fits,.fits,6.59,2,HEL1OS,Aditya-L1,N/A,N/A,HEL1OS-L1-PIPELINE
lightcurve_czt1.fits,.fits,5.3,6,HEL1OS,Aditya-L1,N/A,N/A,HEL1OS-L1-PIPELINE
lightcurve_czt2.fits,.fits,5.21,6,HEL1OS,Aditya-L1,N/A,N/A,HEL1OS-L1-PIPELINE
hel1os_cdte_spectra_cdte1.fits,.fits,10.04,2,HEL1OS,Aditya-L1,N/A,N/A,HEL1OS-L1-PIPELINE
lightcurve_cdte2.fits,.fits,5.3,6,HEL1OS,Aditya-L1,N/A,N/A,HEL1OS-L1-PIPELINE
lightcurve_cdte1.fits,.fits,5.29,6,HEL1OS,Aditya-L1,N/A,N/A,HEL1OS-L1-PIPELINE
hel1os_cdte_spectra_cdte2.fits,.fits,10.04,2,HEL1OS,Aditya-L1,N/A,N/A,HEL1OS-L1-PIPELINE
evt.fits,.fits,55.29,5,HEL1OS,Aditya-L1,N/A,N/A,HEL1OS-L1-PIPELINE
gticzt1.fits,.fits,0.01,2,HEL1OS,Aditya-L1,N/A,N/A,HEL1OS-L1-PIPELINE
hk.fits,.fits,1.14,2,HEL1OS,Aditya-L1,N/A,N/A,HEL1OS-L1-PIPELINE
gticdte2.fits,.fits,0.01,2,HEL1OS,Aditya-L1,N/A,N/A,HEL1OS-L1-PIPELINE
gticzt2.fits,.fits,0.01,2,HEL1OS,Aditya-L1,N/A,N/A,HEL1OS-L1-PIPELINE
gticdte1.fits,.fits,0.01,2,HEL1OS,Aditya-L1,N/A,N/A,HEL1OS-L1-PIPELINE
hel1os_czt_spectra_czt1.fits,.fits,6.7,2,HEL1OS,Aditya-L1,N/A,N/A,HEL1OS-L1-PIPELINE
hel1os_czt_spectra_czt2.fits,.fits,6.7,2,HEL1OS,Aditya-L1,N/A,N/A,HEL1OS-L1-PIPELINE
lightcurve_czt1.fits,.fits,5.3,6,HEL1OS,Aditya-L1,N/A,N/A,HEL1OS-L1-PIPELINE
lightcurve_czt2.fits,.fits,5.3,6,HEL1OS,Aditya-L1,N/A,N/A,HEL1OS-L1-PIPELINE
hel1os_cdte_spectra_cdte1.fits,.fits,10.02,2,HEL1OS,Aditya-L1,N/A,N/A,HEL1OS-L1-PIPELINE
lightcurve_cdte2.fits,.fits,5.3,6,HEL1OS,Aditya-L1,N/A,N/A,HEL1OS-L1-PIPELINE
lightcurve_cdte1.fits,.fits,5.29,6,HEL1OS,Aditya-L1,N/A,N/A,HEL1OS-L1-PIPELINE
hel1os_cdte_spectra_cdte2.fits,.fits,10.02,2,HEL1OS,Aditya-L1,N/A,N/A,HEL1OS-L1-PIPELINE
evt.fits,.fits,55.45,5,HEL1OS,Aditya-L1,N/A,N/A,HEL1OS-L1-PIPELINE
gticzt1.fits,.fits,0.01,2,HEL1OS,Aditya-L1,N/A,N/A,HEL1OS-L1-PIPELINE
hk.fits,.fits,1.14,2,HEL1OS,Aditya-L1,N/A,N/A,HEL1OS-L1-PIPELINE
gticdte2.fits,.fits,0.01,2,HEL1OS,Aditya-L1,N/A,N/A,HEL1OS-L1-PIPELINE
gticzt2.fits,.fits,0.01,2,HEL1OS,Aditya-L1,N/A,N/A,HEL1OS-L1-PIPELINE
gticdte1.fits,.fits,0.01,2,HEL1OS,Aditya-L1,N/A,N/A,HEL1OS-L1-PIPELINE
hel1os_czt_spectra_czt1.fits,.fits,3.25,2,HEL1OS,Aditya-L1,N/A,N/A,HEL1OS-L1-PIPELINE
hel1os_czt_spectra_czt2.fits,.fits,3.1,2,HEL1OS,Aditya-L1,N/A,N/A,HEL1OS-L1-PIPELINE
lightcurve_czt1.fits,.fits,2.58,6,HEL1OS,Aditya-L1,N/A,N/A,HEL1OS-L1-PIPELINE
lightcurve_czt2.fits,.fits,2.47,6,HEL1OS,Aditya-L1,N/A,N/A,HEL1OS-L1-PIPELINE
hel1os_cdte_spectra_cdte1.fits,.fits,4.91,2,HEL1OS,Aditya-L1,N/A,N/A,HEL1OS-L1-PIPELINE
lightcurve_cdte2.fits,.fits,2.61,6,HEL1OS,Aditya-L1,N/A,N/A,HEL1OS-L1-PIPELINE
lightcurve_cdte1.fits,.fits,2.61,6,HEL1OS,Aditya-L1,N/A,N/A,HEL1OS-L1-PIPELINE
hel1os_cdte_spectra_cdte2.fits,.fits,4.92,2,HEL1OS,Aditya-L1,N/A,N/A,HEL1OS-L1-PIPELINE
evt.fits,.fits,26.49,5,HEL1OS,Aditya-L1,N/A,N/A,HEL1OS-L1-PIPELINE
gticzt1.fits,.fits,0.01,2,HEL1OS,Aditya-L1,N/A,N/A,HEL1OS-L1-PIPELINE
hk.fits,.fits,0.56,2,HEL1OS,Aditya-L1,N/A,N/A,HEL1OS-L1-PIPELINE
gticdte2.fits,.fits,0.01,2,HEL1OS,Aditya-L1,N/A,N/A,HEL1OS-L1-PIPELINE
gticzt2.fits,.fits,0.01,2,HEL1OS,Aditya-L1,N/A,N/A,HEL1OS-L1-PIPELINE
gticdte1.fits,.fits,0.01,2,HEL1OS,Aditya-L1,N/A,N/A,HEL1OS-L1-PIPELINE
hel1os_czt_spectra_czt1.fits,.fits,6.24,2,HEL1OS,Aditya-L1,N/A,N/A,HEL1OS-L1-PIPELINE
hel1os_czt_spectra_czt2.fits,.fits,5.89,2,HEL1OS,Aditya-L1,N/A,N/A,HEL1OS-L1-PIPELINE
lightcurve_czt1.fits,.fits,4.93,6,HEL1OS,Aditya-L1,N/A,N/A,HEL1OS-L1-PIPELINE
lightcurve_czt2.fits,.fits,4.66,6,HEL1OS,Aditya-L1,N/A,N/A,HEL1OS-L1-PIPELINE
hel1os_cdte_spectra_cdte1.fits,.fits,9.33,2,HEL1OS,Aditya-L1,N/A,N/A,HEL1OS-L1-PIPELINE
lightcurve_cdte2.fits,.fits,4.93,6,HEL1OS,Aditya-L1,N/A,N/A,HEL1OS-L1-PIPELINE
lightcurve_cdte1.fits,.fits,4.93,6,HEL1OS,Aditya-L1,N/A,N/A,HEL1OS-L1-PIPELINE
hel1os_cdte_spectra_cdte2.fits,.fits,9.33,2,HEL1OS,Aditya-L1,N/A,N/A,HEL1OS-L1-PIPELINE
evt.fits,.fits,61.4,5,HEL1OS,Aditya-L1,N/A,N/A,HEL1OS-L1-PIPELINE
gticzt1.fits,.fits,0.01,2,HEL1OS,Aditya-L1,N/A,N/A,HEL1OS-L1-PIPELINE
hk.fits,.fits,1.12,2,HEL1OS,Aditya-L1,N/A,N/A,HEL1OS-L1-PIPELINE
gticdte2.fits,.fits,0.01,2,HEL1OS,Aditya-L1,N/A,N/A,HEL1OS-L1-PIPELINE
gticzt2.fits,.fits,0.01,2,HEL1OS,Aditya-L1,N/A,N/A,HEL1OS-L1-PIPELINE
gticdte1.fits,.fits,0.01,2,HEL1OS,Aditya-L1,N/A,N/A,HEL1OS-L1-PIPELINE
hel1os_czt_spectra_czt1.fits,.fits,6.34,2,HEL1OS,Aditya-L1,N/A,N/A,HEL1OS-L1-PIPELINE
hel1os_czt_spectra_czt2.fits,.fits,6.34,2,HEL1OS,Aditya-L1,N/A,N/A,HEL1OS-L1-PIPELINE
lightcurve_czt1.fits,.fits,5.02,6,HEL1OS,Aditya-L1,N/A,N/A,HEL1OS-L1-PIPELINE
lightcurve_czt2.fits,.fits,5.02,6,HEL1OS,Aditya-L1,N/A,N/A,HEL1OS-L1-PIPELINE
hel1os_cdte_spectra_cdte1.fits,.fits,9.48,2,HEL1OS,Aditya-L1,N/A,N/A,HEL1OS-L1-PIPELINE
lightcurve_cdte2.fits,.fits,5.0,6,HEL1OS,Aditya-L1,N/A,N/A,HEL1OS-L1-PIPELINE
lightcurve_cdte1.fits,.fits,4.97,6,HEL1OS,Aditya-L1,N/A,N/A,HEL1OS-L1-PIPELINE
hel1os_cdte_spectra_cdte2.fits,.fits,9.48,2,HEL1OS,Aditya-L1,N/A,N/A,HEL1OS-L1-PIPELINE
evt.fits,.fits,55.01,5,HEL1OS,Aditya-L1,N/A,N/A,HEL1OS-L1-PIPELINE
gticzt1.fits,.fits,0.01,2,HEL1OS,Aditya-L1,N/A,N/A,HEL1OS-L1-PIPELINE
hk.fits,.fits,1.08,2,HEL1OS,Aditya-L1,N/A,N/A,HEL1OS-L1-PIPELINE
gticdte2.fits,.fits,0.01,2,HEL1OS,Aditya-L1,N/A,N/A,HEL1OS-L1-PIPELINE
gticzt2.fits,.fits,0.01,2,HEL1OS,Aditya-L1,N/A,N/A,HEL1OS-L1-PIPELINE
gticdte1.fits,.fits,0.01,2,HEL1OS,Aditya-L1,N/A,N/A,HEL1OS-L1-PIPELINE
hel1os_czt_spectra_czt1.fits,.fits,3.37,2,HEL1OS,Aditya-L1,N/A,N/A,HEL1OS-L1-PIPELINE
hel1os_czt_spectra_czt2.fits,.fits,3.21,2,HEL1OS,Aditya-L1,N/A,N/A,HEL1OS-L1-PIPELINE
lightcurve_czt1.fits,.fits,2.68,6,HEL1OS,Aditya-L1,N/A,N/A,HEL1OS-L1-PIPELINE
lightcurve_czt2.fits,.fits,2.56,6,HEL1OS,Aditya-L1,N/A,N/A,HEL1OS-L1-PIPELINE
hel1os_cdte_spectra_cdte1.fits,.fits,5.04,2,HEL1OS,Aditya-L1,N/A,N/A,HEL1OS-L1-PIPELINE
lightcurve_cdte2.fits,.fits,2.66,6,HEL1OS,Aditya-L1,N/A,N/A,HEL1OS-L1-PIPELINE
lightcurve_cdte1.fits,.fits,2.64,6,HEL1OS,Aditya-L1,N/A,N/A,HEL1OS-L1-PIPELINE
hel1os_cdte_spectra_cdte2.fits,.fits,5.04,2,HEL1OS,Aditya-L1,N/A,N/A,HEL1OS-L1-PIPELINE
evt.fits,.fits,26.53,5,HEL1OS,Aditya-L1,N/A,N/A,HEL1OS-L1-PIPELINE
gticzt1.fits,.fits,0.01,2,HEL1OS,Aditya-L1,N/A,N/A,HEL1OS-L1-PIPELINE
hk.fits,.fits,0.57,2,HEL1OS,Aditya-L1,N/A,N/A,HEL1OS-L1-PIPELINE
gticdte2.fits,.fits,0.01,2,HEL1OS,Aditya-L1,N/A,N/A,HEL1OS-L1-PIPELINE
gticzt2.fits,.fits,0.01,2,HEL1OS,Aditya-L1,N/A,N/A,HEL1OS-L1-PIPELINE
gticdte1.fits,.fits,0.01,2,HEL1OS,Aditya-L1,N/A,N/A,HEL1OS-L1-PIPELINE
hel1os_czt_spectra_czt1.fits,.fits,9.57,2,HEL1OS,Aditya-L1,N/A,N/A,HEL1OS-L1-PIPELINE
hel1os_czt_spectra_czt2.fits,.fits,9.44,2,HEL1OS,Aditya-L1,N/A,N/A,HEL1OS-L1-PIPELINE
lightcurve_czt1.fits,.fits,7.56,6,HEL1OS,Aditya-L1,N/A,N/A,HEL1OS-L1-PIPELINE
lightcurve_czt2.fits,.fits,7.46,6,HEL1OS,Aditya-L1,N/A,N/A,HEL1OS-L1-PIPELINE
hel1os_cdte_spectra_cdte1.fits,.fits,14.3,2,HEL1OS,Aditya-L1,N/A,N/A,HEL1OS-L1-PIPELINE
lightcurve_cdte2.fits,.fits,7.55,6,HEL1OS,Aditya-L1,N/A,N/A,HEL1OS-L1-PIPELINE
lightcurve_cdte1.fits,.fits,7.55,6,HEL1OS,Aditya-L1,N/A,N/A,HEL1OS-L1-PIPELINE
hel1os_cdte_spectra_cdte2.fits,.fits,14.3,2,HEL1OS,Aditya-L1,N/A,N/A,HEL1OS-L1-PIPELINE
evt.fits,.fits,77.45,5,HEL1OS,Aditya-L1,N/A,N/A,HEL1OS-L1-PIPELINE
gticzt1.fits,.fits,0.01,2,HEL1OS,Aditya-L1,N/A,N/A,HEL1OS-L1-PIPELINE
hk.fits,.fits,1.6,2,HEL1OS,Aditya-L1,N/A,N/A,HEL1OS-L1-PIPELINE
gticdte2.fits,.fits,0.01,2,HEL1OS,Aditya-L1,N/A,N/A,HEL1OS-L1-PIPELINE
gticzt2.fits,.fits,0.01,2,HEL1OS,Aditya-L1,N/A,N/A,HEL1OS-L1-PIPELINE
gticdte1.fits,.fits,0.01,2,HEL1OS,Aditya-L1,N/A,N/A,HEL1OS-L1-PIPELINE
hel1os_czt_spectra_czt1.fits,.fits,14.12,2,HEL1OS,Aditya-L1,N/A,N/A,HEL1OS-L1-PIPELINE
hel1os_czt_spectra_czt2.fits,.fits,14.12,2,HEL1OS,Aditya-L1,N/A,N/A,HEL1OS-L1-PIPELINE
lightcurve_czt1.fits,.fits,11.14,6,HEL1OS,Aditya-L1,N/A,N/A,HEL1OS-L1-PIPELINE
lightcurve_czt2.fits,.fits,11.14,6,HEL1OS,Aditya-L1,N/A,N/A,HEL1OS-L1-PIPELINE
hel1os_cdte_spectra_cdte1.fits,.fits,21.11,2,HEL1OS,Aditya-L1,N/A,N/A,HEL1OS-L1-PIPELINE
lightcurve_cdte2.fits,.fits,11.13,6,HEL1OS,Aditya-L1,N/A,N/A,HEL1OS-L1-PIPELINE
lightcurve_cdte1.fits,.fits,11.13,6,HEL1OS,Aditya-L1,N/A,N/A,HEL1OS-L1-PIPELINE
hel1os_cdte_spectra_cdte2.fits,.fits,21.11,2,HEL1OS,Aditya-L1,N/A,N/A,HEL1OS-L1-PIPELINE
evt.fits,.fits,120.78,5,HEL1OS,Aditya-L1,N/A,N/A,HEL1OS-L1-PIPELINE
gticzt1.fits,.fits,0.01,2,HEL1OS,Aditya-L1,N/A,N/A,HEL1OS-L1-PIPELINE
hk.fits,.fits,2.39,2,HEL1OS,Aditya-L1,N/A,N/A,HEL1OS-L1-PIPELINE
gticdte2.fits,.fits,0.01,2,HEL1OS,Aditya-L1,N/A,N/A,HEL1OS-L1-PIPELINE
gticzt2.fits,.fits,0.01,2,HEL1OS,Aditya-L1,N/A,N/A,HEL1OS-L1-PIPELINE
gticdte1.fits,.fits,0.01,2,HEL1OS,Aditya-L1,N/A,N/A,HEL1OS-L1-PIPELINE
hel1os_czt_spectra_czt1.fits,.fits,14.12,2,HEL1OS,Aditya-L1,N/A,N/A,HEL1OS-L1-PIPELINE
hel1os_czt_spectra_czt2.fits,.fits,14.12,2,HEL1OS,Aditya-L1,N/A,N/A,HEL1OS-L1-PIPELINE
lightcurve_czt1.fits,.fits,11.14,6,HEL1OS,Aditya-L1,N/A,N/A,HEL1OS-L1-PIPELINE
lightcurve_czt2.fits,.fits,11.14,6,HEL1OS,Aditya-L1,N/A,N/A,HEL1OS-L1-PIPELINE
hel1os_cdte_spectra_cdte1.fits,.fits,21.11,2,HEL1OS,Aditya-L1,N/A,N/A,HEL1OS-L1-PIPELINE
lightcurve_cdte2.fits,.fits,11.12,6,HEL1OS,Aditya-L1,N/A,N/A,HEL1OS-L1-PIPELINE
lightcurve_cdte1.fits,.fits,11.12,6,HEL1OS,Aditya-L1,N/A,N/A,HEL1OS-L1-PIPELINE
hel1os_cdte_spectra_cdte2.fits,.fits,21.12,2,HEL1OS,Aditya-L1,N/A,N/A,HEL1OS-L1-PIPELINE
evt.fits,.fits,120.8,5,HEL1OS,Aditya-L1,N/A,N/A,HEL1OS-L1-PIPELINE
gticzt1.fits,.fits,0.01,2,HEL1OS,Aditya-L1,N/A,N/A,HEL1OS-L1-PIPELINE
hk.fits,.fits,2.37,2,HEL1OS,Aditya-L1,N/A,N/A,HEL1OS-L1-PIPELINE
gticdte2.fits,.fits,0.01,2,HEL1OS,Aditya-L1,N/A,N/A,HEL1OS-L1-PIPELINE
gticzt2.fits,.fits,0.01,2,HEL1OS,Aditya-L1,N/A,N/A,HEL1OS-L1-PIPELINE
gticdte1.fits,.fits,0.01,2,HEL1OS,Aditya-L1,N/A,N/A,HEL1OS-L1-PIPELINE
hel1os_czt_spectra_czt1.fits,.fits,10.31,2,HEL1OS,Aditya-L1,N/A,N/A,HEL1OS-L1-PIPELINE
hel1os_czt_spectra_czt2.fits,.fits,10.8,2,HEL1OS,Aditya-L1,N/A,N/A,HEL1OS-L1-PIPELINE
lightcurve_czt1.fits,.fits,8.13,6,HEL1OS,Aditya-L1,N/A,N/A,HEL1OS-L1-PIPELINE
lightcurve_czt2.fits,.fits,8.53,6,HEL1OS,Aditya-L1,N/A,N/A,HEL1OS-L1-PIPELINE
hel1os_cdte_spectra_cdte1.fits,.fits,16.15,2,HEL1OS,Aditya-L1,N/A,N/A,HEL1OS-L1-PIPELINE
lightcurve_cdte2.fits,.fits,8.53,6,HEL1OS,Aditya-L1,N/A,N/A,HEL1OS-L1-PIPELINE
lightcurve_cdte1.fits,.fits,8.51,6,HEL1OS,Aditya-L1,N/A,N/A,HEL1OS-L1-PIPELINE
hel1os_cdte_spectra_cdte2.fits,.fits,16.15,2,HEL1OS,Aditya-L1,N/A,N/A,HEL1OS-L1-PIPELINE
evt.fits,.fits,83.96,5,HEL1OS,Aditya-L1,N/A,N/A,HEL1OS-L1-PIPELINE
gticzt1.fits,.fits,0.01,2,HEL1OS,Aditya-L1,N/A,N/A,HEL1OS-L1-PIPELINE
hk.fits,.fits,1.8,2,HEL1OS,Aditya-L1,N/A,N/A,HEL1OS-L1-PIPELINE
gticdte2.fits,.fits,0.01,2,HEL1OS,Aditya-L1,N/A,N/A,HEL1OS-L1-PIPELINE
gticzt2.fits,.fits,0.01,2,HEL1OS,Aditya-L1,N/A,N/A,HEL1OS-L1-PIPELINE
gticdte1.fits,.fits,0.01,2,HEL1OS,Aditya-L1,N/A,N/A,HEL1OS-L1-PIPELINE
hel1os_czt_spectra_czt1.fits,.fits,9.58,2,HEL1OS,Aditya-L1,N/A,N/A,HEL1OS-L1-PIPELINE
hel1os_czt_spectra_czt2.fits,.fits,9.54,2,HEL1OS,Aditya-L1,N/A,N/A,HEL1OS-L1-PIPELINE
lightcurve_czt1.fits,.fits,7.57,6,HEL1OS,Aditya-L1,N/A,N/A,HEL1OS-L1-PIPELINE
lightcurve_czt2.fits,.fits,7.54,6,HEL1OS,Aditya-L1,N/A,N/A,HEL1OS-L1-PIPELINE
hel1os_cdte_spectra_cdte1.fits,.fits,14.32,2,HEL1OS,Aditya-L1,N/A,N/A,HEL1OS-L1-PIPELINE
lightcurve_cdte2.fits,.fits,7.56,6,HEL1OS,Aditya-L1,N/A,N/A,HEL1OS-L1-PIPELINE
lightcurve_cdte1.fits,.fits,7.55,6,HEL1OS,Aditya-L1,N/A,N/A,HEL1OS-L1-PIPELINE
hel1os_cdte_spectra_cdte2.fits,.fits,14.32,2,HEL1OS,Aditya-L1,N/A,N/A,HEL1OS-L1-PIPELINE
evt.fits,.fits,74.91,5,HEL1OS,Aditya-L1,N/A,N/A,HEL1OS-L1-PIPELINE
gticzt1.fits,.fits,0.01,2,HEL1OS,Aditya-L1,N/A,N/A,HEL1OS-L1-PIPELINE
hk.fits,.fits,1.59,2,HEL1OS,Aditya-L1,N/A,N/A,HEL1OS-L1-PIPELINE
gticdte2.fits,.fits,0.01,2,HEL1OS,Aditya-L1,N/A,N/A,HEL1OS-L1-PIPELINE
gticzt2.fits,.fits,0.01,2,HEL1OS,Aditya-L1,N/A,N/A,HEL1OS-L1-PIPELINE
gticdte1.fits,.fits,0.01,2,HEL1OS,Aditya-L1,N/A,N/A,HEL1OS-L1-PIPELINE
hel1os_czt_spectra_czt1.fits,.fits,7.85,2,HEL1OS,Aditya-L1,N/A,N/A,HEL1OS-L1-PIPELINE
hel1os_czt_spectra_czt2.fits,.fits,7.85,2,HEL1OS,Aditya-L1,N/A,N/A,HEL1OS-L1-PIPELINE
lightcurve_czt1.fits,.fits,6.21,6,HEL1OS,Aditya-L1,N/A,N/A,HEL1OS-L1-PIPELINE
lightcurve_czt2.fits,.fits,6.21,6,HEL1OS,Aditya-L1,N/A,N/A,HEL1OS-L1-PIPELINE
hel1os_cdte_spectra_cdte1.fits,.fits,11.74,2,HEL1OS,Aditya-L1,N/A,N/A,HEL1OS-L1-PIPELINE
lightcurve_cdte2.fits,.fits,6.19,6,HEL1OS,Aditya-L1,N/A,N/A,HEL1OS-L1-PIPELINE
lightcurve_cdte1.fits,.fits,6.2,6,HEL1OS,Aditya-L1,N/A,N/A,HEL1OS-L1-PIPELINE
hel1os_cdte_spectra_cdte2.fits,.fits,11.74,2,HEL1OS,Aditya-L1,N/A,N/A,HEL1OS-L1-PIPELINE
evt.fits,.fits,104.75,5,HEL1OS,Aditya-L1,N/A,N/A,HEL1OS-L1-PIPELINE
gticzt1.fits,.fits,0.01,2,HEL1OS,Aditya-L1,N/A,N/A,HEL1OS-L1-PIPELINE
hk.fits,.fits,1.61,2,HEL1OS,Aditya-L1,N/A,N/A,HEL1OS-L1-PIPELINE
gticdte2.fits,.fits,0.01,2,HEL1OS,Aditya-L1,N/A,N/A,HEL1OS-L1-PIPELINE
gticzt2.fits,.fits,0.01,2,HEL1OS,Aditya-L1,N/A,N/A,HEL1OS-L1-PIPELINE
gticdte1.fits,.fits,0.01,2,HEL1OS,Aditya-L1,N/A,N/A,HEL1OS-L1-PIPELINE
hel1os_czt_spectra_czt1.fits,.fits,14.12,2,HEL1OS,Aditya-L1,N/A,N/A,HEL1OS-L1-PIPELINE
hel1os_czt_spectra_czt2.fits,.fits,14.12,2,HEL1OS,Aditya-L1,N/A,N/A,HEL1OS-L1-PIPELINE
lightcurve_czt1.fits,.fits,11.14,6,HEL1OS,Aditya-L1,N/A,N/A,HEL1OS-L1-PIPELINE
lightcurve_czt2.fits,.fits,11.14,6,HEL1OS,Aditya-L1,N/A,N/A,HEL1OS-L1-PIPELINE
hel1os_cdte_spectra_cdte1.fits,.fits,21.12,2,HEL1OS,Aditya-L1,N/A,N/A,HEL1OS-L1-PIPELINE
lightcurve_cdte2.fits,.fits,11.14,6,HEL1OS,Aditya-L1,N/A,N/A,HEL1OS-L1-PIPELINE
lightcurve_cdte1.fits,.fits,11.13,6,HEL1OS,Aditya-L1,N/A,N/A,HEL1OS-L1-PIPELINE
hel1os_cdte_spectra_cdte2.fits,.fits,21.12,2,HEL1OS,Aditya-L1,N/A,N/A,HEL1OS-L1-PIPELINE
evt.fits,.fits,139.31,5,HEL1OS,Aditya-L1,N/A,N/A,HEL1OS-L1-PIPELINE
gticzt1.fits,.fits,0.01,2,HEL1OS,Aditya-L1,N/A,N/A,HEL1OS-L1-PIPELINE
hk.fits,.fits,2.47,2,HEL1OS,Aditya-L1,N/A,N/A,HEL1OS-L1-PIPELINE
gticdte2.fits,.fits,0.01,2,HEL1OS,Aditya-L1,N/A,N/A,HEL1OS-L1-PIPELINE
gticzt2.fits,.fits,0.01,2,HEL1OS,Aditya-L1,N/A,N/A,HEL1OS-L1-PIPELINE
gticdte1.fits,.fits,0.01,2,HEL1OS,Aditya-L1,N/A,N/A,HEL1OS-L1-PIPELINE
hel1os_czt_spectra_czt1.fits,.fits,6.71,2,HEL1OS,Aditya-L1,N/A,N/A,HEL1OS-L1-PIPELINE
hel1os_czt_spectra_czt2.fits,.fits,6.59,2,HEL1OS,Aditya-L1,N/A,N/A,HEL1OS-L1-PIPELINE
lightcurve_czt1.fits,.fits,5.3,6,HEL1OS,Aditya-L1,N/A,N/A,HEL1OS-L1-PIPELINE
lightcurve_czt2.fits,.fits,5.21,6,HEL1OS,Aditya-L1,N/A,N/A,HEL1OS-L1-PIPELINE
hel1os_cdte_spectra_cdte1.fits,.fits,10.04,2,HEL1OS,Aditya-L1,N/A,N/A,HEL1OS-L1-PIPELINE
lightcurve_cdte2.fits,.fits,5.3,6,HEL1OS,Aditya-L1,N/A,N/A,HEL1OS-L1-PIPELINE
lightcurve_cdte1.fits,.fits,5.3,6,HEL1OS,Aditya-L1,N/A,N/A,HEL1OS-L1-PIPELINE
hel1os_cdte_spectra_cdte2.fits,.fits,10.04,2,HEL1OS,Aditya-L1,N/A,N/A,HEL1OS-L1-PIPELINE
evt.fits,.fits,54.92,5,HEL1OS,Aditya-L1,N/A,N/A,HEL1OS-L1-PIPELINE
gticzt1.fits,.fits,0.01,2,HEL1OS,Aditya-L1,N/A,N/A,HEL1OS-L1-PIPELINE
hk.fits,.fits,1.13,2,HEL1OS,Aditya-L1,N/A,N/A,HEL1OS-L1-PIPELINE
gticdte2.fits,.fits,0.01,2,HEL1OS,Aditya-L1,N/A,N/A,HEL1OS-L1-PIPELINE
gticzt2.fits,.fits,0.01,2,HEL1OS,Aditya-L1,N/A,N/A,HEL1OS-L1-PIPELINE
gticdte1.fits,.fits,0.01,2,HEL1OS,Aditya-L1,N/A,N/A,HEL1OS-L1-PIPELINE
hel1os_czt_spectra_czt1.fits,.fits,4.52,2,HEL1OS,Aditya-L1,N/A,N/A,HEL1OS-L1-PIPELINE
hel1os_czt_spectra_czt2.fits,.fits,4.52,2,HEL1OS,Aditya-L1,N/A,N/A,HEL1OS-L1-PIPELINE
lightcurve_czt1.fits,.fits,3.59,6,HEL1OS,Aditya-L1,N/A,N/A,HEL1OS-L1-PIPELINE
lightcurve_czt2.fits,.fits,3.59,6,HEL1OS,Aditya-L1,N/A,N/A,HEL1OS-L1-PIPELINE
hel1os_cdte_spectra_cdte1.fits,.fits,6.76,2,HEL1OS,Aditya-L1,N/A,N/A,HEL1OS-L1-PIPELINE
lightcurve_cdte2.fits,.fits,3.58,6,HEL1OS,Aditya-L1,N/A,N/A,HEL1OS-L1-PIPELINE
lightcurve_cdte1.fits,.fits,3.57,6,HEL1OS,Aditya-L1,N/A,N/A,HEL1OS-L1-PIPELINE
hel1os_cdte_spectra_cdte2.fits,.fits,6.76,2,HEL1OS,Aditya-L1,N/A,N/A,HEL1OS-L1-PIPELINE
evt.fits,.fits,34.6,5,HEL1OS,Aditya-L1,N/A,N/A,HEL1OS-L1-PIPELINE
gticzt1.fits,.fits,0.01,2,HEL1OS,Aditya-L1,N/A,N/A,HEL1OS-L1-PIPELINE
hk.fits,.fits,0.76,2,HEL1OS,Aditya-L1,N/A,N/A,HEL1OS-L1-PIPELINE
gticdte2.fits,.fits,0.01,2,HEL1OS,Aditya-L1,N/A,N/A,HEL1OS-L1-PIPELINE
gticzt2.fits,.fits,0.01,2,HEL1OS,Aditya-L1,N/A,N/A,HEL1OS-L1-PIPELINE
gticdte1.fits,.fits,0.01,2,HEL1OS,Aditya-L1,N/A,N/A,HEL1OS-L1-PIPELINE
hel1os_czt_spectra_czt1.fits,.fits,13.83,2,HEL1OS,Aditya-L1,N/A,N/A,HEL1OS-L1-PIPELINE
hel1os_czt_spectra_czt2.fits,.fits,14.12,2,HEL1OS,Aditya-L1,N/A,N/A,HEL1OS-L1-PIPELINE
lightcurve_czt1.fits,.fits,10.92,6,HEL1OS,Aditya-L1,N/A,N/A,HEL1OS-L1-PIPELINE
lightcurve_czt2.fits,.fits,11.14,6,HEL1OS,Aditya-L1,N/A,N/A,HEL1OS-L1-PIPELINE
hel1os_cdte_spectra_cdte1.fits,.fits,21.11,2,HEL1OS,Aditya-L1,N/A,N/A,HEL1OS-L1-PIPELINE
lightcurve_cdte2.fits,.fits,11.13,6,HEL1OS,Aditya-L1,N/A,N/A,HEL1OS-L1-PIPELINE
lightcurve_cdte1.fits,.fits,11.13,6,HEL1OS,Aditya-L1,N/A,N/A,HEL1OS-L1-PIPELINE
hel1os_cdte_spectra_cdte2.fits,.fits,21.11,2,HEL1OS,Aditya-L1,N/A,N/A,HEL1OS-L1-PIPELINE
evt.fits,.fits,115.22,5,HEL1OS,Aditya-L1,N/A,N/A,HEL1OS-L1-PIPELINE
gticzt1.fits,.fits,0.01,2,HEL1OS,Aditya-L1,N/A,N/A,HEL1OS-L1-PIPELINE
hk.fits,.fits,2.36,2,HEL1OS,Aditya-L1,N/A,N/A,HEL1OS-L1-PIPELINE
gticdte2.fits,.fits,0.01,2,HEL1OS,Aditya-L1,N/A,N/A,HEL1OS-L1-PIPELINE
gticzt2.fits,.fits,0.01,2,HEL1OS,Aditya-L1,N/A,N/A,HEL1OS-L1-PIPELINE
gticdte1.fits,.fits,0.01,2,HEL1OS,Aditya-L1,N/A,N/A,HEL1OS-L1-PIPELINE
hel1os_czt_spectra_czt1.fits,.fits,14.12,2,HEL1OS,Aditya-L1,N/A,N/A,HEL1OS-L1-PIPELINE
hel1os_czt_spectra_czt2.fits,.fits,13.99,2,HEL1OS,Aditya-L1,N/A,N/A,HEL1OS-L1-PIPELINE
lightcurve_czt1.fits,.fits,11.14,6,HEL1OS,Aditya-L1,N/A,N/A,HEL1OS-L1-PIPELINE
lightcurve_czt2.fits,.fits,11.04,6,HEL1OS,Aditya-L1,N/A,N/A,HEL1OS-L1-PIPELINE
hel1os_cdte_spectra_cdte1.fits,.fits,21.11,2,HEL1OS,Aditya-L1,N/A,N/A,HEL1OS-L1-PIPELINE
lightcurve_cdte2.fits,.fits,11.13,6,HEL1OS,Aditya-L1,N/A,N/A,HEL1OS-L1-PIPELINE
lightcurve_cdte1.fits,.fits,11.12,6,HEL1OS,Aditya-L1,N/A,N/A,HEL1OS-L1-PIPELINE
hel1os_cdte_spectra_cdte2.fits,.fits,21.11,2,HEL1OS,Aditya-L1,N/A,N/A,HEL1OS-L1-PIPELINE
evt.fits,.fits,289.4,5,HEL1OS,Aditya-L1,N/A,N/A,HEL1OS-L1-PIPELINE
gticzt1.fits,.fits,0.01,2,HEL1OS,Aditya-L1,N/A,N/A,HEL1OS-L1-PIPELINE
hk.fits,.fits,3.78,2,HEL1OS,Aditya-L1,N/A,N/A,HEL1OS-L1-PIPELINE
gticdte2.fits,.fits,0.01,2,HEL1OS,Aditya-L1,N/A,N/A,HEL1OS-L1-PIPELINE
gticzt2.fits,.fits,0.01,2,HEL1OS,Aditya-L1,N/A,N/A,HEL1OS-L1-PIPELINE
gticdte1.fits,.fits,0.01,2,HEL1OS,Aditya-L1,N/A,N/A,HEL1OS-L1-PIPELINE
hel1os_czt_spectra_czt1.fits,.fits,6.31,2,HEL1OS,Aditya-L1,N/A,N/A,HEL1OS-L1-PIPELINE
hel1os_czt_spectra_czt2.fits,.fits,6.31,2,HEL1OS,Aditya-L1,N/A,N/A,HEL1OS-L1-PIPELINE
lightcurve_czt1.fits,.fits,4.99,6,HEL1OS,Aditya-L1,N/A,N/A,HEL1OS-L1-PIPELINE
lightcurve_czt2.fits,.fits,4.99,6,HEL1OS,Aditya-L1,N/A,N/A,HEL1OS-L1-PIPELINE
hel1os_cdte_spectra_cdte1.fits,.fits,9.44,2,HEL1OS,Aditya-L1,N/A,N/A,HEL1OS-L1-PIPELINE
lightcurve_cdte2.fits,.fits,4.98,6,HEL1OS,Aditya-L1,N/A,N/A,HEL1OS-L1-PIPELINE
lightcurve_cdte1.fits,.fits,4.96,6,HEL1OS,Aditya-L1,N/A,N/A,HEL1OS-L1-PIPELINE
hel1os_cdte_spectra_cdte2.fits,.fits,9.44,2,HEL1OS,Aditya-L1,N/A,N/A,HEL1OS-L1-PIPELINE
evt.fits,.fits,54.76,5,HEL1OS,Aditya-L1,N/A,N/A,HEL1OS-L1-PIPELINE
gticzt1.fits,.fits,0.01,2,HEL1OS,Aditya-L1,N/A,N/A,HEL1OS-L1-PIPELINE
hk.fits,.fits,1.08,2,HEL1OS,Aditya-L1,N/A,N/A,HEL1OS-L1-PIPELINE
gticdte2.fits,.fits,0.01,2,HEL1OS,Aditya-L1,N/A,N/A,HEL1OS-L1-PIPELINE
gticzt2.fits,.fits,0.01,2,HEL1OS,Aditya-L1,N/A,N/A,HEL1OS-L1-PIPELINE
gticdte1.fits,.fits,0.01,2,HEL1OS,Aditya-L1,N/A,N/A,HEL1OS-L1-PIPELINE
hel1os_czt_spectra_czt1.fits,.fits,3.25,2,HEL1OS,Aditya-L1,N/A,N/A,HEL1OS-L1-PIPELINE
hel1os_czt_spectra_czt2.fits,.fits,3.31,2,HEL1OS,Aditya-L1,N/A,N/A,HEL1OS-L1-PIPELINE
lightcurve_czt1.fits,.fits,2.58,6,HEL1OS,Aditya-L1,N/A,N/A,HEL1OS-L1-PIPELINE
lightcurve_czt2.fits,.fits,2.63,6,HEL1OS,Aditya-L1,N/A,N/A,HEL1OS-L1-PIPELINE
hel1os_cdte_spectra_cdte1.fits,.fits,4.94,2,HEL1OS,Aditya-L1,N/A,N/A,HEL1OS-L1-PIPELINE
lightcurve_cdte2.fits,.fits,2.62,6,HEL1OS,Aditya-L1,N/A,N/A,HEL1OS-L1-PIPELINE
lightcurve_cdte1.fits,.fits,2.62,6,HEL1OS,Aditya-L1,N/A,N/A,HEL1OS-L1-PIPELINE
hel1os_cdte_spectra_cdte2.fits,.fits,4.94,2,HEL1OS,Aditya-L1,N/A,N/A,HEL1OS-L1-PIPELINE
evt.fits,.fits,27.95,5,HEL1OS,Aditya-L1,N/A,N/A,HEL1OS-L1-PIPELINE
gticzt1.fits,.fits,0.01,2,HEL1OS,Aditya-L1,N/A,N/A,HEL1OS-L1-PIPELINE
hk.fits,.fits,0.57,2,HEL1OS,Aditya-L1,N/A,N/A,HEL1OS-L1-PIPELINE
gticdte2.fits,.fits,0.01,2,HEL1OS,Aditya-L1,N/A,N/A,HEL1OS-L1-PIPELINE
gticzt2.fits,.fits,0.01,2,HEL1OS,Aditya-L1,N/A,N/A,HEL1OS-L1-PIPELINE
gticdte1.fits,.fits,0.01,2,HEL1OS,Aditya-L1,N/A,N/A,HEL1OS-L1-PIPELINE
hel1os_czt_spectra_czt1.fits,.fits,7.41,2,HEL1OS,Aditya-L1,N/A,N/A,HEL1OS-L1-PIPELINE
hel1os_czt_spectra_czt2.fits,.fits,7.07,2,HEL1OS,Aditya-L1,N/A,N/A,HEL1OS-L1-PIPELINE
lightcurve_czt1.fits,.fits,5.85,6,HEL1OS,Aditya-L1,N/A,N/A,HEL1OS-L1-PIPELINE
lightcurve_czt2.fits,.fits,5.59,6,HEL1OS,Aditya-L1,N/A,N/A,HEL1OS-L1-PIPELINE
hel1os_cdte_spectra_cdte1.fits,.fits,11.07,2,HEL1OS,Aditya-L1,N/A,N/A,HEL1OS-L1-PIPELINE
lightcurve_cdte2.fits,.fits,5.85,6,HEL1OS,Aditya-L1,N/A,N/A,HEL1OS-L1-PIPELINE
lightcurve_cdte1.fits,.fits,5.84,6,HEL1OS,Aditya-L1,N/A,N/A,HEL1OS-L1-PIPELINE
hel1os_cdte_spectra_cdte2.fits,.fits,11.07,2,HEL1OS,Aditya-L1,N/A,N/A,HEL1OS-L1-PIPELINE
evt.fits,.fits,54.37,5,HEL1OS,Aditya-L1,N/A,N/A,HEL1OS-L1-PIPELINE
gticzt1.fits,.fits,0.01,2,HEL1OS,Aditya-L1,N/A,N/A,HEL1OS-L1-PIPELINE
hk.fits,.fits,1.24,2,HEL1OS,Aditya-L1,N/A,N/A,HEL1OS-L1-PIPELINE
gticdte2.fits,.fits,0.01,2,HEL1OS,Aditya-L1,N/A,N/A,HEL1OS-L1-PIPELINE
gticzt2.fits,.fits,0.01,2,HEL1OS,Aditya-L1,N/A,N/A,HEL1OS-L1-PIPELINE
gticdte1.fits,.fits,0.01,2,HEL1OS,Aditya-L1,N/A,N/A,HEL1OS-L1-PIPELINE
hel1os_czt_spectra_czt1.fits,.fits,4.55,2,HEL1OS,Aditya-L1,N/A,N/A,HEL1OS-L1-PIPELINE
hel1os_czt_spectra_czt2.fits,.fits,4.55,2,HEL1OS,Aditya-L1,N/A,N/A,HEL1OS-L1-PIPELINE
lightcurve_czt1.fits,.fits,3.61,6,HEL1OS,Aditya-L1,N/A,N/A,HEL1OS-L1-PIPELINE
lightcurve_czt2.fits,.fits,3.61,6,HEL1OS,Aditya-L1,N/A,N/A,HEL1OS-L1-PIPELINE
hel1os_cdte_spectra_cdte1.fits,.fits,6.81,2,HEL1OS,Aditya-L1,N/A,N/A,HEL1OS-L1-PIPELINE
lightcurve_cdte2.fits,.fits,3.6,6,HEL1OS,Aditya-L1,N/A,N/A,HEL1OS-L1-PIPELINE
lightcurve_cdte1.fits,.fits,3.6,6,HEL1OS,Aditya-L1,N/A,N/A,HEL1OS-L1-PIPELINE
hel1os_cdte_spectra_cdte2.fits,.fits,6.8,2,HEL1OS,Aditya-L1,N/A,N/A,HEL1OS-L1-PIPELINE
evt.fits,.fits,38.57,5,HEL1OS,Aditya-L1,N/A,N/A,HEL1OS-L1-PIPELINE
gticzt1.fits,.fits,0.01,2,HEL1OS,Aditya-L1,N/A,N/A,HEL1OS-L1-PIPELINE
hk.fits,.fits,0.78,2,HEL1OS,Aditya-L1,N/A,N/A,HEL1OS-L1-PIPELINE
gticdte2.fits,.fits,0.01,2,HEL1OS,Aditya-L1,N/A,N/A,HEL1OS-L1-PIPELINE
gticzt2.fits,.fits,0.01,2,HEL1OS,Aditya-L1,N/A,N/A,HEL1OS-L1-PIPELINE
gticdte1.fits,.fits,0.01,2,HEL1OS,Aditya-L1,N/A,N/A,HEL1OS-L1-PIPELINE
hel1os_czt_spectra_czt1.fits,.fits,6.26,2,HEL1OS,Aditya-L1,N/A,N/A,HEL1OS-L1-PIPELINE
hel1os_czt_spectra_czt2.fits,.fits,6.27,2,HEL1OS,Aditya-L1,N/A,N/A,HEL1OS-L1-PIPELINE
lightcurve_czt1.fits,.fits,4.95,6,HEL1OS,Aditya-L1,N/A,N/A,HEL1OS-L1-PIPELINE
lightcurve_czt2.fits,.fits,4.96,6,HEL1OS,Aditya-L1,N/A,N/A,HEL1OS-L1-PIPELINE
hel1os_cdte_spectra_cdte1.fits,.fits,9.37,2,HEL1OS,Aditya-L1,N/A,N/A,HEL1OS-L1-PIPELINE
lightcurve_cdte2.fits,.fits,4.96,6,HEL1OS,Aditya-L1,N/A,N/A,HEL1OS-L1-PIPELINE
lightcurve_cdte1.fits,.fits,4.94,6,HEL1OS,Aditya-L1,N/A,N/A,HEL1OS-L1-PIPELINE
hel1os_cdte_spectra_cdte2.fits,.fits,9.37,2,HEL1OS,Aditya-L1,N/A,N/A,HEL1OS-L1-PIPELINE
evt.fits,.fits,53.7,5,HEL1OS,Aditya-L1,N/A,N/A,HEL1OS-L1-PIPELINE
gticzt1.fits,.fits,0.01,2,HEL1OS,Aditya-L1,N/A,N/A,HEL1OS-L1-PIPELINE
hk.fits,.fits,1.06,2,HEL1OS,Aditya-L1,N/A,N/A,HEL1OS-L1-PIPELINE
gticdte2.fits,.fits,0.01,2,HEL1OS,Aditya-L1,N/A,N/A,HEL1OS-L1-PIPELINE
gticzt2.fits,.fits,0.01,2,HEL1OS,Aditya-L1,N/A,N/A,HEL1OS-L1-PIPELINE
gticdte1.fits,.fits,0.01,2,HEL1OS,Aditya-L1,N/A,N/A,HEL1OS-L1-PIPELINE
hel1os_czt_spectra_czt1.fits,.fits,9.29,2,HEL1OS,Aditya-L1,N/A,N/A,HEL1OS-L1-PIPELINE
hel1os_czt_spectra_czt2.fits,.fits,9.43,2,HEL1OS,Aditya-L1,N/A,N/A,HEL1OS-L1-PIPELINE
lightcurve_czt1.fits,.fits,7.34,6,HEL1OS,Aditya-L1,N/A,N/A,HEL1OS-L1-PIPELINE
lightcurve_czt2.fits,.fits,7.45,6,HEL1OS,Aditya-L1,N/A,N/A,HEL1OS-L1-PIPELINE
hel1os_cdte_spectra_cdte1.fits,.fits,14.29,2,HEL1OS,Aditya-L1,N/A,N/A,HEL1OS-L1-PIPELINE
lightcurve_cdte2.fits,.fits,7.54,6,HEL1OS,Aditya-L1,N/A,N/A,HEL1OS-L1-PIPELINE
lightcurve_cdte1.fits,.fits,7.53,6,HEL1OS,Aditya-L1,N/A,N/A,HEL1OS-L1-PIPELINE
hel1os_cdte_spectra_cdte2.fits,.fits,14.28,2,HEL1OS,Aditya-L1,N/A,N/A,HEL1OS-L1-PIPELINE
evt.fits,.fits,77.77,5,HEL1OS,Aditya-L1,N/A,N/A,HEL1OS-L1-PIPELINE
gticzt1.fits,.fits,0.01,2,HEL1OS,Aditya-L1,N/A,N/A,HEL1OS-L1-PIPELINE
hk.fits,.fits,1.62,2,HEL1OS,Aditya-L1,N/A,N/A,HEL1OS-L1-PIPELINE
gticdte2.fits,.fits,0.01,2,HEL1OS,Aditya-L1,N/A,N/A,HEL1OS-L1-PIPELINE
gticzt2.fits,.fits,0.01,2,HEL1OS,Aditya-L1,N/A,N/A,HEL1OS-L1-PIPELINE
gticdte1.fits,.fits,0.01,2,HEL1OS,Aditya-L1,N/A,N/A,HEL1OS-L1-PIPELINE
hel1os_czt_spectra_czt1.fits,.fits,7.6,2,HEL1OS,Aditya-L1,N/A,N/A,HEL1OS-L1-PIPELINE
hel1os_czt_spectra_czt2.fits,.fits,7.78,2,HEL1OS,Aditya-L1,N/A,N/A,HEL1OS-L1-PIPELINE
lightcurve_czt1.fits,.fits,6.0,6,HEL1OS,Aditya-L1,N/A,N/A,HEL1OS-L1-PIPELINE
lightcurve_czt2.fits,.fits,6.16,6,HEL1OS,Aditya-L1,N/A,N/A,HEL1OS-L1-PIPELINE
hel1os_cdte_spectra_cdte1.fits,.fits,11.77,2,HEL1OS,Aditya-L1,N/A,N/A,HEL1OS-L1-PIPELINE
lightcurve_cdte2.fits,.fits,6.22,6,HEL1OS,Aditya-L1,N/A,N/A,HEL1OS-L1-PIPELINE
lightcurve_cdte1.fits,.fits,6.19,6,HEL1OS,Aditya-L1,N/A,N/A,HEL1OS-L1-PIPELINE
hel1os_cdte_spectra_cdte2.fits,.fits,11.77,2,HEL1OS,Aditya-L1,N/A,N/A,HEL1OS-L1-PIPELINE
evt.fits,.fits,80.76,5,HEL1OS,Aditya-L1,N/A,N/A,HEL1OS-L1-PIPELINE
gticzt1.fits,.fits,0.01,2,HEL1OS,Aditya-L1,N/A,N/A,HEL1OS-L1-PIPELINE
hk.fits,.fits,1.64,2,HEL1OS,Aditya-L1,N/A,N/A,HEL1OS-L1-PIPELINE
gticdte2.fits,.fits,0.01,2,HEL1OS,Aditya-L1,N/A,N/A,HEL1OS-L1-PIPELINE
gticzt2.fits,.fits,0.01,2,HEL1OS,Aditya-L1,N/A,N/A,HEL1OS-L1-PIPELINE
gticdte1.fits,.fits,0.01,2,HEL1OS,Aditya-L1,N/A,N/A,HEL1OS-L1-PIPELINE
hel1os_czt_spectra_czt1.fits,.fits,5.14,2,HEL1OS,Aditya-L1,N/A,N/A,HEL1OS-L1-PIPELINE
hel1os_czt_spectra_czt2.fits,.fits,5.14,2,HEL1OS,Aditya-L1,N/A,N/A,HEL1OS-L1-PIPELINE
lightcurve_czt1.fits,.fits,4.08,6,HEL1OS,Aditya-L1,N/A,N/A,HEL1OS-L1-PIPELINE
lightcurve_czt2.fits,.fits,4.08,6,HEL1OS,Aditya-L1,N/A,N/A,HEL1OS-L1-PIPELINE
hel1os_cdte_spectra_cdte1.fits,.fits,7.67,2,HEL1OS,Aditya-L1,N/A,N/A,HEL1OS-L1-PIPELINE
lightcurve_cdte2.fits,.fits,4.06,6,HEL1OS,Aditya-L1,N/A,N/A,HEL1OS-L1-PIPELINE
lightcurve_cdte1.fits,.fits,4.05,6,HEL1OS,Aditya-L1,N/A,N/A,HEL1OS-L1-PIPELINE
hel1os_cdte_spectra_cdte2.fits,.fits,7.69,2,HEL1OS,Aditya-L1,N/A,N/A,HEL1OS-L1-PIPELINE
evt.fits,.fits,50.78,5,HEL1OS,Aditya-L1,N/A,N/A,HEL1OS-L1-PIPELINE
gticzt1.fits,.fits,0.01,2,HEL1OS,Aditya-L1,N/A,N/A,HEL1OS-L1-PIPELINE
hk.fits,.fits,0.85,2,HEL1OS,Aditya-L1,N/A,N/A,HEL1OS-L1-PIPELINE
gticdte2.fits,.fits,0.01,2,HEL1OS,Aditya-L1,N/A,N/A,HEL1OS-L1-PIPELINE
gticzt2.fits,.fits,0.01,2,HEL1OS,Aditya-L1,N/A,N/A,HEL1OS-L1-PIPELINE
gticdte1.fits,.fits,0.01,2,HEL1OS,Aditya-L1,N/A,N/A,HEL1OS-L1-PIPELINE
hel1os_czt_spectra_czt1.fits,.fits,14.12,2,HEL1OS,Aditya-L1,N/A,N/A,HEL1OS-L1-PIPELINE
hel1os_czt_spectra_czt2.fits,.fits,14.12,2,HEL1OS,Aditya-L1,N/A,N/A,HEL1OS-L1-PIPELINE
lightcurve_czt1.fits,.fits,11.14,6,HEL1OS,Aditya-L1,N/A,N/A,HEL1OS-L1-PIPELINE
lightcurve_czt2.fits,.fits,11.14,6,HEL1OS,Aditya-L1,N/A,N/A,HEL1OS-L1-PIPELINE
hel1os_cdte_spectra_cdte1.fits,.fits,21.11,2,HEL1OS,Aditya-L1,N/A,N/A,HEL1OS-L1-PIPELINE
lightcurve_cdte2.fits,.fits,11.12,6,HEL1OS,Aditya-L1,N/A,N/A,HEL1OS-L1-PIPELINE
lightcurve_cdte1.fits,.fits,11.11,6,HEL1OS,Aditya-L1,N/A,N/A,HEL1OS-L1-PIPELINE
hel1os_cdte_spectra_cdte2.fits,.fits,21.11,2,HEL1OS,Aditya-L1,N/A,N/A,HEL1OS-L1-PIPELINE
evt.fits,.fits,143.87,5,HEL1OS,Aditya-L1,N/A,N/A,HEL1OS-L1-PIPELINE
gticzt1.fits,.fits,0.01,2,HEL1OS,Aditya-L1,N/A,N/A,HEL1OS-L1-PIPELINE
hk.fits,.fits,2.38,2,HEL1OS,Aditya-L1,N/A,N/A,HEL1OS-L1-PIPELINE
gticdte2.fits,.fits,0.01,2,HEL1OS,Aditya-L1,N/A,N/A,HEL1OS-L1-PIPELINE
gticzt2.fits,.fits,0.01,2,HEL1OS,Aditya-L1,N/A,N/A,HEL1OS-L1-PIPELINE
gticdte1.fits,.fits,0.01,2,HEL1OS,Aditya-L1,N/A,N/A,HEL1OS-L1-PIPELINE
hel1os_czt_spectra_czt1.fits,.fits,1.68,2,HEL1OS,Aditya-L1,N/A,N/A,HEL1OS-L1-PIPELINE
hel1os_czt_spectra_czt2.fits,.fits,1.68,2,HEL1OS,Aditya-L1,N/A,N/A,HEL1OS-L1-PIPELINE
lightcurve_czt1.fits,.fits,1.35,6,HEL1OS,Aditya-L1,N/A,N/A,HEL1OS-L1-PIPELINE
lightcurve_czt2.fits,.fits,1.35,6,HEL1OS,Aditya-L1,N/A,N/A,HEL1OS-L1-PIPELINE
hel1os_cdte_spectra_cdte1.fits,.fits,2.51,2,HEL1OS,Aditya-L1,N/A,N/A,HEL1OS-L1-PIPELINE
lightcurve_cdte2.fits,.fits,1.33,6,HEL1OS,Aditya-L1,N/A,N/A,HEL1OS-L1-PIPELINE
lightcurve_cdte1.fits,.fits,1.34,6,HEL1OS,Aditya-L1,N/A,N/A,HEL1OS-L1-PIPELINE
hel1os_cdte_spectra_cdte2.fits,.fits,2.51,2,HEL1OS,Aditya-L1,N/A,N/A,HEL1OS-L1-PIPELINE
evt.fits,.fits,17.2,5,HEL1OS,Aditya-L1,N/A,N/A,HEL1OS-L1-PIPELINE
gticzt1.fits,.fits,0.01,2,HEL1OS,Aditya-L1,N/A,N/A,HEL1OS-L1-PIPELINE
hk.fits,.fits,0.3,2,HEL1OS,Aditya-L1,N/A,N/A,HEL1OS-L1-PIPELINE
gticdte2.fits,.fits,0.01,2,HEL1OS,Aditya-L1,N/A,N/A,HEL1OS-L1-PIPELINE
gticzt2.fits,.fits,0.01,2,HEL1OS,Aditya-L1,N/A,N/A,HEL1OS-L1-PIPELINE
gticdte1.fits,.fits,0.01,2,HEL1OS,Aditya-L1,N/A,N/A,HEL1OS-L1-PIPELINE
hel1os_czt_spectra_czt1.fits,.fits,14.12,2,HEL1OS,Aditya-L1,N/A,N/A,HEL1OS-L1-PIPELINE
hel1os_czt_spectra_czt2.fits,.fits,14.12,2,HEL1OS,Aditya-L1,N/A,N/A,HEL1OS-L1-PIPELINE
lightcurve_czt1.fits,.fits,11.14,6,HEL1OS,Aditya-L1,N/A,N/A,HEL1OS-L1-PIPELINE
lightcurve_czt2.fits,.fits,11.14,6,HEL1OS,Aditya-L1,N/A,N/A,HEL1OS-L1-PIPELINE
hel1os_cdte_spectra_cdte1.fits,.fits,21.12,2,HEL1OS,Aditya-L1,N/A,N/A,HEL1OS-L1-PIPELINE
lightcurve_cdte2.fits,.fits,11.13,6,HEL1OS,Aditya-L1,N/A,N/A,HEL1OS-L1-PIPELINE
lightcurve_cdte1.fits,.fits,11.12,6,HEL1OS,Aditya-L1,N/A,N/A,HEL1OS-L1-PIPELINE
hel1os_cdte_spectra_cdte2.fits,.fits,21.12,2,HEL1OS,Aditya-L1,N/A,N/A,HEL1OS-L1-PIPELINE
evt.fits,.fits,164.08,5,HEL1OS,Aditya-L1,N/A,N/A,HEL1OS-L1-PIPELINE
gticzt1.fits,.fits,0.01,2,HEL1OS,Aditya-L1,N/A,N/A,HEL1OS-L1-PIPELINE
hk.fits,.fits,2.29,2,HEL1OS,Aditya-L1,N/A,N/A,HEL1OS-L1-PIPELINE
gticdte2.fits,.fits,0.01,2,HEL1OS,Aditya-L1,N/A,N/A,HEL1OS-L1-PIPELINE
gticzt2.fits,.fits,0.01,2,HEL1OS,Aditya-L1,N/A,N/A,HEL1OS-L1-PIPELINE
gticdte1.fits,.fits,0.01,2,HEL1OS,Aditya-L1,N/A,N/A,HEL1OS-L1-PIPELINE
hel1os_czt_spectra_czt1.fits,.fits,1.6,2,HEL1OS,Aditya-L1,N/A,N/A,HEL1OS-L1-PIPELINE
hel1os_czt_spectra_czt2.fits,.fits,1.6,2,HEL1OS,Aditya-L1,N/A,N/A,HEL1OS-L1-PIPELINE
lightcurve_czt1.fits,.fits,1.28,6,HEL1OS,Aditya-L1,N/A,N/A,HEL1OS-L1-PIPELINE
lightcurve_czt2.fits,.fits,1.28,6,HEL1OS,Aditya-L1,N/A,N/A,HEL1OS-L1-PIPELINE
hel1os_cdte_spectra_cdte1.fits,.fits,2.39,2,HEL1OS,Aditya-L1,N/A,N/A,HEL1OS-L1-PIPELINE
lightcurve_cdte2.fits,.fits,1.27,6,HEL1OS,Aditya-L1,N/A,N/A,HEL1OS-L1-PIPELINE
lightcurve_cdte1.fits,.fits,1.27,6,HEL1OS,Aditya-L1,N/A,N/A,HEL1OS-L1-PIPELINE
hel1os_cdte_spectra_cdte2.fits,.fits,2.39,2,HEL1OS,Aditya-L1,N/A,N/A,HEL1OS-L1-PIPELINE
evt.fits,.fits,18.61,5,HEL1OS,Aditya-L1,N/A,N/A,HEL1OS-L1-PIPELINE
gticzt1.fits,.fits,0.01,2,HEL1OS,Aditya-L1,N/A,N/A,HEL1OS-L1-PIPELINE
hk.fits,.fits,0.3,2,HEL1OS,Aditya-L1,N/A,N/A,HEL1OS-L1-PIPELINE
gticdte2.fits,.fits,0.01,2,HEL1OS,Aditya-L1,N/A,N/A,HEL1OS-L1-PIPELINE
gticzt2.fits,.fits,0.01,2,HEL1OS,Aditya-L1,N/A,N/A,HEL1OS-L1-PIPELINE
gticdte1.fits,.fits,0.01,2,HEL1OS,Aditya-L1,N/A,N/A,HEL1OS-L1-PIPELINE
hel1os_czt_spectra_czt1.fits,.fits,12.45,2,HEL1OS,Aditya-L1,N/A,N/A,HEL1OS-L1-PIPELINE
hel1os_czt_spectra_czt2.fits,.fits,12.45,2,HEL1OS,Aditya-L1,N/A,N/A,HEL1OS-L1-PIPELINE
lightcurve_czt1.fits,.fits,9.82,6,HEL1OS,Aditya-L1,N/A,N/A,HEL1OS-L1-PIPELINE
lightcurve_czt2.fits,.fits,9.82,6,HEL1OS,Aditya-L1,N/A,N/A,HEL1OS-L1-PIPELINE
hel1os_cdte_spectra_cdte1.fits,.fits,18.61,2,HEL1OS,Aditya-L1,N/A,N/A,HEL1OS-L1-PIPELINE
lightcurve_cdte2.fits,.fits,9.81,6,HEL1OS,Aditya-L1,N/A,N/A,HEL1OS-L1-PIPELINE
lightcurve_cdte1.fits,.fits,9.8,6,HEL1OS,Aditya-L1,N/A,N/A,HEL1OS-L1-PIPELINE
hel1os_cdte_spectra_cdte2.fits,.fits,18.62,2,HEL1OS,Aditya-L1,N/A,N/A,HEL1OS-L1-PIPELINE
evt.fits,.fits,123.7,5,HEL1OS,Aditya-L1,N/A,N/A,HEL1OS-L1-PIPELINE
gticzt1.fits,.fits,0.01,2,HEL1OS,Aditya-L1,N/A,N/A,HEL1OS-L1-PIPELINE
hk.fits,.fits,2.08,2,HEL1OS,Aditya-L1,N/A,N/A,HEL1OS-L1-PIPELINE
gticdte2.fits,.fits,0.01,2,HEL1OS,Aditya-L1,N/A,N/A,HEL1OS-L1-PIPELINE
gticzt2.fits,.fits,0.01,2,HEL1OS,Aditya-L1,N/A,N/A,HEL1OS-L1-PIPELINE
gticdte1.fits,.fits,0.01,2,HEL1OS,Aditya-L1,N/A,N/A,HEL1OS-L1-PIPELINE
hel1os_czt_spectra_czt1.fits,.fits,14.12,2,HEL1OS,Aditya-L1,N/A,N/A,HEL1OS-L1-PIPELINE
hel1os_czt_spectra_czt2.fits,.fits,14.12,2,HEL1OS,Aditya-L1,N/A,N/A,HEL1OS-L1-PIPELINE
lightcurve_czt1.fits,.fits,11.14,6,HEL1OS,Aditya-L1,N/A,N/A,HEL1OS-L1-PIPELINE
lightcurve_czt2.fits,.fits,11.14,6,HEL1OS,Aditya-L1,N/A,N/A,HEL1OS-L1-PIPELINE
hel1os_cdte_spectra_cdte1.fits,.fits,21.11,2,HEL1OS,Aditya-L1,N/A,N/A,HEL1OS-L1-PIPELINE
lightcurve_cdte2.fits,.fits,11.13,6,HEL1OS,Aditya-L1,N/A,N/A,HEL1OS-L1-PIPELINE
lightcurve_cdte1.fits,.fits,11.12,6,HEL1OS,Aditya-L1,N/A,N/A,HEL1OS-L1-PIPELINE
hel1os_cdte_spectra_cdte2.fits,.fits,21.11,2,HEL1OS,Aditya-L1,N/A,N/A,HEL1OS-L1-PIPELINE
evt.fits,.fits,140.22,5,HEL1OS,Aditya-L1,N/A,N/A,HEL1OS-L1-PIPELINE
gticzt1.fits,.fits,0.01,2,HEL1OS,Aditya-L1,N/A,N/A,HEL1OS-L1-PIPELINE
hk.fits,.fits,2.35,2,HEL1OS,Aditya-L1,N/A,N/A,HEL1OS-L1-PIPELINE
gticdte2.fits,.fits,0.01,2,HEL1OS,Aditya-L1,N/A,N/A,HEL1OS-L1-PIPELINE
gticzt2.fits,.fits,0.01,2,HEL1OS,Aditya-L1,N/A,N/A,HEL1OS-L1-PIPELINE
gticdte1.fits,.fits,0.01,2,HEL1OS,Aditya-L1,N/A,N/A,HEL1OS-L1-PIPELINE
hel1os_czt_spectra_czt1.fits,.fits,4.95,2,HEL1OS,Aditya-L1,N/A,N/A,HEL1OS-L1-PIPELINE
hel1os_czt_spectra_czt2.fits,.fits,4.95,2,HEL1OS,Aditya-L1,N/A,N/A,HEL1OS-L1-PIPELINE
lightcurve_czt1.fits,.fits,3.92,6,HEL1OS,Aditya-L1,N/A,N/A,HEL1OS-L1-PIPELINE
lightcurve_czt2.fits,.fits,3.92,6,HEL1OS,Aditya-L1,N/A,N/A,HEL1OS-L1-PIPELINE
hel1os_cdte_spectra_cdte1.fits,.fits,7.4,2,HEL1OS,Aditya-L1,N/A,N/A,HEL1OS-L1-PIPELINE
lightcurve_cdte2.fits,.fits,3.9,6,HEL1OS,Aditya-L1,N/A,N/A,HEL1OS-L1-PIPELINE
lightcurve_cdte1.fits,.fits,3.91,6,HEL1OS,Aditya-L1,N/A,N/A,HEL1OS-L1-PIPELINE
hel1os_cdte_spectra_cdte2.fits,.fits,7.4,2,HEL1OS,Aditya-L1,N/A,N/A,HEL1OS-L1-PIPELINE
evt.fits,.fits,49.56,5,HEL1OS,Aditya-L1,N/A,N/A,HEL1OS-L1-PIPELINE
gticzt1.fits,.fits,0.01,2,HEL1OS,Aditya-L1,N/A,N/A,HEL1OS-L1-PIPELINE
hk.fits,.fits,0.84,2,HEL1OS,Aditya-L1,N/A,N/A,HEL1OS-L1-PIPELINE
gticdte2.fits,.fits,0.01,2,HEL1OS,Aditya-L1,N/A,N/A,HEL1OS-L1-PIPELINE
gticzt2.fits,.fits,0.01,2,HEL1OS,Aditya-L1,N/A,N/A,HEL1OS-L1-PIPELINE
gticdte1.fits,.fits,0.01,2,HEL1OS,Aditya-L1,N/A,N/A,HEL1OS-L1-PIPELINE
hel1os_czt_spectra_czt1.fits,.fits,12.44,2,HEL1OS,Aditya-L1,N/A,N/A,HEL1OS-L1-PIPELINE
hel1os_czt_spectra_czt2.fits,.fits,12.44,2,HEL1OS,Aditya-L1,N/A,N/A,HEL1OS-L1-PIPELINE
lightcurve_czt1.fits,.fits,9.82,6,HEL1OS,Aditya-L1,N/A,N/A,HEL1OS-L1-PIPELINE
lightcurve_czt2.fits,.fits,9.82,6,HEL1OS,Aditya-L1,N/A,N/A,HEL1OS-L1-PIPELINE
hel1os_cdte_spectra_cdte1.fits,.fits,18.6,2,HEL1OS,Aditya-L1,N/A,N/A,HEL1OS-L1-PIPELINE
lightcurve_cdte2.fits,.fits,9.81,6,HEL1OS,Aditya-L1,N/A,N/A,HEL1OS-L1-PIPELINE
lightcurve_cdte1.fits,.fits,9.79,6,HEL1OS,Aditya-L1,N/A,N/A,HEL1OS-L1-PIPELINE
hel1os_cdte_spectra_cdte2.fits,.fits,18.6,2,HEL1OS,Aditya-L1,N/A,N/A,HEL1OS-L1-PIPELINE
evt.fits,.fits,127.65,5,HEL1OS,Aditya-L1,N/A,N/A,HEL1OS-L1-PIPELINE
gticzt1.fits,.fits,0.01,2,HEL1OS,Aditya-L1,N/A,N/A,HEL1OS-L1-PIPELINE
hk.fits,.fits,2.1,2,HEL1OS,Aditya-L1,N/A,N/A,HEL1OS-L1-PIPELINE
gticdte2.fits,.fits,0.01,2,HEL1OS,Aditya-L1,N/A,N/A,HEL1OS-L1-PIPELINE
gticzt2.fits,.fits,0.01,2,HEL1OS,Aditya-L1,N/A,N/A,HEL1OS-L1-PIPELINE
gticdte1.fits,.fits,0.01,2,HEL1OS,Aditya-L1,N/A,N/A,HEL1OS-L1-PIPELINE
hel1os_czt_spectra_czt1.fits,.fits,9.16,2,HEL1OS,Aditya-L1,N/A,N/A,HEL1OS-L1-PIPELINE
hel1os_czt_spectra_czt2.fits,.fits,9.16,2,HEL1OS,Aditya-L1,N/A,N/A,HEL1OS-L1-PIPELINE
lightcurve_czt1.fits,.fits,7.24,6,HEL1OS,Aditya-L1,N/A,N/A,HEL1OS-L1-PIPELINE
lightcurve_czt2.fits,.fits,7.24,6,HEL1OS,Aditya-L1,N/A,N/A,HEL1OS-L1-PIPELINE
hel1os_cdte_spectra_cdte1.fits,.fits,13.69,2,HEL1OS,Aditya-L1,N/A,N/A,HEL1OS-L1-PIPELINE
lightcurve_cdte2.fits,.fits,7.23,6,HEL1OS,Aditya-L1,N/A,N/A,HEL1OS-L1-PIPELINE
lightcurve_cdte1.fits,.fits,7.23,6,HEL1OS,Aditya-L1,N/A,N/A,HEL1OS-L1-PIPELINE
hel1os_cdte_spectra_cdte2.fits,.fits,13.69,2,HEL1OS,Aditya-L1,N/A,N/A,HEL1OS-L1-PIPELINE
evt.fits,.fits,94.54,5,HEL1OS,Aditya-L1,N/A,N/A,HEL1OS-L1-PIPELINE
gticzt1.fits,.fits,0.01,2,HEL1OS,Aditya-L1,N/A,N/A,HEL1OS-L1-PIPELINE
hk.fits,.fits,1.56,2,HEL1OS,Aditya-L1,N/A,N/A,HEL1OS-L1-PIPELINE
gticdte2.fits,.fits,0.01,2,HEL1OS,Aditya-L1,N/A,N/A,HEL1OS-L1-PIPELINE
gticzt2.fits,.fits,0.01,2,HEL1OS,Aditya-L1,N/A,N/A,HEL1OS-L1-PIPELINE
gticdte1.fits,.fits,0.01,2,HEL1OS,Aditya-L1,N/A,N/A,HEL1OS-L1-PIPELINE
hel1os_czt_spectra_czt1.fits,.fits,4.94,2,HEL1OS,Aditya-L1,N/A,N/A,HEL1OS-L1-PIPELINE
hel1os_czt_spectra_czt2.fits,.fits,4.94,2,HEL1OS,Aditya-L1,N/A,N/A,HEL1OS-L1-PIPELINE
lightcurve_czt1.fits,.fits,3.92,6,HEL1OS,Aditya-L1,N/A,N/A,HEL1OS-L1-PIPELINE
lightcurve_czt2.fits,.fits,3.92,6,HEL1OS,Aditya-L1,N/A,N/A,HEL1OS-L1-PIPELINE
hel1os_cdte_spectra_cdte1.fits,.fits,7.39,2,HEL1OS,Aditya-L1,N/A,N/A,HEL1OS-L1-PIPELINE
lightcurve_cdte2.fits,.fits,3.9,6,HEL1OS,Aditya-L1,N/A,N/A,HEL1OS-L1-PIPELINE
lightcurve_cdte1.fits,.fits,3.9,6,HEL1OS,Aditya-L1,N/A,N/A,HEL1OS-L1-PIPELINE
hel1os_cdte_spectra_cdte2.fits,.fits,7.39,2,HEL1OS,Aditya-L1,N/A,N/A,HEL1OS-L1-PIPELINE
evt.fits,.fits,53.46,5,HEL1OS,Aditya-L1,N/A,N/A,HEL1OS-L1-PIPELINE
gticzt1.fits,.fits,0.01,2,HEL1OS,Aditya-L1,N/A,N/A,HEL1OS-L1-PIPELINE
hk.fits,.fits,0.87,2,HEL1OS,Aditya-L1,N/A,N/A,HEL1OS-L1-PIPELINE
gticdte2.fits,.fits,0.01,2,HEL1OS,Aditya-L1,N/A,N/A,HEL1OS-L1-PIPELINE
gticzt2.fits,.fits,0.01,2,HEL1OS,Aditya-L1,N/A,N/A,HEL1OS-L1-PIPELINE
gticdte1.fits,.fits,0.01,2,HEL1OS,Aditya-L1,N/A,N/A,HEL1OS-L1-PIPELINE
hel1os_czt_spectra_czt1.fits,.fits,12.44,2,HEL1OS,Aditya-L1,N/A,N/A,HEL1OS-L1-PIPELINE
hel1os_czt_spectra_czt2.fits,.fits,12.44,2,HEL1OS,Aditya-L1,N/A,N/A,HEL1OS-L1-PIPELINE
lightcurve_czt1.fits,.fits,9.82,6,HEL1OS,Aditya-L1,N/A,N/A,HEL1OS-L1-PIPELINE
lightcurve_czt2.fits,.fits,9.82,6,HEL1OS,Aditya-L1,N/A,N/A,HEL1OS-L1-PIPELINE
hel1os_cdte_spectra_cdte1.fits,.fits,18.61,2,HEL1OS,Aditya-L1,N/A,N/A,HEL1OS-L1-PIPELINE
lightcurve_cdte2.fits,.fits,9.81,6,HEL1OS,Aditya-L1,N/A,N/A,HEL1OS-L1-PIPELINE
lightcurve_cdte1.fits,.fits,9.82,6,HEL1OS,Aditya-L1,N/A,N/A,HEL1OS-L1-PIPELINE
hel1os_cdte_spectra_cdte2.fits,.fits,18.61,2,HEL1OS,Aditya-L1,N/A,N/A,HEL1OS-L1-PIPELINE
evt.fits,.fits,148.35,5,HEL1OS,Aditya-L1,N/A,N/A,HEL1OS-L1-PIPELINE
gticzt1.fits,.fits,0.01,2,HEL1OS,Aditya-L1,N/A,N/A,HEL1OS-L1-PIPELINE
hk.fits,.fits,2.26,2,HEL1OS,Aditya-L1,N/A,N/A,HEL1OS-L1-PIPELINE
gticdte2.fits,.fits,0.01,2,HEL1OS,Aditya-L1,N/A,N/A,HEL1OS-L1-PIPELINE
gticzt2.fits,.fits,0.01,2,HEL1OS,Aditya-L1,N/A,N/A,HEL1OS-L1-PIPELINE
gticdte1.fits,.fits,0.01,2,HEL1OS,Aditya-L1,N/A,N/A,HEL1OS-L1-PIPELINE
hel1os_czt_spectra_czt1.fits,.fits,14.12,2,HEL1OS,Aditya-L1,N/A,N/A,HEL1OS-L1-PIPELINE
hel1os_czt_spectra_czt2.fits,.fits,14.12,2,HEL1OS,Aditya-L1,N/A,N/A,HEL1OS-L1-PIPELINE
lightcurve_czt1.fits,.fits,11.14,6,HEL1OS,Aditya-L1,N/A,N/A,HEL1OS-L1-PIPELINE
lightcurve_czt2.fits,.fits,11.14,6,HEL1OS,Aditya-L1,N/A,N/A,HEL1OS-L1-PIPELINE
hel1os_cdte_spectra_cdte1.fits,.fits,21.1,2,HEL1OS,Aditya-L1,N/A,N/A,HEL1OS-L1-PIPELINE
lightcurve_cdte2.fits,.fits,11.13,6,HEL1OS,Aditya-L1,N/A,N/A,HEL1OS-L1-PIPELINE
lightcurve_cdte1.fits,.fits,11.1,6,HEL1OS,Aditya-L1,N/A,N/A,HEL1OS-L1-PIPELINE
hel1os_cdte_spectra_cdte2.fits,.fits,21.12,2,HEL1OS,Aditya-L1,N/A,N/A,HEL1OS-L1-PIPELINE
evt.fits,.fits,140.86,5,HEL1OS,Aditya-L1,N/A,N/A,HEL1OS-L1-PIPELINE
gticzt1.fits,.fits,0.01,2,HEL1OS,Aditya-L1,N/A,N/A,HEL1OS-L1-PIPELINE
hk.fits,.fits,2.36,2,HEL1OS,Aditya-L1,N/A,N/A,HEL1OS-L1-PIPELINE
gticdte2.fits,.fits,0.01,2,HEL1OS,Aditya-L1,N/A,N/A,HEL1OS-L1-PIPELINE
gticzt2.fits,.fits,0.01,2,HEL1OS,Aditya-L1,N/A,N/A,HEL1OS-L1-PIPELINE
gticdte1.fits,.fits,0.01,2,HEL1OS,Aditya-L1,N/A,N/A,HEL1OS-L1-PIPELINE
hel1os_czt_spectra_czt1.fits,.fits,13.91,2,HEL1OS,Aditya-L1,N/A,N/A,HEL1OS-L1-PIPELINE
hel1os_czt_spectra_czt2.fits,.fits,13.91,2,HEL1OS,Aditya-L1,N/A,N/A,HEL1OS-L1-PIPELINE
lightcurve_czt1.fits,.fits,10.98,6,HEL1OS,Aditya-L1,N/A,N/A,HEL1OS-L1-PIPELINE
lightcurve_czt2.fits,.fits,10.98,6,HEL1OS,Aditya-L1,N/A,N/A,HEL1OS-L1-PIPELINE
hel1os_cdte_spectra_cdte1.fits,.fits,20.81,2,HEL1OS,Aditya-L1,N/A,N/A,HEL1OS-L1-PIPELINE
lightcurve_cdte2.fits,.fits,10.98,6,HEL1OS,Aditya-L1,N/A,N/A,HEL1OS-L1-PIPELINE
lightcurve_cdte1.fits,.fits,10.97,6,HEL1OS,Aditya-L1,N/A,N/A,HEL1OS-L1-PIPELINE
hel1os_cdte_spectra_cdte2.fits,.fits,20.81,2,HEL1OS,Aditya-L1,N/A,N/A,HEL1OS-L1-PIPELINE
evt.fits,.fits,171.52,5,HEL1OS,Aditya-L1,N/A,N/A,HEL1OS-L1-PIPELINE
gticzt1.fits,.fits,0.01,2,HEL1OS,Aditya-L1,N/A,N/A,HEL1OS-L1-PIPELINE
hk.fits,.fits,2.34,2,HEL1OS,Aditya-L1,N/A,N/A,HEL1OS-L1-PIPELINE
gticdte2.fits,.fits,0.01,2,HEL1OS,Aditya-L1,N/A,N/A,HEL1OS-L1-PIPELINE
gticzt2.fits,.fits,0.01,2,HEL1OS,Aditya-L1,N/A,N/A,HEL1OS-L1-PIPELINE
gticdte1.fits,.fits,0.01,2,HEL1OS,Aditya-L1,N/A,N/A,HEL1OS-L1-PIPELINE
hel1os_czt_spectra_czt1.fits,.fits,14.12,2,HEL1OS,Aditya-L1,N/A,N/A,HEL1OS-L1-PIPELINE
hel1os_czt_spectra_czt2.fits,.fits,14.12,2,HEL1OS,Aditya-L1,N/A,N/A,HEL1OS-L1-PIPELINE
lightcurve_czt1.fits,.fits,11.14,6,HEL1OS,Aditya-L1,N/A,N/A,HEL1OS-L1-PIPELINE
lightcurve_czt2.fits,.fits,11.14,6,HEL1OS,Aditya-L1,N/A,N/A,HEL1OS-L1-PIPELINE
hel1os_cdte_spectra_cdte1.fits,.fits,21.11,2,HEL1OS,Aditya-L1,N/A,N/A,HEL1OS-L1-PIPELINE
lightcurve_cdte2.fits,.fits,11.14,6,HEL1OS,Aditya-L1,N/A,N/A,HEL1OS-L1-PIPELINE
lightcurve_cdte1.fits,.fits,11.12,6,HEL1OS,Aditya-L1,N/A,N/A,HEL1OS-L1-PIPELINE
hel1os_cdte_spectra_cdte2.fits,.fits,21.11,2,HEL1OS,Aditya-L1,N/A,N/A,HEL1OS-L1-PIPELINE
evt.fits,.fits,165.04,5,HEL1OS,Aditya-L1,N/A,N/A,HEL1OS-L1-PIPELINE
gticzt1.fits,.fits,0.01,2,HEL1OS,Aditya-L1,N/A,N/A,HEL1OS-L1-PIPELINE
hk.fits,.fits,2.3,2,HEL1OS,Aditya-L1,N/A,N/A,HEL1OS-L1-PIPELINE
gticdte2.fits,.fits,0.01,2,HEL1OS,Aditya-L1,N/A,N/A,HEL1OS-L1-PIPELINE
gticzt2.fits,.fits,0.01,2,HEL1OS,Aditya-L1,N/A,N/A,HEL1OS-L1-PIPELINE
gticdte1.fits,.fits,0.01,2,HEL1OS,Aditya-L1,N/A,N/A,HEL1OS-L1-PIPELINE
hel1os_czt_spectra_czt1.fits,.fits,1.66,2,HEL1OS,Aditya-L1,N/A,N/A,HEL1OS-L1-PIPELINE
hel1os_czt_spectra_czt2.fits,.fits,1.66,2,HEL1OS,Aditya-L1,N/A,N/A,HEL1OS-L1-PIPELINE
lightcurve_czt1.fits,.fits,1.33,6,HEL1OS,Aditya-L1,N/A,N/A,HEL1OS-L1-PIPELINE
lightcurve_czt2.fits,.fits,1.33,6,HEL1OS,Aditya-L1,N/A,N/A,HEL1OS-L1-PIPELINE
hel1os_cdte_spectra_cdte1.fits,.fits,2.49,2,HEL1OS,Aditya-L1,N/A,N/A,HEL1OS-L1-PIPELINE
lightcurve_cdte2.fits,.fits,1.33,6,HEL1OS,Aditya-L1,N/A,N/A,HEL1OS-L1-PIPELINE
lightcurve_cdte1.fits,.fits,1.32,6,HEL1OS,Aditya-L1,N/A,N/A,HEL1OS-L1-PIPELINE
hel1os_cdte_spectra_cdte2.fits,.fits,2.49,2,HEL1OS,Aditya-L1,N/A,N/A,HEL1OS-L1-PIPELINE
evt.fits,.fits,16.8,5,HEL1OS,Aditya-L1,N/A,N/A,HEL1OS-L1-PIPELINE
gticzt1.fits,.fits,0.01,2,HEL1OS,Aditya-L1,N/A,N/A,HEL1OS-L1-PIPELINE
hk.fits,.fits,0.3,2,HEL1OS,Aditya-L1,N/A,N/A,HEL1OS-L1-PIPELINE
gticdte2.fits,.fits,0.01,2,HEL1OS,Aditya-L1,N/A,N/A,HEL1OS-L1-PIPELINE
gticzt2.fits,.fits,0.01,2,HEL1OS,Aditya-L1,N/A,N/A,HEL1OS-L1-PIPELINE
gticdte1.fits,.fits,0.01,2,HEL1OS,Aditya-L1,N/A,N/A,HEL1OS-L1-PIPELINE
hel1os_czt_spectra_czt1.fits,.fits,14.12,2,HEL1OS,Aditya-L1,N/A,N/A,HEL1OS-L1-PIPELINE
hel1os_czt_spectra_czt2.fits,.fits,14.12,2,HEL1OS,Aditya-L1,N/A,N/A,HEL1OS-L1-PIPELINE
lightcurve_czt1.fits,.fits,11.14,6,HEL1OS,Aditya-L1,N/A,N/A,HEL1OS-L1-PIPELINE
hel1os_cdte_spectra_cdte1.fits,.fits,21.11,2,HEL1OS,Aditya-L1,N/A,N/A,HEL1OS-L1-PIPELINE
lightcurve_cdte2.fits,.fits,11.13,6,HEL1OS,Aditya-L1,N/A,N/A,HEL1OS-L1-PIPELINE
lightcurve_cdte1.fits,.fits,11.13,6,HEL1OS,Aditya-L1,N/A,N/A,HEL1OS-L1-PIPELINE
hel1os_cdte_spectra_cdte2.fits,.fits,21.11,2,HEL1OS,Aditya-L1,N/A,N/A,HEL1OS-L1-PIPELINE
evt.fits,.fits,147.82,5,HEL1OS,Aditya-L1,N/A,N/A,HEL1OS-L1-PIPELINE
gticzt1.fits,.fits,0.01,2,HEL1OS,Aditya-L1,N/A,N/A,HEL1OS-L1-PIPELINE
hk.fits,.fits,2.4,2,HEL1OS,Aditya-L1,N/A,N/A,HEL1OS-L1-PIPELINE
gticdte2.fits,.fits,0.01,2,HEL1OS,Aditya-L1,N/A,N/A,HEL1OS-L1-PIPELINE
gticzt2.fits,.fits,0.01,2,HEL1OS,Aditya-L1,N/A,N/A,HEL1OS-L1-PIPELINE
gticdte1.fits,.fits,0.01,2,HEL1OS,Aditya-L1,N/A,N/A,HEL1OS-L1-PIPELINE
hel1os_czt_spectra_czt1.fits,.fits,14.12,2,HEL1OS,Aditya-L1,N/A,N/A,HEL1OS-L1-PIPELINE
hel1os_czt_spectra_czt2.fits,.fits,14.12,2,HEL1OS,Aditya-L1,N/A,N/A,HEL1OS-L1-PIPELINE
lightcurve_czt1.fits,.fits,11.14,6,HEL1OS,Aditya-L1,N/A,N/A,HEL1OS-L1-PIPELINE
lightcurve_czt2.fits,.fits,11.14,6,HEL1OS,Aditya-L1,N/A,N/A,HEL1OS-L1-PIPELINE
hel1os_cdte_spectra_cdte1.fits,.fits,21.12,2,HEL1OS,Aditya-L1,N/A,N/A,HEL1OS-L1-PIPELINE
lightcurve_cdte2.fits,.fits,11.13,6,HEL1OS,Aditya-L1,N/A,N/A,HEL1OS-L1-PIPELINE
lightcurve_cdte1.fits,.fits,11.12,6,HEL1OS,Aditya-L1,N/A,N/A,HEL1OS-L1-PIPELINE
hel1os_cdte_spectra_cdte2.fits,.fits,21.12,2,HEL1OS,Aditya-L1,N/A,N/A,HEL1OS-L1-PIPELINE
evt.fits,.fits,143.1,5,HEL1OS,Aditya-L1,N/A,N/A,HEL1OS-L1-PIPELINE
gticzt1.fits,.fits,0.01,2,HEL1OS,Aditya-L1,N/A,N/A,HEL1OS-L1-PIPELINE
hk.fits,.fits,2.38,2,HEL1OS,Aditya-L1,N/A,N/A,HEL1OS-L1-PIPELINE
gticdte2.fits,.fits,0.01,2,HEL1OS,Aditya-L1,N/A,N/A,HEL1OS-L1-PIPELINE
gticzt2.fits,.fits,0.01,2,HEL1OS,Aditya-L1,N/A,N/A,HEL1OS-L1-PIPELINE
gticdte1.fits,.fits,0.01,2,HEL1OS,Aditya-L1,N/A,N/A,HEL1OS-L1-PIPELINE
hel1os_czt_spectra_czt1.fits,.fits,12.44,2,HEL1OS,Aditya-L1,N/A,N/A,HEL1OS-L1-PIPELINE
hel1os_czt_spectra_czt2.fits,.fits,12.44,2,HEL1OS,Aditya-L1,N/A,N/A,HEL1OS-L1-PIPELINE
lightcurve_czt1.fits,.fits,9.81,6,HEL1OS,Aditya-L1,N/A,N/A,HEL1OS-L1-PIPELINE
lightcurve_czt2.fits,.fits,9.81,6,HEL1OS,Aditya-L1,N/A,N/A,HEL1OS-L1-PIPELINE
hel1os_cdte_spectra_cdte1.fits,.fits,18.59,2,HEL1OS,Aditya-L1,N/A,N/A,HEL1OS-L1-PIPELINE
lightcurve_cdte2.fits,.fits,9.81,6,HEL1OS,Aditya-L1,N/A,N/A,HEL1OS-L1-PIPELINE
lightcurve_cdte1.fits,.fits,9.8,6,HEL1OS,Aditya-L1,N/A,N/A,HEL1OS-L1-PIPELINE
hel1os_cdte_spectra_cdte2.fits,.fits,18.6,2,HEL1OS,Aditya-L1,N/A,N/A,HEL1OS-L1-PIPELINE
evt.fits,.fits,125.08,5,HEL1OS,Aditya-L1,N/A,N/A,HEL1OS-L1-PIPELINE
gticzt1.fits,.fits,0.01,2,HEL1OS,Aditya-L1,N/A,N/A,HEL1OS-L1-PIPELINE
hk.fits,.fits,2.08,2,HEL1OS,Aditya-L1,N/A,N/A,HEL1OS-L1-PIPELINE
gticdte2.fits,.fits,0.01,2,HEL1OS,Aditya-L1,N/A,N/A,HEL1OS-L1-PIPELINE
gticzt2.fits,.fits,0.01,2,HEL1OS,Aditya-L1,N/A,N/A,HEL1OS-L1-PIPELINE
gticdte1.fits,.fits,0.01,2,HEL1OS,Aditya-L1,N/A,N/A,HEL1OS-L1-PIPELINE
hel1os_czt_spectra_czt1.fits,.fits,4.96,2,HEL1OS,Aditya-L1,N/A,N/A,HEL1OS-L1-PIPELINE
hel1os_czt_spectra_czt2.fits,.fits,4.96,2,HEL1OS,Aditya-L1,N/A,N/A,HEL1OS-L1-PIPELINE
lightcurve_czt1.fits,.fits,3.93,6,HEL1OS,Aditya-L1,N/A,N/A,HEL1OS-L1-PIPELINE
lightcurve_czt2.fits,.fits,3.93,6,HEL1OS,Aditya-L1,N/A,N/A,HEL1OS-L1-PIPELINE
hel1os_cdte_spectra_cdte1.fits,.fits,7.4,2,HEL1OS,Aditya-L1,N/A,N/A,HEL1OS-L1-PIPELINE
lightcurve_cdte2.fits,.fits,3.92,6,HEL1OS,Aditya-L1,N/A,N/A,HEL1OS-L1-PIPELINE
lightcurve_cdte1.fits,.fits,3.91,6,HEL1OS,Aditya-L1,N/A,N/A,HEL1OS-L1-PIPELINE
hel1os_cdte_spectra_cdte2.fits,.fits,7.42,2,HEL1OS,Aditya-L1,N/A,N/A,HEL1OS-L1-PIPELINE
evt.fits,.fits,50.04,5,HEL1OS,Aditya-L1,N/A,N/A,HEL1OS-L1-PIPELINE
gticzt1.fits,.fits,0.01,2,HEL1OS,Aditya-L1,N/A,N/A,HEL1OS-L1-PIPELINE
hk.fits,.fits,0.84,2,HEL1OS,Aditya-L1,N/A,N/A,HEL1OS-L1-PIPELINE
gticdte2.fits,.fits,0.01,2,HEL1OS,Aditya-L1,N/A,N/A,HEL1OS-L1-PIPELINE
gticzt2.fits,.fits,0.01,2,HEL1OS,Aditya-L1,N/A,N/A,HEL1OS-L1-PIPELINE
gticdte1.fits,.fits,0.01,2,HEL1OS,Aditya-L1,N/A,N/A,HEL1OS-L1-PIPELINE
hel1os_czt_spectra_czt1.fits,.fits,14.32,2,HEL1OS,Aditya-L1,N/A,N/A,HEL1OS-L1-PIPELINE
hel1os_czt_spectra_czt2.fits,.fits,14.32,2,HEL1OS,Aditya-L1,N/A,N/A,HEL1OS-L1-PIPELINE
lightcurve_czt1.fits,.fits,11.3,6,HEL1OS,Aditya-L1,N/A,N/A,HEL1OS-L1-PIPELINE
lightcurve_czt2.fits,.fits,11.3,6,HEL1OS,Aditya-L1,N/A,N/A,HEL1OS-L1-PIPELINE
hel1os_cdte_spectra_cdte1.fits,.fits,21.4,2,HEL1OS,Aditya-L1,N/A,N/A,HEL1OS-L1-PIPELINE
lightcurve_cdte2.fits,.fits,11.29,6,HEL1OS,Aditya-L1,N/A,N/A,HEL1OS-L1-PIPELINE
lightcurve_cdte1.fits,.fits,11.27,6,HEL1OS,Aditya-L1,N/A,N/A,HEL1OS-L1-PIPELINE
hel1os_cdte_spectra_cdte2.fits,.fits,21.42,2,HEL1OS,Aditya-L1,N/A,N/A,HEL1OS-L1-PIPELINE
evt.fits,.fits,144.06,5,HEL1OS,Aditya-L1,N/A,N/A,HEL1OS-L1-PIPELINE
gticzt1.fits,.fits,0.01,2,HEL1OS,Aditya-L1,N/A,N/A,HEL1OS-L1-PIPELINE
hk.fits,.fits,2.38,2,HEL1OS,Aditya-L1,N/A,N/A,HEL1OS-L1-PIPELINE
gticdte2.fits,.fits,0.01,2,HEL1OS,Aditya-L1,N/A,N/A,HEL1OS-L1-PIPELINE
gticzt2.fits,.fits,0.01,2,HEL1OS,Aditya-L1,N/A,N/A,HEL1OS-L1-PIPELINE
gticdte1.fits,.fits,0.01,2,HEL1OS,Aditya-L1,N/A,N/A,HEL1OS-L1-PIPELINE
hel1os_czt_spectra_czt1.fits,.fits,14.12,2,HEL1OS,Aditya-L1,N/A,N/A,HEL1OS-L1-PIPELINE
hel1os_czt_spectra_czt2.fits,.fits,14.12,2,HEL1OS,Aditya-L1,N/A,N/A,HEL1OS-L1-PIPELINE
lightcurve_czt1.fits,.fits,11.14,6,HEL1OS,Aditya-L1,N/A,N/A,HEL1OS-L1-PIPELINE
lightcurve_czt2.fits,.fits,11.14,6,HEL1OS,Aditya-L1,N/A,N/A,HEL1OS-L1-PIPELINE
hel1os_cdte_spectra_cdte1.fits,.fits,21.11,2,HEL1OS,Aditya-L1,N/A,N/A,HEL1OS-L1-PIPELINE
lightcurve_cdte2.fits,.fits,11.13,6,HEL1OS,Aditya-L1,N/A,N/A,HEL1OS-L1-PIPELINE
lightcurve_cdte1.fits,.fits,11.12,6,HEL1OS,Aditya-L1,N/A,N/A,HEL1OS-L1-PIPELINE
hel1os_cdte_spectra_cdte2.fits,.fits,21.11,2,HEL1OS,Aditya-L1,N/A,N/A,HEL1OS-L1-PIPELINE
evt.fits,.fits,161.37,5,HEL1OS,Aditya-L1,N/A,N/A,HEL1OS-L1-PIPELINE
gticzt1.fits,.fits,0.01,2,HEL1OS,Aditya-L1,N/A,N/A,HEL1OS-L1-PIPELINE
hk.fits,.fits,2.28,2,HEL1OS,Aditya-L1,N/A,N/A,HEL1OS-L1-PIPELINE
gticdte2.fits,.fits,0.01,2,HEL1OS,Aditya-L1,N/A,N/A,HEL1OS-L1-PIPELINE
gticzt2.fits,.fits,0.01,2,HEL1OS,Aditya-L1,N/A,N/A,HEL1OS-L1-PIPELINE
gticdte1.fits,.fits,0.01,2,HEL1OS,Aditya-L1,N/A,N/A,HEL1OS-L1-PIPELINE
hel1os_czt_spectra_czt1.fits,.fits,9.16,2,HEL1OS,Aditya-L1,N/A,N/A,HEL1OS-L1-PIPELINE
hel1os_czt_spectra_czt2.fits,.fits,9.16,2,HEL1OS,Aditya-L1,N/A,N/A,HEL1OS-L1-PIPELINE
lightcurve_czt1.fits,.fits,7.24,6,HEL1OS,Aditya-L1,N/A,N/A,HEL1OS-L1-PIPELINE
lightcurve_czt2.fits,.fits,7.24,6,HEL1OS,Aditya-L1,N/A,N/A,HEL1OS-L1-PIPELINE
hel1os_cdte_spectra_cdte1.fits,.fits,13.69,2,HEL1OS,Aditya-L1,N/A,N/A,HEL1OS-L1-PIPELINE
lightcurve_cdte2.fits,.fits,7.22,6,HEL1OS,Aditya-L1,N/A,N/A,HEL1OS-L1-PIPELINE
lightcurve_cdte1.fits,.fits,7.21,6,HEL1OS,Aditya-L1,N/A,N/A,HEL1OS-L1-PIPELINE
hel1os_cdte_spectra_cdte2.fits,.fits,13.69,2,HEL1OS,Aditya-L1,N/A,N/A,HEL1OS-L1-PIPELINE
evt.fits,.fits,93.06,5,HEL1OS,Aditya-L1,N/A,N/A,HEL1OS-L1-PIPELINE
gticzt1.fits,.fits,0.01,2,HEL1OS,Aditya-L1,N/A,N/A,HEL1OS-L1-PIPELINE
hk.fits,.fits,1.55,2,HEL1OS,Aditya-L1,N/A,N/A,HEL1OS-L1-PIPELINE
gticdte2.fits,.fits,0.01,2,HEL1OS,Aditya-L1,N/A,N/A,HEL1OS-L1-PIPELINE
gticzt2.fits,.fits,0.01,2,HEL1OS,Aditya-L1,N/A,N/A,HEL1OS-L1-PIPELINE
gticdte1.fits,.fits,0.01,2,HEL1OS,Aditya-L1,N/A,N/A,HEL1OS-L1-PIPELINE
hel1os_czt_spectra_czt1.fits,.fits,14.12,2,HEL1OS,Aditya-L1,N/A,N/A,HEL1OS-L1-PIPELINE
hel1os_czt_spectra_czt2.fits,.fits,14.12,2,HEL1OS,Aditya-L1,N/A,N/A,HEL1OS-L1-PIPELINE
lightcurve_czt1.fits,.fits,11.14,6,HEL1OS,Aditya-L1,N/A,N/A,HEL1OS-L1-PIPELINE
lightcurve_czt2.fits,.fits,11.14,6,HEL1OS,Aditya-L1,N/A,N/A,HEL1OS-L1-PIPELINE
hel1os_cdte_spectra_cdte1.fits,.fits,21.12,2,HEL1OS,Aditya-L1,N/A,N/A,HEL1OS-L1-PIPELINE
lightcurve_cdte2.fits,.fits,11.13,6,HEL1OS,Aditya-L1,N/A,N/A,HEL1OS-L1-PIPELINE
lightcurve_cdte1.fits,.fits,11.13,6,HEL1OS,Aditya-L1,N/A,N/A,HEL1OS-L1-PIPELINE
hel1os_cdte_spectra_cdte2.fits,.fits,21.12,2,HEL1OS,Aditya-L1,N/A,N/A,HEL1OS-L1-PIPELINE
evt.fits,.fits,150.83,5,HEL1OS,Aditya-L1,N/A,N/A,HEL1OS-L1-PIPELINE
gticzt1.fits,.fits,0.01,2,HEL1OS,Aditya-L1,N/A,N/A,HEL1OS-L1-PIPELINE
hk.fits,.fits,2.43,2,HEL1OS,Aditya-L1,N/A,N/A,HEL1OS-L1-PIPELINE
gticdte2.fits,.fits,0.01,2,HEL1OS,Aditya-L1,N/A,N/A,HEL1OS-L1-PIPELINE
gticzt2.fits,.fits,0.01,2,HEL1OS,Aditya-L1,N/A,N/A,HEL1OS-L1-PIPELINE
gticdte1.fits,.fits,0.01,2,HEL1OS,Aditya-L1,N/A,N/A,HEL1OS-L1-PIPELINE
hel1os_czt_spectra_czt1.fits,.fits,9.17,2,HEL1OS,Aditya-L1,N/A,N/A,HEL1OS-L1-PIPELINE
hel1os_czt_spectra_czt2.fits,.fits,9.17,2,HEL1OS,Aditya-L1,N/A,N/A,HEL1OS-L1-PIPELINE
lightcurve_czt1.fits,.fits,7.24,6,HEL1OS,Aditya-L1,N/A,N/A,HEL1OS-L1-PIPELINE
lightcurve_czt2.fits,.fits,7.24,6,HEL1OS,Aditya-L1,N/A,N/A,HEL1OS-L1-PIPELINE
hel1os_cdte_spectra_cdte1.fits,.fits,13.71,2,HEL1OS,Aditya-L1,N/A,N/A,HEL1OS-L1-PIPELINE
lightcurve_cdte2.fits,.fits,7.24,6,HEL1OS,Aditya-L1,N/A,N/A,HEL1OS-L1-PIPELINE
lightcurve_cdte1.fits,.fits,7.23,6,HEL1OS,Aditya-L1,N/A,N/A,HEL1OS-L1-PIPELINE
hel1os_cdte_spectra_cdte2.fits,.fits,13.72,2,HEL1OS,Aditya-L1,N/A,N/A,HEL1OS-L1-PIPELINE
evt.fits,.fits,93.29,5,HEL1OS,Aditya-L1,N/A,N/A,HEL1OS-L1-PIPELINE
gticzt1.fits,.fits,0.01,2,HEL1OS,Aditya-L1,N/A,N/A,HEL1OS-L1-PIPELINE
hk.fits,.fits,1.55,2,HEL1OS,Aditya-L1,N/A,N/A,HEL1OS-L1-PIPELINE
gticdte2.fits,.fits,0.01,2,HEL1OS,Aditya-L1,N/A,N/A,HEL1OS-L1-PIPELINE
gticzt2.fits,.fits,0.01,2,HEL1OS,Aditya-L1,N/A,N/A,HEL1OS-L1-PIPELINE
gticdte1.fits,.fits,0.01,2,HEL1OS,Aditya-L1,N/A,N/A,HEL1OS-L1-PIPELINE
hel1os_czt_spectra_czt1.fits,.fits,14.12,2,HEL1OS,Aditya-L1,N/A,N/A,HEL1OS-L1-PIPELINE
hel1os_czt_spectra_czt2.fits,.fits,14.12,2,HEL1OS,Aditya-L1,N/A,N/A,HEL1OS-L1-PIPELINE
lightcurve_czt1.fits,.fits,11.14,6,HEL1OS,Aditya-L1,N/A,N/A,HEL1OS-L1-PIPELINE
lightcurve_czt2.fits,.fits,11.14,6,HEL1OS,Aditya-L1,N/A,N/A,HEL1OS-L1-PIPELINE
hel1os_cdte_spectra_cdte1.fits,.fits,21.12,2,HEL1OS,Aditya-L1,N/A,N/A,HEL1OS-L1-PIPELINE
lightcurve_cdte2.fits,.fits,11.13,6,HEL1OS,Aditya-L1,N/A,N/A,HEL1OS-L1-PIPELINE
lightcurve_cdte1.fits,.fits,11.11,6,HEL1OS,Aditya-L1,N/A,N/A,HEL1OS-L1-PIPELINE
hel1os_cdte_spectra_cdte2.fits,.fits,21.12,2,HEL1OS,Aditya-L1,N/A,N/A,HEL1OS-L1-PIPELINE
evt.fits,.fits,145.04,5,HEL1OS,Aditya-L1,N/A,N/A,HEL1OS-L1-PIPELINE
gticzt1.fits,.fits,0.01,2,HEL1OS,Aditya-L1,N/A,N/A,HEL1OS-L1-PIPELINE
hk.fits,.fits,2.38,2,HEL1OS,Aditya-L1,N/A,N/A,HEL1OS-L1-PIPELINE
gticdte2.fits,.fits,0.01,2,HEL1OS,Aditya-L1,N/A,N/A,HEL1OS-L1-PIPELINE
gticzt2.fits,.fits,0.01,2,HEL1OS,Aditya-L1,N/A,N/A,HEL1OS-L1-PIPELINE
gticdte1.fits,.fits,0.01,2,HEL1OS,Aditya-L1,N/A,N/A,HEL1OS-L1-PIPELINE
hel1os_czt_spectra_czt1.fits,.fits,9.17,2,HEL1OS,Aditya-L1,N/A,N/A,HEL1OS-L1-PIPELINE
hel1os_czt_spectra_czt2.fits,.fits,9.17,2,HEL1OS,Aditya-L1,N/A,N/A,HEL1OS-L1-PIPELINE
lightcurve_czt1.fits,.fits,7.24,6,HEL1OS,Aditya-L1,N/A,N/A,HEL1OS-L1-PIPELINE
lightcurve_czt2.fits,.fits,7.24,6,HEL1OS,Aditya-L1,N/A,N/A,HEL1OS-L1-PIPELINE
hel1os_cdte_spectra_cdte1.fits,.fits,13.69,2,HEL1OS,Aditya-L1,N/A,N/A,HEL1OS-L1-PIPELINE
lightcurve_cdte2.fits,.fits,7.23,6,HEL1OS,Aditya-L1,N/A,N/A,HEL1OS-L1-PIPELINE
lightcurve_cdte1.fits,.fits,7.19,6,HEL1OS,Aditya-L1,N/A,N/A,HEL1OS-L1-PIPELINE
hel1os_cdte_spectra_cdte2.fits,.fits,13.71,2,HEL1OS,Aditya-L1,N/A,N/A,HEL1OS-L1-PIPELINE
evt.fits,.fits,91.29,5,HEL1OS,Aditya-L1,N/A,N/A,HEL1OS-L1-PIPELINE
gticzt1.fits,.fits,0.01,2,HEL1OS,Aditya-L1,N/A,N/A,HEL1OS-L1-PIPELINE
hk.fits,.fits,1.54,2,HEL1OS,Aditya-L1,N/A,N/A,HEL1OS-L1-PIPELINE
gticdte2.fits,.fits,0.01,2,HEL1OS,Aditya-L1,N/A,N/A,HEL1OS-L1-PIPELINE
gticzt2.fits,.fits,0.01,2,HEL1OS,Aditya-L1,N/A,N/A,HEL1OS-L1-PIPELINE
gticdte1.fits,.fits,0.01,2,HEL1OS,Aditya-L1,N/A,N/A,HEL1OS-L1-PIPELINE
hel1os_czt_spectra_czt1.fits,.fits,14.71,2,HEL1OS,Aditya-L1,N/A,N/A,HEL1OS-L1-PIPELINE
hel1os_czt_spectra_czt2.fits,.fits,14.71,2,HEL1OS,Aditya-L1,N/A,N/A,HEL1OS-L1-PIPELINE
lightcurve_czt1.fits,.fits,11.61,6,HEL1OS,Aditya-L1,N/A,N/A,HEL1OS-L1-PIPELINE
lightcurve_czt2.fits,.fits,11.61,6,HEL1OS,Aditya-L1,N/A,N/A,HEL1OS-L1-PIPELINE
hel1os_cdte_spectra_cdte1.fits,.fits,22.0,2,HEL1OS,Aditya-L1,N/A,N/A,HEL1OS-L1-PIPELINE
lightcurve_cdte2.fits,.fits,11.59,6,HEL1OS,Aditya-L1,N/A,N/A,HEL1OS-L1-PIPELINE
lightcurve_cdte1.fits,.fits,11.58,6,HEL1OS,Aditya-L1,N/A,N/A,HEL1OS-L1-PIPELINE
hel1os_cdte_spectra_cdte2.fits,.fits,22.0,2,HEL1OS,Aditya-L1,N/A,N/A,HEL1OS-L1-PIPELINE
evt.fits,.fits,143.37,5,HEL1OS,Aditya-L1,N/A,N/A,HEL1OS-L1-PIPELINE
gticzt1.fits,.fits,0.01,2,HEL1OS,Aditya-L1,N/A,N/A,HEL1OS-L1-PIPELINE
hk.fits,.fits,2.37,2,HEL1OS,Aditya-L1,N/A,N/A,HEL1OS-L1-PIPELINE
gticdte2.fits,.fits,0.01,2,HEL1OS,Aditya-L1,N/A,N/A,HEL1OS-L1-PIPELINE
gticzt2.fits,.fits,0.01,2,HEL1OS,Aditya-L1,N/A,N/A,HEL1OS-L1-PIPELINE
gticdte1.fits,.fits,0.01,2,HEL1OS,Aditya-L1,N/A,N/A,HEL1OS-L1-PIPELINE
hel1os_czt_spectra_czt1.fits,.fits,9.17,2,HEL1OS,Aditya-L1,N/A,N/A,HEL1OS-L1-PIPELINE
hel1os_czt_spectra_czt2.fits,.fits,9.17,2,HEL1OS,Aditya-L1,N/A,N/A,HEL1OS-L1-PIPELINE
lightcurve_czt1.fits,.fits,7.25,6,HEL1OS,Aditya-L1,N/A,N/A,HEL1OS-L1-PIPELINE
lightcurve_czt2.fits,.fits,7.25,6,HEL1OS,Aditya-L1,N/A,N/A,HEL1OS-L1-PIPELINE
hel1os_cdte_spectra_cdte1.fits,.fits,13.72,2,HEL1OS,Aditya-L1,N/A,N/A,HEL1OS-L1-PIPELINE
lightcurve_cdte2.fits,.fits,7.23,6,HEL1OS,Aditya-L1,N/A,N/A,HEL1OS-L1-PIPELINE
lightcurve_cdte1.fits,.fits,7.23,6,HEL1OS,Aditya-L1,N/A,N/A,HEL1OS-L1-PIPELINE
hel1os_cdte_spectra_cdte2.fits,.fits,13.72,2,HEL1OS,Aditya-L1,N/A,N/A,HEL1OS-L1-PIPELINE
evt.fits,.fits,98.03,5,HEL1OS,Aditya-L1,N/A,N/A,HEL1OS-L1-PIPELINE
gticzt1.fits,.fits,0.01,2,HEL1OS,Aditya-L1,N/A,N/A,HEL1OS-L1-PIPELINE
hk.fits,.fits,1.59,2,HEL1OS,Aditya-L1,N/A,N/A,HEL1OS-L1-PIPELINE
gticdte2.fits,.fits,0.01,2,HEL1OS,Aditya-L1,N/A,N/A,HEL1OS-L1-PIPELINE
gticzt2.fits,.fits,0.01,2,HEL1OS,Aditya-L1,N/A,N/A,HEL1OS-L1-PIPELINE
gticdte1.fits,.fits,0.01,2,HEL1OS,Aditya-L1,N/A,N/A,HEL1OS-L1-PIPELINE
hel1os_czt_spectra_czt1.fits,.fits,1.67,2,HEL1OS,Aditya-L1,N/A,N/A,HEL1OS-L1-PIPELINE
hel1os_czt_spectra_czt2.fits,.fits,1.67,2,HEL1OS,Aditya-L1,N/A,N/A,HEL1OS-L1-PIPELINE
lightcurve_czt1.fits,.fits,1.33,6,HEL1OS,Aditya-L1,N/A,N/A,HEL1OS-L1-PIPELINE
lightcurve_czt2.fits,.fits,1.33,6,HEL1OS,Aditya-L1,N/A,N/A,HEL1OS-L1-PIPELINE
hel1os_cdte_spectra_cdte1.fits,.fits,2.49,2,HEL1OS,Aditya-L1,N/A,N/A,HEL1OS-L1-PIPELINE
lightcurve_cdte2.fits,.fits,1.33,6,HEL1OS,Aditya-L1,N/A,N/A,HEL1OS-L1-PIPELINE
lightcurve_cdte1.fits,.fits,1.32,6,HEL1OS,Aditya-L1,N/A,N/A,HEL1OS-L1-PIPELINE
hel1os_cdte_spectra_cdte2.fits,.fits,2.49,2,HEL1OS,Aditya-L1,N/A,N/A,HEL1OS-L1-PIPELINE
evt.fits,.fits,16.79,5,HEL1OS,Aditya-L1,N/A,N/A,HEL1OS-L1-PIPELINE
gticzt1.fits,.fits,0.01,2,HEL1OS,Aditya-L1,N/A,N/A,HEL1OS-L1-PIPELINE
hk.fits,.fits,0.3,2,HEL1OS,Aditya-L1,N/A,N/A,HEL1OS-L1-PIPELINE
gticdte2.fits,.fits,0.01,2,HEL1OS,Aditya-L1,N/A,N/A,HEL1OS-L1-PIPELINE
gticzt2.fits,.fits,0.01,2,HEL1OS,Aditya-L1,N/A,N/A,HEL1OS-L1-PIPELINE
gticdte1.fits,.fits,0.01,2,HEL1OS,Aditya-L1,N/A,N/A,HEL1OS-L1-PIPELINE
hel1os_czt_spectra_czt1.fits,.fits,1.66,2,HEL1OS,Aditya-L1,N/A,N/A,HEL1OS-L1-PIPELINE
hel1os_czt_spectra_czt2.fits,.fits,1.66,2,HEL1OS,Aditya-L1,N/A,N/A,HEL1OS-L1-PIPELINE
lightcurve_czt1.fits,.fits,1.33,6,HEL1OS,Aditya-L1,N/A,N/A,HEL1OS-L1-PIPELINE
lightcurve_czt2.fits,.fits,1.33,6,HEL1OS,Aditya-L1,N/A,N/A,HEL1OS-L1-PIPELINE
hel1os_cdte_spectra_cdte1.fits,.fits,2.49,2,HEL1OS,Aditya-L1,N/A,N/A,HEL1OS-L1-PIPELINE
lightcurve_cdte2.fits,.fits,1.32,6,HEL1OS,Aditya-L1,N/A,N/A,HEL1OS-L1-PIPELINE
lightcurve_cdte1.fits,.fits,1.33,6,HEL1OS,Aditya-L1,N/A,N/A,HEL1OS-L1-PIPELINE
hel1os_cdte_spectra_cdte2.fits,.fits,2.49,2,HEL1OS,Aditya-L1,N/A,N/A,HEL1OS-L1-PIPELINE
evt.fits,.fits,18.03,5,HEL1OS,Aditya-L1,N/A,N/A,HEL1OS-L1-PIPELINE
gticzt1.fits,.fits,0.01,2,HEL1OS,Aditya-L1,N/A,N/A,HEL1OS-L1-PIPELINE
hk.fits,.fits,0.3,2,HEL1OS,Aditya-L1,N/A,N/A,HEL1OS-L1-PIPELINE
gticdte2.fits,.fits,0.01,2,HEL1OS,Aditya-L1,N/A,N/A,HEL1OS-L1-PIPELINE
gticzt2.fits,.fits,0.01,2,HEL1OS,Aditya-L1,N/A,N/A,HEL1OS-L1-PIPELINE
gticdte1.fits,.fits,0.01,2,HEL1OS,Aditya-L1,N/A,N/A,HEL1OS-L1-PIPELINE
hel1os_czt_spectra_czt1.fits,.fits,14.12,2,HEL1OS,Aditya-L1,N/A,N/A,HEL1OS-L1-PIPELINE
hel1os_czt_spectra_czt2.fits,.fits,14.12,2,HEL1OS,Aditya-L1,N/A,N/A,HEL1OS-L1-PIPELINE
lightcurve_czt1.fits,.fits,11.14,6,HEL1OS,Aditya-L1,N/A,N/A,HEL1OS-L1-PIPELINE
lightcurve_czt2.fits,.fits,11.14,6,HEL1OS,Aditya-L1,N/A,N/A,HEL1OS-L1-PIPELINE
hel1os_cdte_spectra_cdte1.fits,.fits,21.11,2,HEL1OS,Aditya-L1,N/A,N/A,HEL1OS-L1-PIPELINE
lightcurve_cdte2.fits,.fits,11.12,6,HEL1OS,Aditya-L1,N/A,N/A,HEL1OS-L1-PIPELINE
lightcurve_cdte1.fits,.fits,11.13,6,HEL1OS,Aditya-L1,N/A,N/A,HEL1OS-L1-PIPELINE
hel1os_cdte_spectra_cdte2.fits,.fits,21.12,2,HEL1OS,Aditya-L1,N/A,N/A,HEL1OS-L1-PIPELINE
evt.fits,.fits,142.28,5,HEL1OS,Aditya-L1,N/A,N/A,HEL1OS-L1-PIPELINE
gticzt1.fits,.fits,0.01,2,HEL1OS,Aditya-L1,N/A,N/A,HEL1OS-L1-PIPELINE
hk.fits,.fits,2.37,2,HEL1OS,Aditya-L1,N/A,N/A,HEL1OS-L1-PIPELINE
gticdte2.fits,.fits,0.01,2,HEL1OS,Aditya-L1,N/A,N/A,HEL1OS-L1-PIPELINE
gticzt2.fits,.fits,0.01,2,HEL1OS,Aditya-L1,N/A,N/A,HEL1OS-L1-PIPELINE
gticdte1.fits,.fits,0.01,2,HEL1OS,Aditya-L1,N/A,N/A,HEL1OS-L1-PIPELINE
hel1os_czt_spectra_czt1.fits,.fits,12.44,2,HEL1OS,Aditya-L1,N/A,N/A,HEL1OS-L1-PIPELINE
hel1os_czt_spectra_czt2.fits,.fits,12.44,2,HEL1OS,Aditya-L1,N/A,N/A,HEL1OS-L1-PIPELINE
lightcurve_czt1.fits,.fits,9.82,6,HEL1OS,Aditya-L1,N/A,N/A,HEL1OS-L1-PIPELINE
lightcurve_czt2.fits,.fits,9.82,6,HEL1OS,Aditya-L1,N/A,N/A,HEL1OS-L1-PIPELINE
hel1os_cdte_spectra_cdte1.fits,.fits,18.61,2,HEL1OS,Aditya-L1,N/A,N/A,HEL1OS-L1-PIPELINE
lightcurve_cdte2.fits,.fits,9.81,6,HEL1OS,Aditya-L1,N/A,N/A,HEL1OS-L1-PIPELINE
lightcurve_cdte1.fits,.fits,9.81,6,HEL1OS,Aditya-L1,N/A,N/A,HEL1OS-L1-PIPELINE
hel1os_cdte_spectra_cdte2.fits,.fits,18.61,2,HEL1OS,Aditya-L1,N/A,N/A,HEL1OS-L1-PIPELINE
evt.fits,.fits,126.49,5,HEL1OS,Aditya-L1,N/A,N/A,HEL1OS-L1-PIPELINE
gticzt1.fits,.fits,0.01,2,HEL1OS,Aditya-L1,N/A,N/A,HEL1OS-L1-PIPELINE
hk.fits,.fits,2.1,2,HEL1OS,Aditya-L1,N/A,N/A,HEL1OS-L1-PIPELINE
gticdte2.fits,.fits,0.01,2,HEL1OS,Aditya-L1,N/A,N/A,HEL1OS-L1-PIPELINE
gticzt2.fits,.fits,0.01,2,HEL1OS,Aditya-L1,N/A,N/A,HEL1OS-L1-PIPELINE
gticdte1.fits,.fits,0.01,2,HEL1OS,Aditya-L1,N/A,N/A,HEL1OS-L1-PIPELINE
gticdte2.fits,.fits,0.01,2,HEL1OS,Aditya-L1,N/A,N/A,HEL1OS-L1-PIPELINE
gticdte1.fits,.fits,0.01,2,HEL1OS,Aditya-L1,N/A,N/A,HEL1OS-L1-PIPELINE
gticdte2.fits,.fits,0.01,2,HEL1OS,Aditya-L1,N/A,N/A,HEL1OS-L1-PIPELINE
gticdte1.fits,.fits,0.01,2,HEL1OS,Aditya-L1,N/A,N/A,HEL1OS-L1-PIPELINE
gticdte2.fits,.fits,0.01,2,HEL1OS,Aditya-L1,N/A,N/A,HEL1OS-L1-PIPELINE
gticdte1.fits,.fits,0.01,2,HEL1OS,Aditya-L1,N/A,N/A,HEL1OS-L1-PIPELINE
gticdte2.fits,.fits,0.01,2,HEL1OS,Aditya-L1,N/A,N/A,HEL1OS-L1-PIPELINE
gticdte1.fits,.fits,0.01,2,HEL1OS,Aditya-L1,N/A,N/A,HEL1OS-L1-PIPELINE
gticdte2.fits,.fits,0.01,2,HEL1OS,Aditya-L1,N/A,N/A,HEL1OS-L1-PIPELINE
gticdte1.fits,.fits,0.01,2,HEL1OS,Aditya-L1,N/A,N/A,HEL1OS-L1-PIPELINE
gticdte2.fits,.fits,0.01,2,HEL1OS,Aditya-L1,N/A,N/A,HEL1OS-L1-PIPELINE
gticdte1.fits,.fits,0.01,2,HEL1OS,Aditya-L1,N/A,N/A,HEL1OS-L1-PIPELINE
gticdte2.fits,.fits,0.01,2,HEL1OS,Aditya-L1,N/A,N/A,HEL1OS-L1-PIPELINE
gticdte1.fits,.fits,0.01,2,HEL1OS,Aditya-L1,N/A,N/A,HEL1OS-L1-PIPELINE
gticdte2.fits,.fits,0.01,2,HEL1OS,Aditya-L1,N/A,N/A,HEL1OS-L1-PIPELINE
gticdte1.fits,.fits,0.01,2,HEL1OS,Aditya-L1,N/A,N/A,HEL1OS-L1-PIPELINE
gticdte2.fits,.fits,0.01,2,HEL1OS,Aditya-L1,N/A,N/A,HEL1OS-L1-PIPELINE
gticdte1.fits,.fits,0.01,2,HEL1OS,Aditya-L1,N/A,N/A,HEL1OS-L1-PIPELINE
hel1os_czt_spectra_czt1.fits,.fits,13.79,2,HEL1OS,Aditya-L1,N/A,N/A,HEL1OS-L1-PIPELINE
hel1os_czt_spectra_czt2.fits,.fits,13.79,2,HEL1OS,Aditya-L1,N/A,N/A,HEL1OS-L1-PIPELINE
lightcurve_czt1.fits,.fits,10.88,6,HEL1OS,Aditya-L1,N/A,N/A,HEL1OS-L1-PIPELINE
lightcurve_czt2.fits,.fits,10.88,6,HEL1OS,Aditya-L1,N/A,N/A,HEL1OS-L1-PIPELINE
hel1os_cdte_spectra_cdte1.fits,.fits,20.62,2,HEL1OS,Aditya-L1,N/A,N/A,HEL1OS-L1-PIPELINE
lightcurve_cdte2.fits,.fits,10.87,6,HEL1OS,Aditya-L1,N/A,N/A,HEL1OS-L1-PIPELINE
lightcurve_cdte1.fits,.fits,10.86,6,HEL1OS,Aditya-L1,N/A,N/A,HEL1OS-L1-PIPELINE
hel1os_cdte_spectra_cdte2.fits,.fits,20.62,2,HEL1OS,Aditya-L1,N/A,N/A,HEL1OS-L1-PIPELINE
evt.fits,.fits,522.3,5,HEL1OS,Aditya-L1,N/A,N/A,HEL1OS-L1-PIPELINE
gticzt1.fits,.fits,0.01,2,HEL1OS,Aditya-L1,N/A,N/A,HEL1OS-L1-PIPELINE
hk.fits,.fits,5.44,2,HEL1OS,Aditya-L1,N/A,N/A,HEL1OS-L1-PIPELINE
gticdte2.fits,.fits,0.01,2,HEL1OS,Aditya-L1,N/A,N/A,HEL1OS-L1-PIPELINE
gticzt2.fits,.fits,0.01,2,HEL1OS,Aditya-L1,N/A,N/A,HEL1OS-L1-PIPELINE
gticdte1.fits,.fits,0.01,2,HEL1OS,Aditya-L1,N/A,N/A,HEL1OS-L1-PIPELINE
hel1os_czt_spectra_czt1.fits,.fits,9.3,2,HEL1OS,Aditya-L1,N/A,N/A,HEL1OS-L1-PIPELINE
hel1os_czt_spectra_czt2.fits,.fits,9.3,2,HEL1OS,Aditya-L1,N/A,N/A,HEL1OS-L1-PIPELINE
lightcurve_czt1.fits,.fits,7.35,6,HEL1OS,Aditya-L1,N/A,N/A,HEL1OS-L1-PIPELINE
lightcurve_czt2.fits,.fits,7.35,6,HEL1OS,Aditya-L1,N/A,N/A,HEL1OS-L1-PIPELINE
hel1os_cdte_spectra_cdte1.fits,.fits,13.9,2,HEL1OS,Aditya-L1,N/A,N/A,HEL1OS-L1-PIPELINE
lightcurve_cdte2.fits,.fits,7.34,6,HEL1OS,Aditya-L1,N/A,N/A,HEL1OS-L1-PIPELINE
lightcurve_cdte1.fits,.fits,7.34,6,HEL1OS,Aditya-L1,N/A,N/A,HEL1OS-L1-PIPELINE
hel1os_cdte_spectra_cdte2.fits,.fits,13.91,2,HEL1OS,Aditya-L1,N/A,N/A,HEL1OS-L1-PIPELINE
evt.fits,.fits,135.9,5,HEL1OS,Aditya-L1,N/A,N/A,HEL1OS-L1-PIPELINE
gticzt1.fits,.fits,0.01,2,HEL1OS,Aditya-L1,N/A,N/A,HEL1OS-L1-PIPELINE
hk.fits,.fits,2.06,2,HEL1OS,Aditya-L1,N/A,N/A,HEL1OS-L1-PIPELINE
gticdte2.fits,.fits,0.01,2,HEL1OS,Aditya-L1,N/A,N/A,HEL1OS-L1-PIPELINE
gticzt2.fits,.fits,0.01,2,HEL1OS,Aditya-L1,N/A,N/A,HEL1OS-L1-PIPELINE
gticdte1.fits,.fits,0.01,2,HEL1OS,Aditya-L1,N/A,N/A,HEL1OS-L1-PIPELINE
hel1os_czt_spectra_czt1.fits,.fits,1.65,2,HEL1OS,Aditya-L1,N/A,N/A,HEL1OS-L1-PIPELINE
hel1os_czt_spectra_czt2.fits,.fits,1.65,2,HEL1OS,Aditya-L1,N/A,N/A,HEL1OS-L1-PIPELINE
lightcurve_czt1.fits,.fits,1.32,6,HEL1OS,Aditya-L1,N/A,N/A,HEL1OS-L1-PIPELINE
lightcurve_czt2.fits,.fits,1.32,6,HEL1OS,Aditya-L1,N/A,N/A,HEL1OS-L1-PIPELINE
hel1os_cdte_spectra_cdte1.fits,.fits,2.47,2,HEL1OS,Aditya-L1,N/A,N/A,HEL1OS-L1-PIPELINE
lightcurve_cdte2.fits,.fits,1.32,6,HEL1OS,Aditya-L1,N/A,N/A,HEL1OS-L1-PIPELINE
lightcurve_cdte1.fits,.fits,1.32,6,HEL1OS,Aditya-L1,N/A,N/A,HEL1OS-L1-PIPELINE
hel1os_cdte_spectra_cdte2.fits,.fits,2.47,2,HEL1OS,Aditya-L1,N/A,N/A,HEL1OS-L1-PIPELINE
evt.fits,.fits,49.93,5,HEL1OS,Aditya-L1,N/A,N/A,HEL1OS-L1-PIPELINE
gticzt1.fits,.fits,0.01,2,HEL1OS,Aditya-L1,N/A,N/A,HEL1OS-L1-PIPELINE
hk.fits,.fits,0.73,2,HEL1OS,Aditya-L1,N/A,N/A,HEL1OS-L1-PIPELINE
gticdte2.fits,.fits,0.01,2,HEL1OS,Aditya-L1,N/A,N/A,HEL1OS-L1-PIPELINE
gticzt2.fits,.fits,0.01,2,HEL1OS,Aditya-L1,N/A,N/A,HEL1OS-L1-PIPELINE
gticdte1.fits,.fits,0.01,2,HEL1OS,Aditya-L1,N/A,N/A,HEL1OS-L1-PIPELINE
hel1os_czt_spectra_czt1.fits,.fits,9.32,2,HEL1OS,Aditya-L1,N/A,N/A,HEL1OS-L1-PIPELINE
hel1os_czt_spectra_czt2.fits,.fits,9.32,2,HEL1OS,Aditya-L1,N/A,N/A,HEL1OS-L1-PIPELINE
lightcurve_czt1.fits,.fits,7.36,6,HEL1OS,Aditya-L1,N/A,N/A,HEL1OS-L1-PIPELINE
lightcurve_czt2.fits,.fits,7.36,6,HEL1OS,Aditya-L1,N/A,N/A,HEL1OS-L1-PIPELINE
hel1os_cdte_spectra_cdte1.fits,.fits,13.93,2,HEL1OS,Aditya-L1,N/A,N/A,HEL1OS-L1-PIPELINE
lightcurve_cdte2.fits,.fits,7.34,6,HEL1OS,Aditya-L1,N/A,N/A,HEL1OS-L1-PIPELINE
lightcurve_cdte1.fits,.fits,7.33,6,HEL1OS,Aditya-L1,N/A,N/A,HEL1OS-L1-PIPELINE
hel1os_cdte_spectra_cdte2.fits,.fits,13.93,2,HEL1OS,Aditya-L1,N/A,N/A,HEL1OS-L1-PIPELINE
evt.fits,.fits,459.26,5,HEL1OS,Aditya-L1,N/A,N/A,HEL1OS-L1-PIPELINE
gticzt1.fits,.fits,0.01,2,HEL1OS,Aditya-L1,N/A,N/A,HEL1OS-L1-PIPELINE
hk.fits,.fits,4.5,2,HEL1OS,Aditya-L1,N/A,N/A,HEL1OS-L1-PIPELINE
gticdte2.fits,.fits,0.01,2,HEL1OS,Aditya-L1,N/A,N/A,HEL1OS-L1-PIPELINE
gticzt2.fits,.fits,0.01,2,HEL1OS,Aditya-L1,N/A,N/A,HEL1OS-L1-PIPELINE
gticdte1.fits,.fits,0.01,2,HEL1OS,Aditya-L1,N/A,N/A,HEL1OS-L1-PIPELINE
hel1os_czt_spectra_czt1.fits,.fits,11.59,2,HEL1OS,Aditya-L1,N/A,N/A,HEL1OS-L1-PIPELINE
hel1os_czt_spectra_czt2.fits,.fits,11.59,2,HEL1OS,Aditya-L1,N/A,N/A,HEL1OS-L1-PIPELINE
lightcurve_czt1.fits,.fits,9.15,6,HEL1OS,Aditya-L1,N/A,N/A,HEL1OS-L1-PIPELINE
lightcurve_czt2.fits,.fits,9.15,6,HEL1OS,Aditya-L1,N/A,N/A,HEL1OS-L1-PIPELINE
hel1os_cdte_spectra_cdte1.fits,.fits,17.33,2,HEL1OS,Aditya-L1,N/A,N/A,HEL1OS-L1-PIPELINE
lightcurve_cdte2.fits,.fits,9.14,6,HEL1OS,Aditya-L1,N/A,N/A,HEL1OS-L1-PIPELINE
lightcurve_cdte1.fits,.fits,9.14,6,HEL1OS,Aditya-L1,N/A,N/A,HEL1OS-L1-PIPELINE
hel1os_cdte_spectra_cdte2.fits,.fits,17.33,2,HEL1OS,Aditya-L1,N/A,N/A,HEL1OS-L1-PIPELINE
evt.fits,.fits,737.64,5,HEL1OS,Aditya-L1,N/A,N/A,HEL1OS-L1-PIPELINE
gticzt1.fits,.fits,0.01,2,HEL1OS,Aditya-L1,N/A,N/A,HEL1OS-L1-PIPELINE
hk.fits,.fits,10.12,2,HEL1OS,Aditya-L1,N/A,N/A,HEL1OS-L1-PIPELINE
gticdte2.fits,.fits,0.01,2,HEL1OS,Aditya-L1,N/A,N/A,HEL1OS-L1-PIPELINE
gticzt2.fits,.fits,0.01,2,HEL1OS,Aditya-L1,N/A,N/A,HEL1OS-L1-PIPELINE
gticdte1.fits,.fits,0.01,2,HEL1OS,Aditya-L1,N/A,N/A,HEL1OS-L1-PIPELINE
hel1os_czt_spectra_czt1.fits,.fits,9.88,2,HEL1OS,Aditya-L1,N/A,N/A,HEL1OS-L1-PIPELINE
hel1os_czt_spectra_czt2.fits,.fits,9.88,2,HEL1OS,Aditya-L1,N/A,N/A,HEL1OS-L1-PIPELINE
lightcurve_czt1.fits,.fits,7.8,6,HEL1OS,Aditya-L1,N/A,N/A,HEL1OS-L1-PIPELINE
lightcurve_czt2.fits,.fits,7.8,6,HEL1OS,Aditya-L1,N/A,N/A,HEL1OS-L1-PIPELINE
hel1os_cdte_spectra_cdte1.fits,.fits,14.78,2,HEL1OS,Aditya-L1,N/A,N/A,HEL1OS-L1-PIPELINE
lightcurve_cdte2.fits,.fits,7.8,6,HEL1OS,Aditya-L1,N/A,N/A,HEL1OS-L1-PIPELINE
lightcurve_cdte1.fits,.fits,7.78,6,HEL1OS,Aditya-L1,N/A,N/A,HEL1OS-L1-PIPELINE
hel1os_cdte_spectra_cdte2.fits,.fits,14.78,2,HEL1OS,Aditya-L1,N/A,N/A,HEL1OS-L1-PIPELINE
evt.fits,.fits,117.46,5,HEL1OS,Aditya-L1,N/A,N/A,HEL1OS-L1-PIPELINE
gticzt1.fits,.fits,0.01,2,HEL1OS,Aditya-L1,N/A,N/A,HEL1OS-L1-PIPELINE
hk.fits,.fits,1.81,2,HEL1OS,Aditya-L1,N/A,N/A,HEL1OS-L1-PIPELINE
gticdte2.fits,.fits,0.01,2,HEL1OS,Aditya-L1,N/A,N/A,HEL1OS-L1-PIPELINE
gticzt2.fits,.fits,0.01,2,HEL1OS,Aditya-L1,N/A,N/A,HEL1OS-L1-PIPELINE
gticdte1.fits,.fits,0.01,2,HEL1OS,Aditya-L1,N/A,N/A,HEL1OS-L1-PIPELINE
hel1os_czt_spectra_czt1.fits,.fits,4.24,2,HEL1OS,Aditya-L1,N/A,N/A,HEL1OS-L1-PIPELINE
hel1os_czt_spectra_czt2.fits,.fits,4.24,2,HEL1OS,Aditya-L1,N/A,N/A,HEL1OS-L1-PIPELINE
lightcurve_czt1.fits,.fits,3.35,6,HEL1OS,Aditya-L1,N/A,N/A,HEL1OS-L1-PIPELINE
lightcurve_czt2.fits,.fits,3.35,6,HEL1OS,Aditya-L1,N/A,N/A,HEL1OS-L1-PIPELINE
hel1os_cdte_spectra_cdte1.fits,.fits,6.33,2,HEL1OS,Aditya-L1,N/A,N/A,HEL1OS-L1-PIPELINE
lightcurve_cdte2.fits,.fits,3.34,6,HEL1OS,Aditya-L1,N/A,N/A,HEL1OS-L1-PIPELINE
lightcurve_cdte1.fits,.fits,3.34,6,HEL1OS,Aditya-L1,N/A,N/A,HEL1OS-L1-PIPELINE
hel1os_cdte_spectra_cdte2.fits,.fits,6.33,2,HEL1OS,Aditya-L1,N/A,N/A,HEL1OS-L1-PIPELINE
evt.fits,.fits,46.43,5,HEL1OS,Aditya-L1,N/A,N/A,HEL1OS-L1-PIPELINE
gticzt1.fits,.fits,0.01,2,HEL1OS,Aditya-L1,N/A,N/A,HEL1OS-L1-PIPELINE
hk.fits,.fits,0.76,2,HEL1OS,Aditya-L1,N/A,N/A,HEL1OS-L1-PIPELINE
gticdte2.fits,.fits,0.01,2,HEL1OS,Aditya-L1,N/A,N/A,HEL1OS-L1-PIPELINE
gticzt2.fits,.fits,0.01,2,HEL1OS,Aditya-L1,N/A,N/A,HEL1OS-L1-PIPELINE
gticdte1.fits,.fits,0.01,2,HEL1OS,Aditya-L1,N/A,N/A,HEL1OS-L1-PIPELINE
hel1os_czt_spectra_czt1.fits,.fits,12.44,2,HEL1OS,Aditya-L1,N/A,N/A,HEL1OS-L1-PIPELINE
hel1os_czt_spectra_czt2.fits,.fits,12.44,2,HEL1OS,Aditya-L1,N/A,N/A,HEL1OS-L1-PIPELINE
lightcurve_czt1.fits,.fits,9.82,6,HEL1OS,Aditya-L1,N/A,N/A,HEL1OS-L1-PIPELINE
lightcurve_czt2.fits,.fits,9.82,6,HEL1OS,Aditya-L1,N/A,N/A,HEL1OS-L1-PIPELINE
hel1os_cdte_spectra_cdte1.fits,.fits,18.6,2,HEL1OS,Aditya-L1,N/A,N/A,HEL1OS-L1-PIPELINE
lightcurve_cdte2.fits,.fits,9.81,6,HEL1OS,Aditya-L1,N/A,N/A,HEL1OS-L1-PIPELINE
lightcurve_cdte1.fits,.fits,9.82,6,HEL1OS,Aditya-L1,N/A,N/A,HEL1OS-L1-PIPELINE
hel1os_cdte_spectra_cdte2.fits,.fits,18.6,2,HEL1OS,Aditya-L1,N/A,N/A,HEL1OS-L1-PIPELINE
evt.fits,.fits,493.32,5,HEL1OS,Aditya-L1,N/A,N/A,HEL1OS-L1-PIPELINE
gticzt1.fits,.fits,0.01,2,HEL1OS,Aditya-L1,N/A,N/A,HEL1OS-L1-PIPELINE
hk.fits,.fits,5.2,2,HEL1OS,Aditya-L1,N/A,N/A,HEL1OS-L1-PIPELINE
gticdte2.fits,.fits,0.01,2,HEL1OS,Aditya-L1,N/A,N/A,HEL1OS-L1-PIPELINE
gticzt2.fits,.fits,0.01,2,HEL1OS,Aditya-L1,N/A,N/A,HEL1OS-L1-PIPELINE
gticdte1.fits,.fits,0.01,2,HEL1OS,Aditya-L1,N/A,N/A,HEL1OS-L1-PIPELINE
hel1os_czt_spectra_czt1.fits,.fits,14.12,2,HEL1OS,Aditya-L1,N/A,N/A,HEL1OS-L1-PIPELINE
hel1os_czt_spectra_czt2.fits,.fits,14.12,2,HEL1OS,Aditya-L1,N/A,N/A,HEL1OS-L1-PIPELINE
lightcurve_czt1.fits,.fits,11.14,6,HEL1OS,Aditya-L1,N/A,N/A,HEL1OS-L1-PIPELINE
lightcurve_czt2.fits,.fits,11.14,6,HEL1OS,Aditya-L1,N/A,N/A,HEL1OS-L1-PIPELINE
hel1os_cdte_spectra_cdte1.fits,.fits,21.12,2,HEL1OS,Aditya-L1,N/A,N/A,HEL1OS-L1-PIPELINE
lightcurve_cdte2.fits,.fits,11.13,6,HEL1OS,Aditya-L1,N/A,N/A,HEL1OS-L1-PIPELINE
lightcurve_cdte1.fits,.fits,11.13,6,HEL1OS,Aditya-L1,N/A,N/A,HEL1OS-L1-PIPELINE
hel1os_cdte_spectra_cdte2.fits,.fits,21.11,2,HEL1OS,Aditya-L1,N/A,N/A,HEL1OS-L1-PIPELINE
evt.fits,.fits,213.41,5,HEL1OS,Aditya-L1,N/A,N/A,HEL1OS-L1-PIPELINE
gticzt1.fits,.fits,0.01,2,HEL1OS,Aditya-L1,N/A,N/A,HEL1OS-L1-PIPELINE
hk.fits,.fits,3.23,2,HEL1OS,Aditya-L1,N/A,N/A,HEL1OS-L1-PIPELINE
gticdte2.fits,.fits,0.01,2,HEL1OS,Aditya-L1,N/A,N/A,HEL1OS-L1-PIPELINE
gticzt2.fits,.fits,0.01,2,HEL1OS,Aditya-L1,N/A,N/A,HEL1OS-L1-PIPELINE
gticdte1.fits,.fits,0.01,2,HEL1OS,Aditya-L1,N/A,N/A,HEL1OS-L1-PIPELINE
hel1os_czt_spectra_czt1.fits,.fits,14.04,2,HEL1OS,Aditya-L1,N/A,N/A,HEL1OS-L1-PIPELINE
hel1os_czt_spectra_czt2.fits,.fits,14.04,2,HEL1OS,Aditya-L1,N/A,N/A,HEL1OS-L1-PIPELINE
lightcurve_czt1.fits,.fits,11.07,6,HEL1OS,Aditya-L1,N/A,N/A,HEL1OS-L1-PIPELINE
lightcurve_czt2.fits,.fits,11.07,6,HEL1OS,Aditya-L1,N/A,N/A,HEL1OS-L1-PIPELINE
hel1os_cdte_spectra_cdte1.fits,.fits,20.99,2,HEL1OS,Aditya-L1,N/A,N/A,HEL1OS-L1-PIPELINE
lightcurve_cdte2.fits,.fits,11.07,6,HEL1OS,Aditya-L1,N/A,N/A,HEL1OS-L1-PIPELINE
lightcurve_cdte1.fits,.fits,11.07,6,HEL1OS,Aditya-L1,N/A,N/A,HEL1OS-L1-PIPELINE
hel1os_cdte_spectra_cdte2.fits,.fits,20.99,2,HEL1OS,Aditya-L1,N/A,N/A,HEL1OS-L1-PIPELINE
evt.fits,.fits,514.34,5,HEL1OS,Aditya-L1,N/A,N/A,HEL1OS-L1-PIPELINE
gticzt1.fits,.fits,0.01,2,HEL1OS,Aditya-L1,N/A,N/A,HEL1OS-L1-PIPELINE
hk.fits,.fits,5.52,2,HEL1OS,Aditya-L1,N/A,N/A,HEL1OS-L1-PIPELINE
gticdte2.fits,.fits,0.01,2,HEL1OS,Aditya-L1,N/A,N/A,HEL1OS-L1-PIPELINE
gticzt2.fits,.fits,0.01,2,HEL1OS,Aditya-L1,N/A,N/A,HEL1OS-L1-PIPELINE
gticdte1.fits,.fits,0.01,2,HEL1OS,Aditya-L1,N/A,N/A,HEL1OS-L1-PIPELINE
hel1os_czt_spectra_czt1.fits,.fits,4.6,2,HEL1OS,Aditya-L1,N/A,N/A,HEL1OS-L1-PIPELINE
hel1os_czt_spectra_czt2.fits,.fits,4.6,2,HEL1OS,Aditya-L1,N/A,N/A,HEL1OS-L1-PIPELINE
lightcurve_czt1.fits,.fits,3.64,6,HEL1OS,Aditya-L1,N/A,N/A,HEL1OS-L1-PIPELINE
lightcurve_czt2.fits,.fits,3.64,6,HEL1OS,Aditya-L1,N/A,N/A,HEL1OS-L1-PIPELINE
hel1os_cdte_spectra_cdte1.fits,.fits,6.87,2,HEL1OS,Aditya-L1,N/A,N/A,HEL1OS-L1-PIPELINE
lightcurve_cdte2.fits,.fits,3.64,6,HEL1OS,Aditya-L1,N/A,N/A,HEL1OS-L1-PIPELINE
lightcurve_cdte1.fits,.fits,3.64,6,HEL1OS,Aditya-L1,N/A,N/A,HEL1OS-L1-PIPELINE
hel1os_cdte_spectra_cdte2.fits,.fits,6.87,2,HEL1OS,Aditya-L1,N/A,N/A,HEL1OS-L1-PIPELINE
evt.fits,.fits,63.03,5,HEL1OS,Aditya-L1,N/A,N/A,HEL1OS-L1-PIPELINE
gticzt1.fits,.fits,0.01,2,HEL1OS,Aditya-L1,N/A,N/A,HEL1OS-L1-PIPELINE
hk.fits,.fits,0.95,2,HEL1OS,Aditya-L1,N/A,N/A,HEL1OS-L1-PIPELINE
gticdte2.fits,.fits,0.01,2,HEL1OS,Aditya-L1,N/A,N/A,HEL1OS-L1-PIPELINE
gticzt2.fits,.fits,0.01,2,HEL1OS,Aditya-L1,N/A,N/A,HEL1OS-L1-PIPELINE
gticdte1.fits,.fits,0.01,2,HEL1OS,Aditya-L1,N/A,N/A,HEL1OS-L1-PIPELINE
hel1os_czt_spectra_czt1.fits,.fits,12.47,2,HEL1OS,Aditya-L1,N/A,N/A,HEL1OS-L1-PIPELINE
hel1os_czt_spectra_czt2.fits,.fits,12.47,2,HEL1OS,Aditya-L1,N/A,N/A,HEL1OS-L1-PIPELINE
lightcurve_czt1.fits,.fits,9.84,6,HEL1OS,Aditya-L1,N/A,N/A,HEL1OS-L1-PIPELINE
lightcurve_czt2.fits,.fits,9.84,6,HEL1OS,Aditya-L1,N/A,N/A,HEL1OS-L1-PIPELINE
hel1os_cdte_spectra_cdte1.fits,.fits,18.65,2,HEL1OS,Aditya-L1,N/A,N/A,HEL1OS-L1-PIPELINE
lightcurve_cdte2.fits,.fits,9.83,6,HEL1OS,Aditya-L1,N/A,N/A,HEL1OS-L1-PIPELINE
lightcurve_cdte1.fits,.fits,9.84,6,HEL1OS,Aditya-L1,N/A,N/A,HEL1OS-L1-PIPELINE
hel1os_cdte_spectra_cdte2.fits,.fits,18.65,2,HEL1OS,Aditya-L1,N/A,N/A,HEL1OS-L1-PIPELINE
evt.fits,.fits,285.72,5,HEL1OS,Aditya-L1,N/A,N/A,HEL1OS-L1-PIPELINE
gticzt1.fits,.fits,0.01,2,HEL1OS,Aditya-L1,N/A,N/A,HEL1OS-L1-PIPELINE
hk.fits,.fits,4.08,2,HEL1OS,Aditya-L1,N/A,N/A,HEL1OS-L1-PIPELINE
gticdte2.fits,.fits,0.01,2,HEL1OS,Aditya-L1,N/A,N/A,HEL1OS-L1-PIPELINE
gticzt2.fits,.fits,0.01,2,HEL1OS,Aditya-L1,N/A,N/A,HEL1OS-L1-PIPELINE
gticdte1.fits,.fits,0.01,2,HEL1OS,Aditya-L1,N/A,N/A,HEL1OS-L1-PIPELINE
hel1os_czt_spectra_czt1.fits,.fits,2.14,2,HEL1OS,Aditya-L1,N/A,N/A,HEL1OS-L1-PIPELINE
hel1os_czt_spectra_czt2.fits,.fits,2.14,2,HEL1OS,Aditya-L1,N/A,N/A,HEL1OS-L1-PIPELINE
lightcurve_czt1.fits,.fits,1.71,6,HEL1OS,Aditya-L1,N/A,N/A,HEL1OS-L1-PIPELINE
lightcurve_czt2.fits,.fits,1.71,6,HEL1OS,Aditya-L1,N/A,N/A,HEL1OS-L1-PIPELINE
hel1os_cdte_spectra_cdte1.fits,.fits,3.2,2,HEL1OS,Aditya-L1,N/A,N/A,HEL1OS-L1-PIPELINE
lightcurve_cdte2.fits,.fits,1.71,6,HEL1OS,Aditya-L1,N/A,N/A,HEL1OS-L1-PIPELINE
lightcurve_cdte1.fits,.fits,1.71,6,HEL1OS,Aditya-L1,N/A,N/A,HEL1OS-L1-PIPELINE
hel1os_cdte_spectra_cdte2.fits,.fits,3.2,2,HEL1OS,Aditya-L1,N/A,N/A,HEL1OS-L1-PIPELINE
evt.fits,.fits,330.17,5,HEL1OS,Aditya-L1,N/A,N/A,HEL1OS-L1-PIPELINE
gticzt1.fits,.fits,0.01,2,HEL1OS,Aditya-L1,N/A,N/A,HEL1OS-L1-PIPELINE
hk.fits,.fits,4.47,2,HEL1OS,Aditya-L1,N/A,N/A,HEL1OS-L1-PIPELINE
gticdte2.fits,.fits,0.01,2,HEL1OS,Aditya-L1,N/A,N/A,HEL1OS-L1-PIPELINE
gticzt2.fits,.fits,0.01,2,HEL1OS,Aditya-L1,N/A,N/A,HEL1OS-L1-PIPELINE
gticdte1.fits,.fits,0.01,2,HEL1OS,Aditya-L1,N/A,N/A,HEL1OS-L1-PIPELINE
hel1os_czt_spectra_czt1.fits,.fits,4.82,2,HEL1OS,Aditya-L1,N/A,N/A,HEL1OS-L1-PIPELINE
hel1os_czt_spectra_czt2.fits,.fits,4.82,2,HEL1OS,Aditya-L1,N/A,N/A,HEL1OS-L1-PIPELINE
lightcurve_czt1.fits,.fits,3.82,6,HEL1OS,Aditya-L1,N/A,N/A,HEL1OS-L1-PIPELINE
lightcurve_czt2.fits,.fits,3.82,6,HEL1OS,Aditya-L1,N/A,N/A,HEL1OS-L1-PIPELINE
hel1os_cdte_spectra_cdte1.fits,.fits,7.2,2,HEL1OS,Aditya-L1,N/A,N/A,HEL1OS-L1-PIPELINE
lightcurve_cdte2.fits,.fits,3.8,6,HEL1OS,Aditya-L1,N/A,N/A,HEL1OS-L1-PIPELINE
lightcurve_cdte1.fits,.fits,3.8,6,HEL1OS,Aditya-L1,N/A,N/A,HEL1OS-L1-PIPELINE
hel1os_cdte_spectra_cdte2.fits,.fits,7.19,2,HEL1OS,Aditya-L1,N/A,N/A,HEL1OS-L1-PIPELINE
evt.fits,.fits,77.49,5,HEL1OS,Aditya-L1,N/A,N/A,HEL1OS-L1-PIPELINE
gticzt1.fits,.fits,0.01,2,HEL1OS,Aditya-L1,N/A,N/A,HEL1OS-L1-PIPELINE
hk.fits,.fits,1.18,2,HEL1OS,Aditya-L1,N/A,N/A,HEL1OS-L1-PIPELINE
gticdte2.fits,.fits,0.01,2,HEL1OS,Aditya-L1,N/A,N/A,HEL1OS-L1-PIPELINE
gticzt2.fits,.fits,0.01,2,HEL1OS,Aditya-L1,N/A,N/A,HEL1OS-L1-PIPELINE
gticdte1.fits,.fits,0.01,2,HEL1OS,Aditya-L1,N/A,N/A,HEL1OS-L1-PIPELINE
hel1os_czt_spectra_czt1.fits,.fits,1.68,2,HEL1OS,Aditya-L1,N/A,N/A,HEL1OS-L1-PIPELINE
hel1os_czt_spectra_czt2.fits,.fits,1.68,2,HEL1OS,Aditya-L1,N/A,N/A,HEL1OS-L1-PIPELINE
lightcurve_czt1.fits,.fits,1.35,6,HEL1OS,Aditya-L1,N/A,N/A,HEL1OS-L1-PIPELINE
lightcurve_czt2.fits,.fits,1.35,6,HEL1OS,Aditya-L1,N/A,N/A,HEL1OS-L1-PIPELINE
hel1os_cdte_spectra_cdte1.fits,.fits,2.5,2,HEL1OS,Aditya-L1,N/A,N/A,HEL1OS-L1-PIPELINE
lightcurve_cdte2.fits,.fits,1.34,6,HEL1OS,Aditya-L1,N/A,N/A,HEL1OS-L1-PIPELINE
lightcurve_cdte1.fits,.fits,1.32,6,HEL1OS,Aditya-L1,N/A,N/A,HEL1OS-L1-PIPELINE
hel1os_cdte_spectra_cdte2.fits,.fits,2.5,2,HEL1OS,Aditya-L1,N/A,N/A,HEL1OS-L1-PIPELINE
evt.fits,.fits,22.02,5,HEL1OS,Aditya-L1,N/A,N/A,HEL1OS-L1-PIPELINE
gticzt1.fits,.fits,0.01,2,HEL1OS,Aditya-L1,N/A,N/A,HEL1OS-L1-PIPELINE
hk.fits,.fits,0.36,2,HEL1OS,Aditya-L1,N/A,N/A,HEL1OS-L1-PIPELINE
gticdte2.fits,.fits,0.01,2,HEL1OS,Aditya-L1,N/A,N/A,HEL1OS-L1-PIPELINE
gticzt2.fits,.fits,0.01,2,HEL1OS,Aditya-L1,N/A,N/A,HEL1OS-L1-PIPELINE
gticdte1.fits,.fits,0.01,2,HEL1OS,Aditya-L1,N/A,N/A,HEL1OS-L1-PIPELINE
hel1os_czt_spectra_czt1.fits,.fits,14.12,2,HEL1OS,Aditya-L1,N/A,N/A,HEL1OS-L1-PIPELINE
hel1os_czt_spectra_czt2.fits,.fits,14.12,2,HEL1OS,Aditya-L1,N/A,N/A,HEL1OS-L1-PIPELINE
lightcurve_czt1.fits,.fits,11.14,6,HEL1OS,Aditya-L1,N/A,N/A,HEL1OS-L1-PIPELINE
lightcurve_czt2.fits,.fits,11.14,6,HEL1OS,Aditya-L1,N/A,N/A,HEL1OS-L1-PIPELINE
hel1os_cdte_spectra_cdte1.fits,.fits,21.12,2,HEL1OS,Aditya-L1,N/A,N/A,HEL1OS-L1-PIPELINE
lightcurve_cdte2.fits,.fits,11.13,6,HEL1OS,Aditya-L1,N/A,N/A,HEL1OS-L1-PIPELINE
lightcurve_cdte1.fits,.fits,11.12,6,HEL1OS,Aditya-L1,N/A,N/A,HEL1OS-L1-PIPELINE
hel1os_cdte_spectra_cdte2.fits,.fits,21.12,2,HEL1OS,Aditya-L1,N/A,N/A,HEL1OS-L1-PIPELINE
evt.fits,.fits,171.35,5,HEL1OS,Aditya-L1,N/A,N/A,HEL1OS-L1-PIPELINE
gticzt1.fits,.fits,0.01,2,HEL1OS,Aditya-L1,N/A,N/A,HEL1OS-L1-PIPELINE
hk.fits,.fits,2.59,2,HEL1OS,Aditya-L1,N/A,N/A,HEL1OS-L1-PIPELINE
gticdte2.fits,.fits,0.01,2,HEL1OS,Aditya-L1,N/A,N/A,HEL1OS-L1-PIPELINE
gticzt2.fits,.fits,0.01,2,HEL1OS,Aditya-L1,N/A,N/A,HEL1OS-L1-PIPELINE
gticdte1.fits,.fits,0.01,2,HEL1OS,Aditya-L1,N/A,N/A,HEL1OS-L1-PIPELINE
hel1os_czt_spectra_czt1.fits,.fits,14.12,2,HEL1OS,Aditya-L1,N/A,N/A,HEL1OS-L1-PIPELINE
hel1os_czt_spectra_czt2.fits,.fits,14.12,2,HEL1OS,Aditya-L1,N/A,N/A,HEL1OS-L1-PIPELINE
lightcurve_czt1.fits,.fits,11.14,6,HEL1OS,Aditya-L1,N/A,N/A,HEL1OS-L1-PIPELINE
lightcurve_czt2.fits,.fits,11.14,6,HEL1OS,Aditya-L1,N/A,N/A,HEL1OS-L1-PIPELINE
hel1os_cdte_spectra_cdte1.fits,.fits,21.11,2,HEL1OS,Aditya-L1,N/A,N/A,HEL1OS-L1-PIPELINE
lightcurve_cdte2.fits,.fits,11.13,6,HEL1OS,Aditya-L1,N/A,N/A,HEL1OS-L1-PIPELINE
lightcurve_cdte1.fits,.fits,11.13,6,HEL1OS,Aditya-L1,N/A,N/A,HEL1OS-L1-PIPELINE
hel1os_cdte_spectra_cdte2.fits,.fits,21.11,2,HEL1OS,Aditya-L1,N/A,N/A,HEL1OS-L1-PIPELINE
evt.fits,.fits,169.57,5,HEL1OS,Aditya-L1,N/A,N/A,HEL1OS-L1-PIPELINE
gticzt1.fits,.fits,0.01,2,HEL1OS,Aditya-L1,N/A,N/A,HEL1OS-L1-PIPELINE
hk.fits,.fits,2.55,2,HEL1OS,Aditya-L1,N/A,N/A,HEL1OS-L1-PIPELINE
gticdte2.fits,.fits,0.01,2,HEL1OS,Aditya-L1,N/A,N/A,HEL1OS-L1-PIPELINE
gticzt2.fits,.fits,0.01,2,HEL1OS,Aditya-L1,N/A,N/A,HEL1OS-L1-PIPELINE
gticdte1.fits,.fits,0.01,2,HEL1OS,Aditya-L1,N/A,N/A,HEL1OS-L1-PIPELINE
hel1os_czt_spectra_czt1.fits,.fits,14.12,2,HEL1OS,Aditya-L1,N/A,N/A,HEL1OS-L1-PIPELINE
hel1os_czt_spectra_czt2.fits,.fits,14.12,2,HEL1OS,Aditya-L1,N/A,N/A,HEL1OS-L1-PIPELINE
lightcurve_czt1.fits,.fits,11.14,6,HEL1OS,Aditya-L1,N/A,N/A,HEL1OS-L1-PIPELINE
lightcurve_czt2.fits,.fits,11.14,6,HEL1OS,Aditya-L1,N/A,N/A,HEL1OS-L1-PIPELINE
hel1os_cdte_spectra_cdte1.fits,.fits,21.12,2,HEL1OS,Aditya-L1,N/A,N/A,HEL1OS-L1-PIPELINE
lightcurve_cdte2.fits,.fits,11.13,6,HEL1OS,Aditya-L1,N/A,N/A,HEL1OS-L1-PIPELINE
lightcurve_cdte1.fits,.fits,11.13,6,HEL1OS,Aditya-L1,N/A,N/A,HEL1OS-L1-PIPELINE
hel1os_cdte_spectra_cdte2.fits,.fits,21.12,2,HEL1OS,Aditya-L1,N/A,N/A,HEL1OS-L1-PIPELINE
evt.fits,.fits,145.0,5,HEL1OS,Aditya-L1,N/A,N/A,HEL1OS-L1-PIPELINE
gticzt1.fits,.fits,0.01,2,HEL1OS,Aditya-L1,N/A,N/A,HEL1OS-L1-PIPELINE
hk.fits,.fits,2.34,2,HEL1OS,Aditya-L1,N/A,N/A,HEL1OS-L1-PIPELINE
gticdte2.fits,.fits,0.01,2,HEL1OS,Aditya-L1,N/A,N/A,HEL1OS-L1-PIPELINE
gticzt2.fits,.fits,0.01,2,HEL1OS,Aditya-L1,N/A,N/A,HEL1OS-L1-PIPELINE
gticdte1.fits,.fits,0.01,2,HEL1OS,Aditya-L1,N/A,N/A,HEL1OS-L1-PIPELINE
hel1os_czt_spectra_czt1.fits,.fits,14.12,2,HEL1OS,Aditya-L1,N/A,N/A,HEL1OS-L1-PIPELINE
hel1os_czt_spectra_czt2.fits,.fits,14.12,2,HEL1OS,Aditya-L1,N/A,N/A,HEL1OS-L1-PIPELINE
lightcurve_czt1.fits,.fits,11.14,6,HEL1OS,Aditya-L1,N/A,N/A,HEL1OS-L1-PIPELINE
lightcurve_czt2.fits,.fits,11.14,6,HEL1OS,Aditya-L1,N/A,N/A,HEL1OS-L1-PIPELINE
hel1os_cdte_spectra_cdte1.fits,.fits,21.12,2,HEL1OS,Aditya-L1,N/A,N/A,HEL1OS-L1-PIPELINE
lightcurve_cdte2.fits,.fits,11.13,6,HEL1OS,Aditya-L1,N/A,N/A,HEL1OS-L1-PIPELINE
lightcurve_cdte1.fits,.fits,11.12,6,HEL1OS,Aditya-L1,N/A,N/A,HEL1OS-L1-PIPELINE
hel1os_cdte_spectra_cdte2.fits,.fits,21.12,2,HEL1OS,Aditya-L1,N/A,N/A,HEL1OS-L1-PIPELINE
evt.fits,.fits,158.27,5,HEL1OS,Aditya-L1,N/A,N/A,HEL1OS-L1-PIPELINE
gticzt1.fits,.fits,0.01,2,HEL1OS,Aditya-L1,N/A,N/A,HEL1OS-L1-PIPELINE
hk.fits,.fits,2.45,2,HEL1OS,Aditya-L1,N/A,N/A,HEL1OS-L1-PIPELINE
gticdte2.fits,.fits,0.01,2,HEL1OS,Aditya-L1,N/A,N/A,HEL1OS-L1-PIPELINE
gticzt2.fits,.fits,0.01,2,HEL1OS,Aditya-L1,N/A,N/A,HEL1OS-L1-PIPELINE
gticdte1.fits,.fits,0.01,2,HEL1OS,Aditya-L1,N/A,N/A,HEL1OS-L1-PIPELINE
gticdte2.fits,.fits,0.01,2,HEL1OS,Aditya-L1,N/A,N/A,HEL1OS-L1-PIPELINE
gticdte1.fits,.fits,0.01,2,HEL1OS,Aditya-L1,N/A,N/A,HEL1OS-L1-PIPELINE
gticdte2.fits,.fits,0.01,2,HEL1OS,Aditya-L1,N/A,N/A,HEL1OS-L1-PIPELINE
gticdte1.fits,.fits,0.01,2,HEL1OS,Aditya-L1,N/A,N/A,HEL1OS-L1-PIPELINE
hel1os_czt_spectra_czt1.fits,.fits,14.12,2,HEL1OS,Aditya-L1,N/A,N/A,HEL1OS-L1-PIPELINE
hel1os_czt_spectra_czt2.fits,.fits,14.12,2,HEL1OS,Aditya-L1,N/A,N/A,HEL1OS-L1-PIPELINE
lightcurve_czt1.fits,.fits,11.14,6,HEL1OS,Aditya-L1,N/A,N/A,HEL1OS-L1-PIPELINE
lightcurve_czt2.fits,.fits,11.14,6,HEL1OS,Aditya-L1,N/A,N/A,HEL1OS-L1-PIPELINE
hel1os_cdte_spectra_cdte1.fits,.fits,21.11,2,HEL1OS,Aditya-L1,N/A,N/A,HEL1OS-L1-PIPELINE
lightcurve_cdte2.fits,.fits,11.13,6,HEL1OS,Aditya-L1,N/A,N/A,HEL1OS-L1-PIPELINE
lightcurve_cdte1.fits,.fits,11.13,6,HEL1OS,Aditya-L1,N/A,N/A,HEL1OS-L1-PIPELINE
hel1os_cdte_spectra_cdte2.fits,.fits,21.11,2,HEL1OS,Aditya-L1,N/A,N/A,HEL1OS-L1-PIPELINE
evt.fits,.fits,160.6,5,HEL1OS,Aditya-L1,N/A,N/A,HEL1OS-L1-PIPELINE
gticzt1.fits,.fits,0.01,2,HEL1OS,Aditya-L1,N/A,N/A,HEL1OS-L1-PIPELINE
hk.fits,.fits,2.47,2,HEL1OS,Aditya-L1,N/A,N/A,HEL1OS-L1-PIPELINE
gticdte2.fits,.fits,0.01,2,HEL1OS,Aditya-L1,N/A,N/A,HEL1OS-L1-PIPELINE
gticzt2.fits,.fits,0.01,2,HEL1OS,Aditya-L1,N/A,N/A,HEL1OS-L1-PIPELINE
gticdte1.fits,.fits,0.01,2,HEL1OS,Aditya-L1,N/A,N/A,HEL1OS-L1-PIPELINE
hel1os_czt_spectra_czt1.fits,.fits,6.23,2,HEL1OS,Aditya-L1,N/A,N/A,HEL1OS-L1-PIPELINE
hel1os_czt_spectra_czt2.fits,.fits,6.23,2,HEL1OS,Aditya-L1,N/A,N/A,HEL1OS-L1-PIPELINE
lightcurve_czt1.fits,.fits,4.93,6,HEL1OS,Aditya-L1,N/A,N/A,HEL1OS-L1-PIPELINE
lightcurve_czt2.fits,.fits,4.93,6,HEL1OS,Aditya-L1,N/A,N/A,HEL1OS-L1-PIPELINE
lightcurve_cdte2.fits,.fits,4.92,6,HEL1OS,Aditya-L1,N/A,N/A,HEL1OS-L1-PIPELINE
lightcurve_cdte1.fits,.fits,4.92,6,HEL1OS,Aditya-L1,N/A,N/A,HEL1OS-L1-PIPELINE
hel1os_cdte_spectra_cdte2.fits,.fits,9.31,2,HEL1OS,Aditya-L1,N/A,N/A,HEL1OS-L1-PIPELINE
evt.fits,.fits,65.44,5,HEL1OS,Aditya-L1,N/A,N/A,HEL1OS-L1-PIPELINE
gticzt1.fits,.fits,0.01,2,HEL1OS,Aditya-L1,N/A,N/A,HEL1OS-L1-PIPELINE
hk.fits,.fits,2.32,2,HEL1OS,Aditya-L1,N/A,N/A,HEL1OS-L1-PIPELINE
gticdte2.fits,.fits,0.01,2,HEL1OS,Aditya-L1,N/A,N/A,HEL1OS-L1-PIPELINE
gticzt2.fits,.fits,0.01,2,HEL1OS,Aditya-L1,N/A,N/A,HEL1OS-L1-PIPELINE
gticdte1.fits,.fits,0.01,2,HEL1OS,Aditya-L1,N/A,N/A,HEL1OS-L1-PIPELINE
hel1os_czt_spectra_czt1.fits,.fits,14.12,2,HEL1OS,Aditya-L1,N/A,N/A,HEL1OS-L1-PIPELINE
hel1os_czt_spectra_czt2.fits,.fits,14.12,2,HEL1OS,Aditya-L1,N/A,N/A,HEL1OS-L1-PIPELINE
lightcurve_czt1.fits,.fits,11.14,6,HEL1OS,Aditya-L1,N/A,N/A,HEL1OS-L1-PIPELINE
lightcurve_czt2.fits,.fits,11.14,6,HEL1OS,Aditya-L1,N/A,N/A,HEL1OS-L1-PIPELINE
hel1os_cdte_spectra_cdte1.fits,.fits,21.11,2,HEL1OS,Aditya-L1,N/A,N/A,HEL1OS-L1-PIPELINE
lightcurve_cdte2.fits,.fits,11.12,6,HEL1OS,Aditya-L1,N/A,N/A,HEL1OS-L1-PIPELINE
lightcurve_cdte1.fits,.fits,11.12,6,HEL1OS,Aditya-L1,N/A,N/A,HEL1OS-L1-PIPELINE
hel1os_cdte_spectra_cdte2.fits,.fits,21.11,2,HEL1OS,Aditya-L1,N/A,N/A,HEL1OS-L1-PIPELINE
evt.fits,.fits,143.76,5,HEL1OS,Aditya-L1,N/A,N/A,HEL1OS-L1-PIPELINE
gticzt1.fits,.fits,0.01,2,HEL1OS,Aditya-L1,N/A,N/A,HEL1OS-L1-PIPELINE
hk.fits,.fits,2.3,2,HEL1OS,Aditya-L1,N/A,N/A,HEL1OS-L1-PIPELINE
gticdte2.fits,.fits,0.01,2,HEL1OS,Aditya-L1,N/A,N/A,HEL1OS-L1-PIPELINE
gticzt2.fits,.fits,0.01,2,HEL1OS,Aditya-L1,N/A,N/A,HEL1OS-L1-PIPELINE
gticdte1.fits,.fits,0.01,2,HEL1OS,Aditya-L1,N/A,N/A,HEL1OS-L1-PIPELINE
hel1os_czt_spectra_czt1.fits,.fits,14.12,2,HEL1OS,Aditya-L1,N/A,N/A,HEL1OS-L1-PIPELINE
hel1os_czt_spectra_czt2.fits,.fits,14.12,2,HEL1OS,Aditya-L1,N/A,N/A,HEL1OS-L1-PIPELINE
lightcurve_czt1.fits,.fits,11.14,6,HEL1OS,Aditya-L1,N/A,N/A,HEL1OS-L1-PIPELINE
lightcurve_czt2.fits,.fits,11.14,6,HEL1OS,Aditya-L1,N/A,N/A,HEL1OS-L1-PIPELINE
hel1os_cdte_spectra_cdte1.fits,.fits,21.12,2,HEL1OS,Aditya-L1,N/A,N/A,HEL1OS-L1-PIPELINE
lightcurve_cdte2.fits,.fits,11.14,6,HEL1OS,Aditya-L1,N/A,N/A,HEL1OS-L1-PIPELINE
lightcurve_cdte1.fits,.fits,11.11,6,HEL1OS,Aditya-L1,N/A,N/A,HEL1OS-L1-PIPELINE
hel1os_cdte_spectra_cdte2.fits,.fits,21.12,2,HEL1OS,Aditya-L1,N/A,N/A,HEL1OS-L1-PIPELINE
evt.fits,.fits,158.66,5,HEL1OS,Aditya-L1,N/A,N/A,HEL1OS-L1-PIPELINE
gticzt1.fits,.fits,0.01,2,HEL1OS,Aditya-L1,N/A,N/A,HEL1OS-L1-PIPELINE
hk.fits,.fits,2.43,2,HEL1OS,Aditya-L1,N/A,N/A,HEL1OS-L1-PIPELINE
gticdte2.fits,.fits,0.01,2,HEL1OS,Aditya-L1,N/A,N/A,HEL1OS-L1-PIPELINE
gticzt2.fits,.fits,0.01,2,HEL1OS,Aditya-L1,N/A,N/A,HEL1OS-L1-PIPELINE
gticdte1.fits,.fits,0.01,2,HEL1OS,Aditya-L1,N/A,N/A,HEL1OS-L1-PIPELINE
hel1os_czt_spectra_czt1.fits,.fits,11.9,2,HEL1OS,Aditya-L1,N/A,N/A,HEL1OS-L1-PIPELINE
hel1os_czt_spectra_czt2.fits,.fits,11.9,2,HEL1OS,Aditya-L1,N/A,N/A,HEL1OS-L1-PIPELINE
lightcurve_czt1.fits,.fits,9.4,6,HEL1OS,Aditya-L1,N/A,N/A,HEL1OS-L1-PIPELINE
lightcurve_czt2.fits,.fits,9.4,6,HEL1OS,Aditya-L1,N/A,N/A,HEL1OS-L1-PIPELINE
hel1os_cdte_spectra_cdte1.fits,.fits,17.8,2,HEL1OS,Aditya-L1,N/A,N/A,HEL1OS-L1-PIPELINE
lightcurve_cdte2.fits,.fits,9.39,6,HEL1OS,Aditya-L1,N/A,N/A,HEL1OS-L1-PIPELINE
lightcurve_cdte1.fits,.fits,9.39,6,HEL1OS,Aditya-L1,N/A,N/A,HEL1OS-L1-PIPELINE
hel1os_cdte_spectra_cdte2.fits,.fits,17.8,2,HEL1OS,Aditya-L1,N/A,N/A,HEL1OS-L1-PIPELINE
evt.fits,.fits,128.0,5,HEL1OS,Aditya-L1,N/A,N/A,HEL1OS-L1-PIPELINE
gticzt1.fits,.fits,0.01,2,HEL1OS,Aditya-L1,N/A,N/A,HEL1OS-L1-PIPELINE
hk.fits,.fits,2.36,2,HEL1OS,Aditya-L1,N/A,N/A,HEL1OS-L1-PIPELINE
gticdte2.fits,.fits,0.01,2,HEL1OS,Aditya-L1,N/A,N/A,HEL1OS-L1-PIPELINE
gticzt2.fits,.fits,0.01,2,HEL1OS,Aditya-L1,N/A,N/A,HEL1OS-L1-PIPELINE
gticdte1.fits,.fits,0.01,2,HEL1OS,Aditya-L1,N/A,N/A,HEL1OS-L1-PIPELINE
hel1os_czt_spectra_czt1.fits,.fits,14.12,2,HEL1OS,Aditya-L1,N/A,N/A,HEL1OS-L1-PIPELINE
hel1os_czt_spectra_czt2.fits,.fits,14.12,2,HEL1OS,Aditya-L1,N/A,N/A,HEL1OS-L1-PIPELINE
lightcurve_czt1.fits,.fits,11.14,6,HEL1OS,Aditya-L1,N/A,N/A,HEL1OS-L1-PIPELINE
lightcurve_czt2.fits,.fits,11.14,6,HEL1OS,Aditya-L1,N/A,N/A,HEL1OS-L1-PIPELINE
hel1os_cdte_spectra_cdte1.fits,.fits,21.11,2,HEL1OS,Aditya-L1,N/A,N/A,HEL1OS-L1-PIPELINE
lightcurve_cdte2.fits,.fits,11.13,6,HEL1OS,Aditya-L1,N/A,N/A,HEL1OS-L1-PIPELINE
lightcurve_cdte1.fits,.fits,11.12,6,HEL1OS,Aditya-L1,N/A,N/A,HEL1OS-L1-PIPELINE
hel1os_cdte_spectra_cdte2.fits,.fits,21.11,2,HEL1OS,Aditya-L1,N/A,N/A,HEL1OS-L1-PIPELINE
evt.fits,.fits,142.59,5,HEL1OS,Aditya-L1,N/A,N/A,HEL1OS-L1-PIPELINE
gticzt1.fits,.fits,0.01,2,HEL1OS,Aditya-L1,N/A,N/A,HEL1OS-L1-PIPELINE
hk.fits,.fits,2.3,2,HEL1OS,Aditya-L1,N/A,N/A,HEL1OS-L1-PIPELINE
gticdte2.fits,.fits,0.01,2,HEL1OS,Aditya-L1,N/A,N/A,HEL1OS-L1-PIPELINE
gticzt2.fits,.fits,0.01,2,HEL1OS,Aditya-L1,N/A,N/A,HEL1OS-L1-PIPELINE
gticdte1.fits,.fits,0.01,2,HEL1OS,Aditya-L1,N/A,N/A,HEL1OS-L1-PIPELINE
hel1os_czt_spectra_czt1.fits,.fits,14.12,2,HEL1OS,Aditya-L1,N/A,N/A,HEL1OS-L1-PIPELINE
hel1os_czt_spectra_czt2.fits,.fits,14.12,2,HEL1OS,Aditya-L1,N/A,N/A,HEL1OS-L1-PIPELINE
lightcurve_czt1.fits,.fits,11.14,6,HEL1OS,Aditya-L1,N/A,N/A,HEL1OS-L1-PIPELINE
lightcurve_czt2.fits,.fits,11.14,6,HEL1OS,Aditya-L1,N/A,N/A,HEL1OS-L1-PIPELINE
hel1os_cdte_spectra_cdte1.fits,.fits,21.12,2,HEL1OS,Aditya-L1,N/A,N/A,HEL1OS-L1-PIPELINE
lightcurve_cdte2.fits,.fits,11.13,6,HEL1OS,Aditya-L1,N/A,N/A,HEL1OS-L1-PIPELINE
lightcurve_cdte1.fits,.fits,11.12,6,HEL1OS,Aditya-L1,N/A,N/A,HEL1OS-L1-PIPELINE
hel1os_cdte_spectra_cdte2.fits,.fits,21.12,2,HEL1OS,Aditya-L1,N/A,N/A,HEL1OS-L1-PIPELINE
evt.fits,.fits,144.67,5,HEL1OS,Aditya-L1,N/A,N/A,HEL1OS-L1-PIPELINE
gticzt1.fits,.fits,0.01,2,HEL1OS,Aditya-L1,N/A,N/A,HEL1OS-L1-PIPELINE
hk.fits,.fits,2.32,2,HEL1OS,Aditya-L1,N/A,N/A,HEL1OS-L1-PIPELINE
gticdte2.fits,.fits,0.01,2,HEL1OS,Aditya-L1,N/A,N/A,HEL1OS-L1-PIPELINE
gticzt2.fits,.fits,0.01,2,HEL1OS,Aditya-L1,N/A,N/A,HEL1OS-L1-PIPELINE
gticdte1.fits,.fits,0.01,2,HEL1OS,Aditya-L1,N/A,N/A,HEL1OS-L1-PIPELINE
hel1os_czt_spectra_czt1.fits,.fits,14.12,2,HEL1OS,Aditya-L1,N/A,N/A,HEL1OS-L1-PIPELINE
hel1os_czt_spectra_czt2.fits,.fits,14.12,2,HEL1OS,Aditya-L1,N/A,N/A,HEL1OS-L1-PIPELINE
lightcurve_czt1.fits,.fits,11.14,6,HEL1OS,Aditya-L1,N/A,N/A,HEL1OS-L1-PIPELINE
lightcurve_czt2.fits,.fits,11.14,6,HEL1OS,Aditya-L1,N/A,N/A,HEL1OS-L1-PIPELINE
hel1os_cdte_spectra_cdte1.fits,.fits,21.11,2,HEL1OS,Aditya-L1,N/A,N/A,HEL1OS-L1-PIPELINE
lightcurve_cdte2.fits,.fits,11.13,6,HEL1OS,Aditya-L1,N/A,N/A,HEL1OS-L1-PIPELINE
lightcurve_cdte1.fits,.fits,11.13,6,HEL1OS,Aditya-L1,N/A,N/A,HEL1OS-L1-PIPELINE
hel1os_cdte_spectra_cdte2.fits,.fits,21.11,2,HEL1OS,Aditya-L1,N/A,N/A,HEL1OS-L1-PIPELINE
evt.fits,.fits,142.93,5,HEL1OS,Aditya-L1,N/A,N/A,HEL1OS-L1-PIPELINE
gticzt1.fits,.fits,0.01,2,HEL1OS,Aditya-L1,N/A,N/A,HEL1OS-L1-PIPELINE
hk.fits,.fits,2.31,2,HEL1OS,Aditya-L1,N/A,N/A,HEL1OS-L1-PIPELINE
gticdte2.fits,.fits,0.01,2,HEL1OS,Aditya-L1,N/A,N/A,HEL1OS-L1-PIPELINE
gticzt2.fits,.fits,0.01,2,HEL1OS,Aditya-L1,N/A,N/A,HEL1OS-L1-PIPELINE
gticdte1.fits,.fits,0.01,2,HEL1OS,Aditya-L1,N/A,N/A,HEL1OS-L1-PIPELINE
hel1os_czt_spectra_czt1.fits,.fits,5.62,2,HEL1OS,Aditya-L1,N/A,N/A,HEL1OS-L1-PIPELINE
hel1os_czt_spectra_czt2.fits,.fits,5.46,2,HEL1OS,Aditya-L1,N/A,N/A,HEL1OS-L1-PIPELINE
lightcurve_czt1.fits,.fits,4.45,6,HEL1OS,Aditya-L1,N/A,N/A,HEL1OS-L1-PIPELINE
lightcurve_czt2.fits,.fits,4.33,6,HEL1OS,Aditya-L1,N/A,N/A,HEL1OS-L1-PIPELINE
hel1os_cdte_spectra_cdte1.fits,.fits,8.4,2,HEL1OS,Aditya-L1,N/A,N/A,HEL1OS-L1-PIPELINE
lightcurve_cdte2.fits,.fits,4.44,6,HEL1OS,Aditya-L1,N/A,N/A,HEL1OS-L1-PIPELINE
lightcurve_cdte1.fits,.fits,4.42,6,HEL1OS,Aditya-L1,N/A,N/A,HEL1OS-L1-PIPELINE
hel1os_cdte_spectra_cdte2.fits,.fits,8.4,2,HEL1OS,Aditya-L1,N/A,N/A,HEL1OS-L1-PIPELINE
evt.fits,.fits,65.74,5,HEL1OS,Aditya-L1,N/A,N/A,HEL1OS-L1-PIPELINE
gticzt1.fits,.fits,0.01,2,HEL1OS,Aditya-L1,N/A,N/A,HEL1OS-L1-PIPELINE
hk.fits,.fits,1.16,2,HEL1OS,Aditya-L1,N/A,N/A,HEL1OS-L1-PIPELINE
gticdte2.fits,.fits,0.01,2,HEL1OS,Aditya-L1,N/A,N/A,HEL1OS-L1-PIPELINE
gticzt2.fits,.fits,0.01,2,HEL1OS,Aditya-L1,N/A,N/A,HEL1OS-L1-PIPELINE
gticdte1.fits,.fits,0.01,2,HEL1OS,Aditya-L1,N/A,N/A,HEL1OS-L1-PIPELINE
hel1os_czt_spectra_czt1.fits,.fits,5.31,2,HEL1OS,Aditya-L1,N/A,N/A,HEL1OS-L1-PIPELINE
hel1os_czt_spectra_czt2.fits,.fits,5.17,2,HEL1OS,Aditya-L1,N/A,N/A,HEL1OS-L1-PIPELINE
lightcurve_czt1.fits,.fits,4.21,6,HEL1OS,Aditya-L1,N/A,N/A,HEL1OS-L1-PIPELINE
lightcurve_czt2.fits,.fits,4.1,6,HEL1OS,Aditya-L1,N/A,N/A,HEL1OS-L1-PIPELINE
hel1os_cdte_spectra_cdte1.fits,.fits,7.94,2,HEL1OS,Aditya-L1,N/A,N/A,HEL1OS-L1-PIPELINE
lightcurve_cdte2.fits,.fits,4.21,6,HEL1OS,Aditya-L1,N/A,N/A,HEL1OS-L1-PIPELINE
lightcurve_cdte1.fits,.fits,4.19,6,HEL1OS,Aditya-L1,N/A,N/A,HEL1OS-L1-PIPELINE
hel1os_cdte_spectra_cdte2.fits,.fits,7.95,2,HEL1OS,Aditya-L1,N/A,N/A,HEL1OS-L1-PIPELINE
evt.fits,.fits,45.15,5,HEL1OS,Aditya-L1,N/A,N/A,HEL1OS-L1-PIPELINE
gticzt1.fits,.fits,0.01,2,HEL1OS,Aditya-L1,N/A,N/A,HEL1OS-L1-PIPELINE
hk.fits,.fits,0.92,2,HEL1OS,Aditya-L1,N/A,N/A,HEL1OS-L1-PIPELINE
gticdte2.fits,.fits,0.01,2,HEL1OS,Aditya-L1,N/A,N/A,HEL1OS-L1-PIPELINE
gticzt2.fits,.fits,0.01,2,HEL1OS,Aditya-L1,N/A,N/A,HEL1OS-L1-PIPELINE
gticdte1.fits,.fits,0.01,2,HEL1OS,Aditya-L1,N/A,N/A,HEL1OS-L1-PIPELINE
hel1os_czt_spectra_czt1.fits,.fits,5.63,2,HEL1OS,Aditya-L1,N/A,N/A,HEL1OS-L1-PIPELINE
hel1os_czt_spectra_czt2.fits,.fits,5.48,2,HEL1OS,Aditya-L1,N/A,N/A,HEL1OS-L1-PIPELINE
lightcurve_czt1.fits,.fits,4.47,6,HEL1OS,Aditya-L1,N/A,N/A,HEL1OS-L1-PIPELINE
lightcurve_czt2.fits,.fits,4.34,6,HEL1OS,Aditya-L1,N/A,N/A,HEL1OS-L1-PIPELINE
hel1os_cdte_spectra_cdte1.fits,.fits,8.42,2,HEL1OS,Aditya-L1,N/A,N/A,HEL1OS-L1-PIPELINE
lightcurve_cdte2.fits,.fits,4.45,6,HEL1OS,Aditya-L1,N/A,N/A,HEL1OS-L1-PIPELINE
lightcurve_cdte1.fits,.fits,4.44,6,HEL1OS,Aditya-L1,N/A,N/A,HEL1OS-L1-PIPELINE
hel1os_cdte_spectra_cdte2.fits,.fits,8.42,2,HEL1OS,Aditya-L1,N/A,N/A,HEL1OS-L1-PIPELINE
evt.fits,.fits,66.04,5,HEL1OS,Aditya-L1,N/A,N/A,HEL1OS-L1-PIPELINE
gticzt1.fits,.fits,0.01,2,HEL1OS,Aditya-L1,N/A,N/A,HEL1OS-L1-PIPELINE
hk.fits,.fits,1.16,2,HEL1OS,Aditya-L1,N/A,N/A,HEL1OS-L1-PIPELINE
gticdte2.fits,.fits,0.01,2,HEL1OS,Aditya-L1,N/A,N/A,HEL1OS-L1-PIPELINE
gticzt2.fits,.fits,0.01,2,HEL1OS,Aditya-L1,N/A,N/A,HEL1OS-L1-PIPELINE
gticdte1.fits,.fits,0.01,2,HEL1OS,Aditya-L1,N/A,N/A,HEL1OS-L1-PIPELINE
hel1os_czt_spectra_czt1.fits,.fits,14.11,2,HEL1OS,Aditya-L1,N/A,N/A,HEL1OS-L1-PIPELINE
hel1os_czt_spectra_czt2.fits,.fits,14.12,2,HEL1OS,Aditya-L1,N/A,N/A,HEL1OS-L1-PIPELINE
lightcurve_czt1.fits,.fits,11.14,6,HEL1OS,Aditya-L1,N/A,N/A,HEL1OS-L1-PIPELINE
lightcurve_czt2.fits,.fits,11.14,6,HEL1OS,Aditya-L1,N/A,N/A,HEL1OS-L1-PIPELINE
hel1os_cdte_spectra_cdte1.fits,.fits,21.11,2,HEL1OS,Aditya-L1,N/A,N/A,HEL1OS-L1-PIPELINE
lightcurve_cdte2.fits,.fits,11.14,6,HEL1OS,Aditya-L1,N/A,N/A,HEL1OS-L1-PIPELINE
lightcurve_cdte1.fits,.fits,11.12,6,HEL1OS,Aditya-L1,N/A,N/A,HEL1OS-L1-PIPELINE
hel1os_cdte_spectra_cdte2.fits,.fits,21.11,2,HEL1OS,Aditya-L1,N/A,N/A,HEL1OS-L1-PIPELINE
evt.fits,.fits,134.47,5,HEL1OS,Aditya-L1,N/A,N/A,HEL1OS-L1-PIPELINE
gticzt1.fits,.fits,0.01,2,HEL1OS,Aditya-L1,N/A,N/A,HEL1OS-L1-PIPELINE
hk.fits,.fits,2.56,2,HEL1OS,Aditya-L1,N/A,N/A,HEL1OS-L1-PIPELINE
gticdte2.fits,.fits,0.01,2,HEL1OS,Aditya-L1,N/A,N/A,HEL1OS-L1-PIPELINE
gticzt2.fits,.fits,0.01,2,HEL1OS,Aditya-L1,N/A,N/A,HEL1OS-L1-PIPELINE
gticdte1.fits,.fits,0.01,2,HEL1OS,Aditya-L1,N/A,N/A,HEL1OS-L1-PIPELINE
hel1os_czt_spectra_czt1.fits,.fits,3.54,2,HEL1OS,Aditya-L1,N/A,N/A,HEL1OS-L1-PIPELINE
hel1os_czt_spectra_czt2.fits,.fits,3.23,2,HEL1OS,Aditya-L1,N/A,N/A,HEL1OS-L1-PIPELINE
lightcurve_czt1.fits,.fits,2.8,6,HEL1OS,Aditya-L1,N/A,N/A,HEL1OS-L1-PIPELINE
lightcurve_czt2.fits,.fits,2.57,6,HEL1OS,Aditya-L1,N/A,N/A,HEL1OS-L1-PIPELINE
hel1os_cdte_spectra_cdte1.fits,.fits,5.46,2,HEL1OS,Aditya-L1,N/A,N/A,HEL1OS-L1-PIPELINE
lightcurve_cdte2.fits,.fits,2.89,6,HEL1OS,Aditya-L1,N/A,N/A,HEL1OS-L1-PIPELINE
lightcurve_cdte1.fits,.fits,2.88,6,HEL1OS,Aditya-L1,N/A,N/A,HEL1OS-L1-PIPELINE
hel1os_cdte_spectra_cdte2.fits,.fits,5.46,2,HEL1OS,Aditya-L1,N/A,N/A,HEL1OS-L1-PIPELINE
evt.fits,.fits,35.74,5,HEL1OS,Aditya-L1,N/A,N/A,HEL1OS-L1-PIPELINE
gticzt1.fits,.fits,0.01,2,HEL1OS,Aditya-L1,N/A,N/A,HEL1OS-L1-PIPELINE
hk.fits,.fits,0.68,2,HEL1OS,Aditya-L1,N/A,N/A,HEL1OS-L1-PIPELINE
gticdte2.fits,.fits,0.01,2,HEL1OS,Aditya-L1,N/A,N/A,HEL1OS-L1-PIPELINE
gticzt2.fits,.fits,0.01,2,HEL1OS,Aditya-L1,N/A,N/A,HEL1OS-L1-PIPELINE
gticdte1.fits,.fits,0.01,2,HEL1OS,Aditya-L1,N/A,N/A,HEL1OS-L1-PIPELINE
hel1os_czt_spectra_czt1.fits,.fits,3.63,2,HEL1OS,Aditya-L1,N/A,N/A,HEL1OS-L1-PIPELINE
hel1os_czt_spectra_czt2.fits,.fits,3.63,2,HEL1OS,Aditya-L1,N/A,N/A,HEL1OS-L1-PIPELINE
lightcurve_czt1.fits,.fits,2.89,6,HEL1OS,Aditya-L1,N/A,N/A,HEL1OS-L1-PIPELINE
lightcurve_czt2.fits,.fits,2.89,6,HEL1OS,Aditya-L1,N/A,N/A,HEL1OS-L1-PIPELINE
hel1os_cdte_spectra_cdte1.fits,.fits,5.42,2,HEL1OS,Aditya-L1,N/A,N/A,HEL1OS-L1-PIPELINE
lightcurve_cdte2.fits,.fits,2.87,6,HEL1OS,Aditya-L1,N/A,N/A,HEL1OS-L1-PIPELINE
lightcurve_cdte1.fits,.fits,2.88,6,HEL1OS,Aditya-L1,N/A,N/A,HEL1OS-L1-PIPELINE
hel1os_cdte_spectra_cdte2.fits,.fits,5.42,2,HEL1OS,Aditya-L1,N/A,N/A,HEL1OS-L1-PIPELINE
evt.fits,.fits,29.15,5,HEL1OS,Aditya-L1,N/A,N/A,HEL1OS-L1-PIPELINE
gticzt1.fits,.fits,0.01,2,HEL1OS,Aditya-L1,N/A,N/A,HEL1OS-L1-PIPELINE
hk.fits,.fits,0.62,2,HEL1OS,Aditya-L1,N/A,N/A,HEL1OS-L1-PIPELINE
gticdte2.fits,.fits,0.01,2,HEL1OS,Aditya-L1,N/A,N/A,HEL1OS-L1-PIPELINE
gticzt2.fits,.fits,0.01,2,HEL1OS,Aditya-L1,N/A,N/A,HEL1OS-L1-PIPELINE
gticdte1.fits,.fits,0.01,2,HEL1OS,Aditya-L1,N/A,N/A,HEL1OS-L1-PIPELINE
hel1os_czt_spectra_czt1.fits,.fits,14.12,2,HEL1OS,Aditya-L1,N/A,N/A,HEL1OS-L1-PIPELINE
hel1os_czt_spectra_czt2.fits,.fits,13.99,2,HEL1OS,Aditya-L1,N/A,N/A,HEL1OS-L1-PIPELINE
lightcurve_czt1.fits,.fits,11.14,6,HEL1OS,Aditya-L1,N/A,N/A,HEL1OS-L1-PIPELINE
lightcurve_czt2.fits,.fits,11.03,6,HEL1OS,Aditya-L1,N/A,N/A,HEL1OS-L1-PIPELINE
hel1os_cdte_spectra_cdte1.fits,.fits,21.11,2,HEL1OS,Aditya-L1,N/A,N/A,HEL1OS-L1-PIPELINE
lightcurve_cdte2.fits,.fits,11.14,6,HEL1OS,Aditya-L1,N/A,N/A,HEL1OS-L1-PIPELINE
lightcurve_cdte1.fits,.fits,11.13,6,HEL1OS,Aditya-L1,N/A,N/A,HEL1OS-L1-PIPELINE
hel1os_cdte_spectra_cdte2.fits,.fits,21.11,2,HEL1OS,Aditya-L1,N/A,N/A,HEL1OS-L1-PIPELINE
evt.fits,.fits,110.52,5,HEL1OS,Aditya-L1,N/A,N/A,HEL1OS-L1-PIPELINE
gticzt1.fits,.fits,0.01,2,HEL1OS,Aditya-L1,N/A,N/A,HEL1OS-L1-PIPELINE
hk.fits,.fits,2.37,2,HEL1OS,Aditya-L1,N/A,N/A,HEL1OS-L1-PIPELINE
gticdte2.fits,.fits,0.01,2,HEL1OS,Aditya-L1,N/A,N/A,HEL1OS-L1-PIPELINE
gticzt2.fits,.fits,0.01,2,HEL1OS,Aditya-L1,N/A,N/A,HEL1OS-L1-PIPELINE
gticdte1.fits,.fits,0.01,2,HEL1OS,Aditya-L1,N/A,N/A,HEL1OS-L1-PIPELINE
hel1os_czt_spectra_czt1.fits,.fits,10.22,2,HEL1OS,Aditya-L1,N/A,N/A,HEL1OS-L1-PIPELINE
hel1os_czt_spectra_czt2.fits,.fits,10.51,2,HEL1OS,Aditya-L1,N/A,N/A,HEL1OS-L1-PIPELINE
lightcurve_czt1.fits,.fits,8.06,6,HEL1OS,Aditya-L1,N/A,N/A,HEL1OS-L1-PIPELINE
lightcurve_czt2.fits,.fits,8.3,6,HEL1OS,Aditya-L1,N/A,N/A,HEL1OS-L1-PIPELINE
hel1os_cdte_spectra_cdte1.fits,.fits,15.71,2,HEL1OS,Aditya-L1,N/A,N/A,HEL1OS-L1-PIPELINE
lightcurve_cdte2.fits,.fits,8.29,6,HEL1OS,Aditya-L1,N/A,N/A,HEL1OS-L1-PIPELINE
lightcurve_cdte1.fits,.fits,8.28,6,HEL1OS,Aditya-L1,N/A,N/A,HEL1OS-L1-PIPELINE
hel1os_cdte_spectra_cdte2.fits,.fits,15.71,2,HEL1OS,Aditya-L1,N/A,N/A,HEL1OS-L1-PIPELINE
evt.fits,.fits,94.96,5,HEL1OS,Aditya-L1,N/A,N/A,HEL1OS-L1-PIPELINE
gticzt1.fits,.fits,0.01,2,HEL1OS,Aditya-L1,N/A,N/A,HEL1OS-L1-PIPELINE
hk.fits,.fits,1.83,2,HEL1OS,Aditya-L1,N/A,N/A,HEL1OS-L1-PIPELINE
gticdte2.fits,.fits,0.01,2,HEL1OS,Aditya-L1,N/A,N/A,HEL1OS-L1-PIPELINE
gticzt2.fits,.fits,0.01,2,HEL1OS,Aditya-L1,N/A,N/A,HEL1OS-L1-PIPELINE
gticdte1.fits,.fits,0.01,2,HEL1OS,Aditya-L1,N/A,N/A,HEL1OS-L1-PIPELINE
hel1os_czt_spectra_czt1.fits,.fits,3.65,2,HEL1OS,Aditya-L1,N/A,N/A,HEL1OS-L1-PIPELINE
hel1os_czt_spectra_czt2.fits,.fits,3.39,2,HEL1OS,Aditya-L1,N/A,N/A,HEL1OS-L1-PIPELINE
lightcurve_czt1.fits,.fits,2.9,6,HEL1OS,Aditya-L1,N/A,N/A,HEL1OS-L1-PIPELINE
lightcurve_czt2.fits,.fits,2.69,6,HEL1OS,Aditya-L1,N/A,N/A,HEL1OS-L1-PIPELINE
hel1os_cdte_spectra_cdte1.fits,.fits,5.46,2,HEL1OS,Aditya-L1,N/A,N/A,HEL1OS-L1-PIPELINE
lightcurve_cdte2.fits,.fits,2.89,6,HEL1OS,Aditya-L1,N/A,N/A,HEL1OS-L1-PIPELINE
lightcurve_cdte1.fits,.fits,2.88,6,HEL1OS,Aditya-L1,N/A,N/A,HEL1OS-L1-PIPELINE
hel1os_cdte_spectra_cdte2.fits,.fits,5.46,2,HEL1OS,Aditya-L1,N/A,N/A,HEL1OS-L1-PIPELINE
evt.fits,.fits,67.38,5,HEL1OS,Aditya-L1,N/A,N/A,HEL1OS-L1-PIPELINE
gticzt1.fits,.fits,0.01,2,HEL1OS,Aditya-L1,N/A,N/A,HEL1OS-L1-PIPELINE
hk.fits,.fits,0.91,2,HEL1OS,Aditya-L1,N/A,N/A,HEL1OS-L1-PIPELINE
gticdte2.fits,.fits,0.01,2,HEL1OS,Aditya-L1,N/A,N/A,HEL1OS-L1-PIPELINE
gticzt2.fits,.fits,0.01,2,HEL1OS,Aditya-L1,N/A,N/A,HEL1OS-L1-PIPELINE
gticdte1.fits,.fits,0.01,2,HEL1OS,Aditya-L1,N/A,N/A,HEL1OS-L1-PIPELINE
hel1os_czt_spectra_czt1.fits,.fits,14.12,2,HEL1OS,Aditya-L1,N/A,N/A,HEL1OS-L1-PIPELINE
hel1os_czt_spectra_czt2.fits,.fits,13.99,2,HEL1OS,Aditya-L1,N/A,N/A,HEL1OS-L1-PIPELINE
lightcurve_czt1.fits,.fits,11.14,6,HEL1OS,Aditya-L1,N/A,N/A,HEL1OS-L1-PIPELINE
lightcurve_czt2.fits,.fits,11.03,6,HEL1OS,Aditya-L1,N/A,N/A,HEL1OS-L1-PIPELINE
hel1os_cdte_spectra_cdte1.fits,.fits,21.11,2,HEL1OS,Aditya-L1,N/A,N/A,HEL1OS-L1-PIPELINE
lightcurve_cdte2.fits,.fits,11.13,6,HEL1OS,Aditya-L1,N/A,N/A,HEL1OS-L1-PIPELINE
lightcurve_cdte1.fits,.fits,11.13,6,HEL1OS,Aditya-L1,N/A,N/A,HEL1OS-L1-PIPELINE
hel1os_cdte_spectra_cdte2.fits,.fits,21.11,2,HEL1OS,Aditya-L1,N/A,N/A,HEL1OS-L1-PIPELINE
evt.fits,.fits,126.85,5,HEL1OS,Aditya-L1,N/A,N/A,HEL1OS-L1-PIPELINE
gticzt1.fits,.fits,0.01,2,HEL1OS,Aditya-L1,N/A,N/A,HEL1OS-L1-PIPELINE
hk.fits,.fits,2.48,2,HEL1OS,Aditya-L1,N/A,N/A,HEL1OS-L1-PIPELINE
gticdte2.fits,.fits,0.01,2,HEL1OS,Aditya-L1,N/A,N/A,HEL1OS-L1-PIPELINE
gticzt2.fits,.fits,0.01,2,HEL1OS,Aditya-L1,N/A,N/A,HEL1OS-L1-PIPELINE
gticdte1.fits,.fits,0.01,2,HEL1OS,Aditya-L1,N/A,N/A,HEL1OS-L1-PIPELINE
hel1os_czt_spectra_czt1.fits,.fits,10.48,2,HEL1OS,Aditya-L1,N/A,N/A,HEL1OS-L1-PIPELINE
hel1os_czt_spectra_czt2.fits,.fits,10.34,2,HEL1OS,Aditya-L1,N/A,N/A,HEL1OS-L1-PIPELINE
lightcurve_czt1.fits,.fits,8.27,6,HEL1OS,Aditya-L1,N/A,N/A,HEL1OS-L1-PIPELINE
lightcurve_czt2.fits,.fits,8.16,6,HEL1OS,Aditya-L1,N/A,N/A,HEL1OS-L1-PIPELINE
hel1os_cdte_spectra_cdte1.fits,.fits,15.66,2,HEL1OS,Aditya-L1,N/A,N/A,HEL1OS-L1-PIPELINE
lightcurve_cdte2.fits,.fits,8.26,6,HEL1OS,Aditya-L1,N/A,N/A,HEL1OS-L1-PIPELINE
lightcurve_cdte1.fits,.fits,8.26,6,HEL1OS,Aditya-L1,N/A,N/A,HEL1OS-L1-PIPELINE
hel1os_cdte_spectra_cdte2.fits,.fits,15.67,2,HEL1OS,Aditya-L1,N/A,N/A,HEL1OS-L1-PIPELINE
evt.fits,.fits,86.95,5,HEL1OS,Aditya-L1,N/A,N/A,HEL1OS-L1-PIPELINE
gticzt1.fits,.fits,0.01,2,HEL1OS,Aditya-L1,N/A,N/A,HEL1OS-L1-PIPELINE
hk.fits,.fits,1.77,2,HEL1OS,Aditya-L1,N/A,N/A,HEL1OS-L1-PIPELINE
gticdte2.fits,.fits,0.01,2,HEL1OS,Aditya-L1,N/A,N/A,HEL1OS-L1-PIPELINE
gticzt2.fits,.fits,0.01,2,HEL1OS,Aditya-L1,N/A,N/A,HEL1OS-L1-PIPELINE
gticdte1.fits,.fits,0.01,2,HEL1OS,Aditya-L1,N/A,N/A,HEL1OS-L1-PIPELINE
hel1os_czt_spectra_czt1.fits,.fits,10.47,2,HEL1OS,Aditya-L1,N/A,N/A,HEL1OS-L1-PIPELINE
hel1os_czt_spectra_czt2.fits,.fits,10.47,2,HEL1OS,Aditya-L1,N/A,N/A,HEL1OS-L1-PIPELINE
lightcurve_czt1.fits,.fits,8.27,6,HEL1OS,Aditya-L1,N/A,N/A,HEL1OS-L1-PIPELINE
lightcurve_czt2.fits,.fits,8.27,6,HEL1OS,Aditya-L1,N/A,N/A,HEL1OS-L1-PIPELINE
hel1os_cdte_spectra_cdte1.fits,.fits,15.65,2,HEL1OS,Aditya-L1,N/A,N/A,HEL1OS-L1-PIPELINE
lightcurve_cdte2.fits,.fits,8.26,6,HEL1OS,Aditya-L1,N/A,N/A,HEL1OS-L1-PIPELINE
lightcurve_cdte1.fits,.fits,8.25,6,HEL1OS,Aditya-L1,N/A,N/A,HEL1OS-L1-PIPELINE
hel1os_cdte_spectra_cdte2.fits,.fits,15.66,2,HEL1OS,Aditya-L1,N/A,N/A,HEL1OS-L1-PIPELINE
evt.fits,.fits,103.85,5,HEL1OS,Aditya-L1,N/A,N/A,HEL1OS-L1-PIPELINE
gticzt1.fits,.fits,0.01,2,HEL1OS,Aditya-L1,N/A,N/A,HEL1OS-L1-PIPELINE
hk.fits,.fits,1.9,2,HEL1OS,Aditya-L1,N/A,N/A,HEL1OS-L1-PIPELINE
gticdte2.fits,.fits,0.01,2,HEL1OS,Aditya-L1,N/A,N/A,HEL1OS-L1-PIPELINE
gticzt2.fits,.fits,0.01,2,HEL1OS,Aditya-L1,N/A,N/A,HEL1OS-L1-PIPELINE
gticdte1.fits,.fits,0.01,2,HEL1OS,Aditya-L1,N/A,N/A,HEL1OS-L1-PIPELINE
hel1os_czt_spectra_czt1.fits,.fits,14.12,2,HEL1OS,Aditya-L1,N/A,N/A,HEL1OS-L1-PIPELINE
hel1os_czt_spectra_czt2.fits,.fits,14.12,2,HEL1OS,Aditya-L1,N/A,N/A,HEL1OS-L1-PIPELINE
lightcurve_czt1.fits,.fits,11.14,6,HEL1OS,Aditya-L1,N/A,N/A,HEL1OS-L1-PIPELINE
lightcurve_czt2.fits,.fits,11.14,6,HEL1OS,Aditya-L1,N/A,N/A,HEL1OS-L1-PIPELINE
hel1os_cdte_spectra_cdte1.fits,.fits,21.11,2,HEL1OS,Aditya-L1,N/A,N/A,HEL1OS-L1-PIPELINE
lightcurve_cdte2.fits,.fits,11.14,6,HEL1OS,Aditya-L1,N/A,N/A,HEL1OS-L1-PIPELINE
lightcurve_cdte1.fits,.fits,11.12,6,HEL1OS,Aditya-L1,N/A,N/A,HEL1OS-L1-PIPELINE
hel1os_cdte_spectra_cdte2.fits,.fits,21.11,2,HEL1OS,Aditya-L1,N/A,N/A,HEL1OS-L1-PIPELINE
evt.fits,.fits,192.86,5,HEL1OS,Aditya-L1,N/A,N/A,HEL1OS-L1-PIPELINE
gticzt1.fits,.fits,0.01,2,HEL1OS,Aditya-L1,N/A,N/A,HEL1OS-L1-PIPELINE
hk.fits,.fits,2.95,2,HEL1OS,Aditya-L1,N/A,N/A,HEL1OS-L1-PIPELINE
gticdte2.fits,.fits,0.01,2,HEL1OS,Aditya-L1,N/A,N/A,HEL1OS-L1-PIPELINE
gticzt2.fits,.fits,0.01,2,HEL1OS,Aditya-L1,N/A,N/A,HEL1OS-L1-PIPELINE
gticdte1.fits,.fits,0.01,2,HEL1OS,Aditya-L1,N/A,N/A,HEL1OS-L1-PIPELINE
hel1os_czt_spectra_czt1.fits,.fits,3.63,2,HEL1OS,Aditya-L1,N/A,N/A,HEL1OS-L1-PIPELINE
hel1os_czt_spectra_czt2.fits,.fits,3.63,2,HEL1OS,Aditya-L1,N/A,N/A,HEL1OS-L1-PIPELINE
lightcurve_czt1.fits,.fits,2.87,6,HEL1OS,Aditya-L1,N/A,N/A,HEL1OS-L1-PIPELINE
lightcurve_czt2.fits,.fits,2.87,6,HEL1OS,Aditya-L1,N/A,N/A,HEL1OS-L1-PIPELINE
hel1os_cdte_spectra_cdte1.fits,.fits,5.42,2,HEL1OS,Aditya-L1,N/A,N/A,HEL1OS-L1-PIPELINE
lightcurve_cdte2.fits,.fits,2.86,6,HEL1OS,Aditya-L1,N/A,N/A,HEL1OS-L1-PIPELINE
lightcurve_cdte1.fits,.fits,2.87,6,HEL1OS,Aditya-L1,N/A,N/A,HEL1OS-L1-PIPELINE
hel1os_cdte_spectra_cdte2.fits,.fits,5.42,2,HEL1OS,Aditya-L1,N/A,N/A,HEL1OS-L1-PIPELINE
evt.fits,.fits,29.12,5,HEL1OS,Aditya-L1,N/A,N/A,HEL1OS-L1-PIPELINE
gticzt1.fits,.fits,0.01,2,HEL1OS,Aditya-L1,N/A,N/A,HEL1OS-L1-PIPELINE
hk.fits,.fits,0.62,2,HEL1OS,Aditya-L1,N/A,N/A,HEL1OS-L1-PIPELINE
gticdte2.fits,.fits,0.01,2,HEL1OS,Aditya-L1,N/A,N/A,HEL1OS-L1-PIPELINE
gticzt2.fits,.fits,0.01,2,HEL1OS,Aditya-L1,N/A,N/A,HEL1OS-L1-PIPELINE
gticdte1.fits,.fits,0.01,2,HEL1OS,Aditya-L1,N/A,N/A,HEL1OS-L1-PIPELINE
hel1os_czt_spectra_czt1.fits,.fits,10.97,2,HEL1OS,Aditya-L1,N/A,N/A,HEL1OS-L1-PIPELINE
hel1os_czt_spectra_czt2.fits,.fits,11.65,2,HEL1OS,Aditya-L1,N/A,N/A,HEL1OS-L1-PIPELINE
lightcurve_czt1.fits,.fits,8.67,6,HEL1OS,Aditya-L1,N/A,N/A,HEL1OS-L1-PIPELINE
lightcurve_czt2.fits,.fits,9.19,6,HEL1OS,Aditya-L1,N/A,N/A,HEL1OS-L1-PIPELINE
hel1os_cdte_spectra_cdte1.fits,.fits,17.44,2,HEL1OS,Aditya-L1,N/A,N/A,HEL1OS-L1-PIPELINE
lightcurve_cdte2.fits,.fits,9.2,6,HEL1OS,Aditya-L1,N/A,N/A,HEL1OS-L1-PIPELINE
lightcurve_cdte1.fits,.fits,9.18,6,HEL1OS,Aditya-L1,N/A,N/A,HEL1OS-L1-PIPELINE
hel1os_cdte_spectra_cdte2.fits,.fits,17.44,2,HEL1OS,Aditya-L1,N/A,N/A,HEL1OS-L1-PIPELINE
evt.fits,.fits,104.28,5,HEL1OS,Aditya-L1,N/A,N/A,HEL1OS-L1-PIPELINE
gticzt1.fits,.fits,0.01,2,HEL1OS,Aditya-L1,N/A,N/A,HEL1OS-L1-PIPELINE
hk.fits,.fits,1.92,2,HEL1OS,Aditya-L1,N/A,N/A,HEL1OS-L1-PIPELINE
gticdte2.fits,.fits,0.01,2,HEL1OS,Aditya-L1,N/A,N/A,HEL1OS-L1-PIPELINE
gticzt2.fits,.fits,0.01,2,HEL1OS,Aditya-L1,N/A,N/A,HEL1OS-L1-PIPELINE
gticdte1.fits,.fits,0.01,2,HEL1OS,Aditya-L1,N/A,N/A,HEL1OS-L1-PIPELINE
hel1os_czt_spectra_czt1.fits,.fits,10.47,2,HEL1OS,Aditya-L1,N/A,N/A,HEL1OS-L1-PIPELINE
hel1os_czt_spectra_czt2.fits,.fits,10.47,2,HEL1OS,Aditya-L1,N/A,N/A,HEL1OS-L1-PIPELINE
lightcurve_czt1.fits,.fits,8.27,6,HEL1OS,Aditya-L1,N/A,N/A,HEL1OS-L1-PIPELINE
lightcurve_czt2.fits,.fits,8.27,6,HEL1OS,Aditya-L1,N/A,N/A,HEL1OS-L1-PIPELINE
hel1os_cdte_spectra_cdte1.fits,.fits,15.65,2,HEL1OS,Aditya-L1,N/A,N/A,HEL1OS-L1-PIPELINE
lightcurve_cdte2.fits,.fits,8.26,6,HEL1OS,Aditya-L1,N/A,N/A,HEL1OS-L1-PIPELINE
lightcurve_cdte1.fits,.fits,8.25,6,HEL1OS,Aditya-L1,N/A,N/A,HEL1OS-L1-PIPELINE
hel1os_cdte_spectra_cdte2.fits,.fits,15.66,2,HEL1OS,Aditya-L1,N/A,N/A,HEL1OS-L1-PIPELINE
evt.fits,.fits,103.85,5,HEL1OS,Aditya-L1,N/A,N/A,HEL1OS-L1-PIPELINE
gticzt1.fits,.fits,0.01,2,HEL1OS,Aditya-L1,N/A,N/A,HEL1OS-L1-PIPELINE
hk.fits,.fits,1.9,2,HEL1OS,Aditya-L1,N/A,N/A,HEL1OS-L1-PIPELINE
gticdte2.fits,.fits,0.01,2,HEL1OS,Aditya-L1,N/A,N/A,HEL1OS-L1-PIPELINE
gticzt2.fits,.fits,0.01,2,HEL1OS,Aditya-L1,N/A,N/A,HEL1OS-L1-PIPELINE
gticdte1.fits,.fits,0.01,2,HEL1OS,Aditya-L1,N/A,N/A,HEL1OS-L1-PIPELINE
hel1os_czt_spectra_czt1.fits,.fits,10.28,2,HEL1OS,Aditya-L1,N/A,N/A,HEL1OS-L1-PIPELINE
hel1os_czt_spectra_czt2.fits,.fits,10.49,2,HEL1OS,Aditya-L1,N/A,N/A,HEL1OS-L1-PIPELINE
lightcurve_czt1.fits,.fits,8.12,6,HEL1OS,Aditya-L1,N/A,N/A,HEL1OS-L1-PIPELINE
lightcurve_czt2.fits,.fits,8.28,6,HEL1OS,Aditya-L1,N/A,N/A,HEL1OS-L1-PIPELINE
hel1os_cdte_spectra_cdte1.fits,.fits,15.67,2,HEL1OS,Aditya-L1,N/A,N/A,HEL1OS-L1-PIPELINE
lightcurve_cdte2.fits,.fits,8.27,6,HEL1OS,Aditya-L1,N/A,N/A,HEL1OS-L1-PIPELINE
lightcurve_cdte1.fits,.fits,8.26,6,HEL1OS,Aditya-L1,N/A,N/A,HEL1OS-L1-PIPELINE
hel1os_cdte_spectra_cdte2.fits,.fits,15.68,2,HEL1OS,Aditya-L1,N/A,N/A,HEL1OS-L1-PIPELINE
evt.fits,.fits,89.71,5,HEL1OS,Aditya-L1,N/A,N/A,HEL1OS-L1-PIPELINE
gticzt1.fits,.fits,0.01,2,HEL1OS,Aditya-L1,N/A,N/A,HEL1OS-L1-PIPELINE
hk.fits,.fits,1.83,2,HEL1OS,Aditya-L1,N/A,N/A,HEL1OS-L1-PIPELINE
gticdte2.fits,.fits,0.01,2,HEL1OS,Aditya-L1,N/A,N/A,HEL1OS-L1-PIPELINE
gticzt2.fits,.fits,0.01,2,HEL1OS,Aditya-L1,N/A,N/A,HEL1OS-L1-PIPELINE
gticdte1.fits,.fits,0.01,2,HEL1OS,Aditya-L1,N/A,N/A,HEL1OS-L1-PIPELINE
hel1os_czt_spectra_czt1.fits,.fits,10.41,2,HEL1OS,Aditya-L1,N/A,N/A,HEL1OS-L1-PIPELINE
hel1os_czt_spectra_czt2.fits,.fits,10.41,2,HEL1OS,Aditya-L1,N/A,N/A,HEL1OS-L1-PIPELINE
lightcurve_czt1.fits,.fits,8.22,6,HEL1OS,Aditya-L1,N/A,N/A,HEL1OS-L1-PIPELINE
lightcurve_czt2.fits,.fits,8.22,6,HEL1OS,Aditya-L1,N/A,N/A,HEL1OS-L1-PIPELINE
hel1os_cdte_spectra_cdte1.fits,.fits,15.56,2,HEL1OS,Aditya-L1,N/A,N/A,HEL1OS-L1-PIPELINE
lightcurve_cdte2.fits,.fits,8.21,6,HEL1OS,Aditya-L1,N/A,N/A,HEL1OS-L1-PIPELINE
lightcurve_cdte1.fits,.fits,8.21,6,HEL1OS,Aditya-L1,N/A,N/A,HEL1OS-L1-PIPELINE
hel1os_cdte_spectra_cdte2.fits,.fits,15.56,2,HEL1OS,Aditya-L1,N/A,N/A,HEL1OS-L1-PIPELINE
evt.fits,.fits,132.81,5,HEL1OS,Aditya-L1,N/A,N/A,HEL1OS-L1-PIPELINE
gticzt1.fits,.fits,0.01,2,HEL1OS,Aditya-L1,N/A,N/A,HEL1OS-L1-PIPELINE
hk.fits,.fits,2.04,2,HEL1OS,Aditya-L1,N/A,N/A,HEL1OS-L1-PIPELINE
gticdte2.fits,.fits,0.01,2,HEL1OS,Aditya-L1,N/A,N/A,HEL1OS-L1-PIPELINE
gticzt2.fits,.fits,0.01,2,HEL1OS,Aditya-L1,N/A,N/A,HEL1OS-L1-PIPELINE
gticdte1.fits,.fits,0.01,2,HEL1OS,Aditya-L1,N/A,N/A,HEL1OS-L1-PIPELINE
hel1os_czt_spectra_czt1.fits,.fits,10.01,2,HEL1OS,Aditya-L1,N/A,N/A,HEL1OS-L1-PIPELINE
hel1os_czt_spectra_czt2.fits,.fits,10.43,2,HEL1OS,Aditya-L1,N/A,N/A,HEL1OS-L1-PIPELINE
lightcurve_czt1.fits,.fits,7.9,6,HEL1OS,Aditya-L1,N/A,N/A,HEL1OS-L1-PIPELINE
lightcurve_czt2.fits,.fits,8.24,6,HEL1OS,Aditya-L1,N/A,N/A,HEL1OS-L1-PIPELINE
hel1os_cdte_spectra_cdte1.fits,.fits,15.64,2,HEL1OS,Aditya-L1,N/A,N/A,HEL1OS-L1-PIPELINE
lightcurve_cdte2.fits,.fits,8.26,6,HEL1OS,Aditya-L1,N/A,N/A,HEL1OS-L1-PIPELINE
lightcurve_cdte1.fits,.fits,8.24,6,HEL1OS,Aditya-L1,N/A,N/A,HEL1OS-L1-PIPELINE
hel1os_cdte_spectra_cdte2.fits,.fits,15.64,2,HEL1OS,Aditya-L1,N/A,N/A,HEL1OS-L1-PIPELINE
evt.fits,.fits,104.28,5,HEL1OS,Aditya-L1,N/A,N/A,HEL1OS-L1-PIPELINE
gticzt1.fits,.fits,0.01,2,HEL1OS,Aditya-L1,N/A,N/A,HEL1OS-L1-PIPELINE
hk.fits,.fits,1.93,2,HEL1OS,Aditya-L1,N/A,N/A,HEL1OS-L1-PIPELINE
gticdte2.fits,.fits,0.01,2,HEL1OS,Aditya-L1,N/A,N/A,HEL1OS-L1-PIPELINE
gticzt2.fits,.fits,0.01,2,HEL1OS,Aditya-L1,N/A,N/A,HEL1OS-L1-PIPELINE
gticdte1.fits,.fits,0.01,2,HEL1OS,Aditya-L1,N/A,N/A,HEL1OS-L1-PIPELINE
hel1os_czt_spectra_czt1.fits,.fits,13.84,2,HEL1OS,Aditya-L1,N/A,N/A,HEL1OS-L1-PIPELINE
hel1os_czt_spectra_czt2.fits,.fits,14.12,2,HEL1OS,Aditya-L1,N/A,N/A,HEL1OS-L1-PIPELINE
lightcurve_czt1.fits,.fits,10.92,6,HEL1OS,Aditya-L1,N/A,N/A,HEL1OS-L1-PIPELINE
lightcurve_czt2.fits,.fits,11.14,6,HEL1OS,Aditya-L1,N/A,N/A,HEL1OS-L1-PIPELINE
hel1os_cdte_spectra_cdte1.fits,.fits,21.11,2,HEL1OS,Aditya-L1,N/A,N/A,HEL1OS-L1-PIPELINE
lightcurve_cdte2.fits,.fits,11.13,6,HEL1OS,Aditya-L1,N/A,N/A,HEL1OS-L1-PIPELINE
lightcurve_cdte1.fits,.fits,11.12,6,HEL1OS,Aditya-L1,N/A,N/A,HEL1OS-L1-PIPELINE
hel1os_cdte_spectra_cdte2.fits,.fits,21.11,2,HEL1OS,Aditya-L1,N/A,N/A,HEL1OS-L1-PIPELINE
evt.fits,.fits,143.67,5,HEL1OS,Aditya-L1,N/A,N/A,HEL1OS-L1-PIPELINE
gticzt1.fits,.fits,0.01,2,HEL1OS,Aditya-L1,N/A,N/A,HEL1OS-L1-PIPELINE
hk.fits,.fits,2.58,2,HEL1OS,Aditya-L1,N/A,N/A,HEL1OS-L1-PIPELINE
gticdte2.fits,.fits,0.01,2,HEL1OS,Aditya-L1,N/A,N/A,HEL1OS-L1-PIPELINE
gticzt2.fits,.fits,0.01,2,HEL1OS,Aditya-L1,N/A,N/A,HEL1OS-L1-PIPELINE
gticdte1.fits,.fits,0.01,2,HEL1OS,Aditya-L1,N/A,N/A,HEL1OS-L1-PIPELINE
hel1os_czt_spectra_czt1.fits,.fits,5.3,2,HEL1OS,Aditya-L1,N/A,N/A,HEL1OS-L1-PIPELINE
hel1os_czt_spectra_czt2.fits,.fits,5.14,2,HEL1OS,Aditya-L1,N/A,N/A,HEL1OS-L1-PIPELINE
lightcurve_czt1.fits,.fits,4.19,6,HEL1OS,Aditya-L1,N/A,N/A,HEL1OS-L1-PIPELINE
lightcurve_czt2.fits,.fits,4.08,6,HEL1OS,Aditya-L1,N/A,N/A,HEL1OS-L1-PIPELINE
hel1os_cdte_spectra_cdte1.fits,.fits,7.91,2,HEL1OS,Aditya-L1,N/A,N/A,HEL1OS-L1-PIPELINE
lightcurve_cdte2.fits,.fits,4.19,6,HEL1OS,Aditya-L1,N/A,N/A,HEL1OS-L1-PIPELINE
lightcurve_cdte1.fits,.fits,4.18,6,HEL1OS,Aditya-L1,N/A,N/A,HEL1OS-L1-PIPELINE
hel1os_cdte_spectra_cdte2.fits,.fits,7.91,2,HEL1OS,Aditya-L1,N/A,N/A,HEL1OS-L1-PIPELINE
evt.fits,.fits,44.95,5,HEL1OS,Aditya-L1,N/A,N/A,HEL1OS-L1-PIPELINE
gticzt1.fits,.fits,0.01,2,HEL1OS,Aditya-L1,N/A,N/A,HEL1OS-L1-PIPELINE
hk.fits,.fits,0.92,2,HEL1OS,Aditya-L1,N/A,N/A,HEL1OS-L1-PIPELINE
gticdte2.fits,.fits,0.01,2,HEL1OS,Aditya-L1,N/A,N/A,HEL1OS-L1-PIPELINE
gticzt2.fits,.fits,0.01,2,HEL1OS,Aditya-L1,N/A,N/A,HEL1OS-L1-PIPELINE
gticdte1.fits,.fits,0.01,2,HEL1OS,Aditya-L1,N/A,N/A,HEL1OS-L1-PIPELINE
hel1os_czt_spectra_czt1.fits,.fits,3.63,2,HEL1OS,Aditya-L1,N/A,N/A,HEL1OS-L1-PIPELINE
hel1os_czt_spectra_czt2.fits,.fits,3.63,2,HEL1OS,Aditya-L1,N/A,N/A,HEL1OS-L1-PIPELINE
lightcurve_czt1.fits,.fits,2.89,6,HEL1OS,Aditya-L1,N/A,N/A,HEL1OS-L1-PIPELINE
lightcurve_czt2.fits,.fits,2.89,6,HEL1OS,Aditya-L1,N/A,N/A,HEL1OS-L1-PIPELINE
hel1os_cdte_spectra_cdte1.fits,.fits,5.42,2,HEL1OS,Aditya-L1,N/A,N/A,HEL1OS-L1-PIPELINE
lightcurve_cdte2.fits,.fits,2.87,6,HEL1OS,Aditya-L1,N/A,N/A,HEL1OS-L1-PIPELINE
lightcurve_cdte1.fits,.fits,2.88,6,HEL1OS,Aditya-L1,N/A,N/A,HEL1OS-L1-PIPELINE
hel1os_cdte_spectra_cdte2.fits,.fits,5.42,2,HEL1OS,Aditya-L1,N/A,N/A,HEL1OS-L1-PIPELINE
evt.fits,.fits,29.15,5,HEL1OS,Aditya-L1,N/A,N/A,HEL1OS-L1-PIPELINE
gticzt1.fits,.fits,0.01,2,HEL1OS,Aditya-L1,N/A,N/A,HEL1OS-L1-PIPELINE
hk.fits,.fits,0.62,2,HEL1OS,Aditya-L1,N/A,N/A,HEL1OS-L1-PIPELINE
gticdte2.fits,.fits,0.01,2,HEL1OS,Aditya-L1,N/A,N/A,HEL1OS-L1-PIPELINE
gticzt2.fits,.fits,0.01,2,HEL1OS,Aditya-L1,N/A,N/A,HEL1OS-L1-PIPELINE
gticdte1.fits,.fits,0.01,2,HEL1OS,Aditya-L1,N/A,N/A,HEL1OS-L1-PIPELINE
hel1os_czt_spectra_czt1.fits,.fits,3.54,2,HEL1OS,Aditya-L1,N/A,N/A,HEL1OS-L1-PIPELINE
hel1os_czt_spectra_czt2.fits,.fits,3.48,2,HEL1OS,Aditya-L1,N/A,N/A,HEL1OS-L1-PIPELINE
lightcurve_czt1.fits,.fits,2.8,6,HEL1OS,Aditya-L1,N/A,N/A,HEL1OS-L1-PIPELINE
lightcurve_czt2.fits,.fits,2.76,6,HEL1OS,Aditya-L1,N/A,N/A,HEL1OS-L1-PIPELINE
hel1os_cdte_spectra_cdte1.fits,.fits,5.42,2,HEL1OS,Aditya-L1,N/A,N/A,HEL1OS-L1-PIPELINE
lightcurve_cdte2.fits,.fits,2.87,6,HEL1OS,Aditya-L1,N/A,N/A,HEL1OS-L1-PIPELINE
lightcurve_cdte1.fits,.fits,2.87,6,HEL1OS,Aditya-L1,N/A,N/A,HEL1OS-L1-PIPELINE
hel1os_cdte_spectra_cdte2.fits,.fits,5.42,2,HEL1OS,Aditya-L1,N/A,N/A,HEL1OS-L1-PIPELINE
evt.fits,.fits,31.56,5,HEL1OS,Aditya-L1,N/A,N/A,HEL1OS-L1-PIPELINE
gticzt1.fits,.fits,0.01,2,HEL1OS,Aditya-L1,N/A,N/A,HEL1OS-L1-PIPELINE
hk.fits,.fits,0.64,2,HEL1OS,Aditya-L1,N/A,N/A,HEL1OS-L1-PIPELINE
gticdte2.fits,.fits,0.01,2,HEL1OS,Aditya-L1,N/A,N/A,HEL1OS-L1-PIPELINE
gticzt2.fits,.fits,0.01,2,HEL1OS,Aditya-L1,N/A,N/A,HEL1OS-L1-PIPELINE
gticdte1.fits,.fits,0.01,2,HEL1OS,Aditya-L1,N/A,N/A,HEL1OS-L1-PIPELINE
hel1os_czt_spectra_czt1.fits,.fits,10.45,2,HEL1OS,Aditya-L1,N/A,N/A,HEL1OS-L1-PIPELINE
hel1os_czt_spectra_czt2.fits,.fits,10.45,2,HEL1OS,Aditya-L1,N/A,N/A,HEL1OS-L1-PIPELINE
lightcurve_czt1.fits,.fits,8.26,6,HEL1OS,Aditya-L1,N/A,N/A,HEL1OS-L1-PIPELINE
lightcurve_czt2.fits,.fits,8.26,6,HEL1OS,Aditya-L1,N/A,N/A,HEL1OS-L1-PIPELINE
hel1os_cdte_spectra_cdte1.fits,.fits,15.62,2,HEL1OS,Aditya-L1,N/A,N/A,HEL1OS-L1-PIPELINE
lightcurve_cdte2.fits,.fits,8.25,6,HEL1OS,Aditya-L1,N/A,N/A,HEL1OS-L1-PIPELINE
lightcurve_cdte1.fits,.fits,8.23,6,HEL1OS,Aditya-L1,N/A,N/A,HEL1OS-L1-PIPELINE
hel1os_cdte_spectra_cdte2.fits,.fits,15.62,2,HEL1OS,Aditya-L1,N/A,N/A,HEL1OS-L1-PIPELINE
evt.fits,.fits,106.62,5,HEL1OS,Aditya-L1,N/A,N/A,HEL1OS-L1-PIPELINE
gticzt1.fits,.fits,0.01,2,HEL1OS,Aditya-L1,N/A,N/A,HEL1OS-L1-PIPELINE
hk.fits,.fits,1.93,2,HEL1OS,Aditya-L1,N/A,N/A,HEL1OS-L1-PIPELINE
gticdte2.fits,.fits,0.01,2,HEL1OS,Aditya-L1,N/A,N/A,HEL1OS-L1-PIPELINE
gticzt2.fits,.fits,0.01,2,HEL1OS,Aditya-L1,N/A,N/A,HEL1OS-L1-PIPELINE
gticdte1.fits,.fits,0.01,2,HEL1OS,Aditya-L1,N/A,N/A,HEL1OS-L1-PIPELINE
hel1os_czt_spectra_czt1.fits,.fits,14.12,2,HEL1OS,Aditya-L1,N/A,N/A,HEL1OS-L1-PIPELINE
hel1os_czt_spectra_czt2.fits,.fits,13.99,2,HEL1OS,Aditya-L1,N/A,N/A,HEL1OS-L1-PIPELINE
lightcurve_czt1.fits,.fits,11.14,6,HEL1OS,Aditya-L1,N/A,N/A,HEL1OS-L1-PIPELINE
lightcurve_czt2.fits,.fits,11.03,6,HEL1OS,Aditya-L1,N/A,N/A,HEL1OS-L1-PIPELINE
hel1os_cdte_spectra_cdte1.fits,.fits,21.12,2,HEL1OS,Aditya-L1,N/A,N/A,HEL1OS-L1-PIPELINE
lightcurve_cdte2.fits,.fits,11.14,6,HEL1OS,Aditya-L1,N/A,N/A,HEL1OS-L1-PIPELINE
lightcurve_cdte1.fits,.fits,11.12,6,HEL1OS,Aditya-L1,N/A,N/A,HEL1OS-L1-PIPELINE
hel1os_cdte_spectra_cdte2.fits,.fits,21.12,2,HEL1OS,Aditya-L1,N/A,N/A,HEL1OS-L1-PIPELINE
evt.fits,.fits,147.43,5,HEL1OS,Aditya-L1,N/A,N/A,HEL1OS-L1-PIPELINE
gticzt1.fits,.fits,0.01,2,HEL1OS,Aditya-L1,N/A,N/A,HEL1OS-L1-PIPELINE
hk.fits,.fits,2.65,2,HEL1OS,Aditya-L1,N/A,N/A,HEL1OS-L1-PIPELINE
gticdte2.fits,.fits,0.01,2,HEL1OS,Aditya-L1,N/A,N/A,HEL1OS-L1-PIPELINE
gticzt2.fits,.fits,0.01,2,HEL1OS,Aditya-L1,N/A,N/A,HEL1OS-L1-PIPELINE
gticdte1.fits,.fits,0.01,2,HEL1OS,Aditya-L1,N/A,N/A,HEL1OS-L1-PIPELINE
hel1os_czt_spectra_czt1.fits,.fits,10.46,2,HEL1OS,Aditya-L1,N/A,N/A,HEL1OS-L1-PIPELINE
hel1os_czt_spectra_czt2.fits,.fits,10.46,2,HEL1OS,Aditya-L1,N/A,N/A,HEL1OS-L1-PIPELINE
lightcurve_czt1.fits,.fits,8.26,6,HEL1OS,Aditya-L1,N/A,N/A,HEL1OS-L1-PIPELINE
lightcurve_czt2.fits,.fits,8.26,6,HEL1OS,Aditya-L1,N/A,N/A,HEL1OS-L1-PIPELINE
hel1os_cdte_spectra_cdte1.fits,.fits,15.63,2,HEL1OS,Aditya-L1,N/A,N/A,HEL1OS-L1-PIPELINE
lightcurve_cdte2.fits,.fits,8.25,6,HEL1OS,Aditya-L1,N/A,N/A,HEL1OS-L1-PIPELINE
lightcurve_cdte1.fits,.fits,8.23,6,HEL1OS,Aditya-L1,N/A,N/A,HEL1OS-L1-PIPELINE
hel1os_cdte_spectra_cdte2.fits,.fits,15.64,2,HEL1OS,Aditya-L1,N/A,N/A,HEL1OS-L1-PIPELINE
evt.fits,.fits,103.7,5,HEL1OS,Aditya-L1,N/A,N/A,HEL1OS-L1-PIPELINE
gticzt1.fits,.fits,0.01,2,HEL1OS,Aditya-L1,N/A,N/A,HEL1OS-L1-PIPELINE
hk.fits,.fits,1.9,2,HEL1OS,Aditya-L1,N/A,N/A,HEL1OS-L1-PIPELINE
gticdte2.fits,.fits,0.01,2,HEL1OS,Aditya-L1,N/A,N/A,HEL1OS-L1-PIPELINE
gticzt2.fits,.fits,0.01,2,HEL1OS,Aditya-L1,N/A,N/A,HEL1OS-L1-PIPELINE
gticdte1.fits,.fits,0.01,2,HEL1OS,Aditya-L1,N/A,N/A,HEL1OS-L1-PIPELINE
hel1os_czt_spectra_czt1.fits,.fits,10.49,2,HEL1OS,Aditya-L1,N/A,N/A,HEL1OS-L1-PIPELINE
hel1os_czt_spectra_czt2.fits,.fits,10.35,2,HEL1OS,Aditya-L1,N/A,N/A,HEL1OS-L1-PIPELINE
lightcurve_czt1.fits,.fits,8.28,6,HEL1OS,Aditya-L1,N/A,N/A,HEL1OS-L1-PIPELINE
lightcurve_czt2.fits,.fits,8.17,6,HEL1OS,Aditya-L1,N/A,N/A,HEL1OS-L1-PIPELINE
hel1os_cdte_spectra_cdte1.fits,.fits,15.68,2,HEL1OS,Aditya-L1,N/A,N/A,HEL1OS-L1-PIPELINE
lightcurve_cdte2.fits,.fits,8.27,6,HEL1OS,Aditya-L1,N/A,N/A,HEL1OS-L1-PIPELINE
lightcurve_cdte1.fits,.fits,8.27,6,HEL1OS,Aditya-L1,N/A,N/A,HEL1OS-L1-PIPELINE
hel1os_cdte_spectra_cdte2.fits,.fits,15.68,2,HEL1OS,Aditya-L1,N/A,N/A,HEL1OS-L1-PIPELINE
evt.fits,.fits,88.76,5,HEL1OS,Aditya-L1,N/A,N/A,HEL1OS-L1-PIPELINE
gticzt1.fits,.fits,0.01,2,HEL1OS,Aditya-L1,N/A,N/A,HEL1OS-L1-PIPELINE
hk.fits,.fits,1.81,2,HEL1OS,Aditya-L1,N/A,N/A,HEL1OS-L1-PIPELINE
gticdte2.fits,.fits,0.01,2,HEL1OS,Aditya-L1,N/A,N/A,HEL1OS-L1-PIPELINE
gticzt2.fits,.fits,0.01,2,HEL1OS,Aditya-L1,N/A,N/A,HEL1OS-L1-PIPELINE
gticdte1.fits,.fits,0.01,2,HEL1OS,Aditya-L1,N/A,N/A,HEL1OS-L1-PIPELINE
hel1os_czt_spectra_czt1.fits,.fits,10.01,2,HEL1OS,Aditya-L1,N/A,N/A,HEL1OS-L1-PIPELINE
hel1os_czt_spectra_czt2.fits,.fits,10.43,2,HEL1OS,Aditya-L1,N/A,N/A,HEL1OS-L1-PIPELINE
lightcurve_czt1.fits,.fits,7.9,6,HEL1OS,Aditya-L1,N/A,N/A,HEL1OS-L1-PIPELINE
lightcurve_czt2.fits,.fits,8.24,6,HEL1OS,Aditya-L1,N/A,N/A,HEL1OS-L1-PIPELINE
hel1os_cdte_spectra_cdte1.fits,.fits,15.64,2,HEL1OS,Aditya-L1,N/A,N/A,HEL1OS-L1-PIPELINE
lightcurve_cdte2.fits,.fits,8.26,6,HEL1OS,Aditya-L1,N/A,N/A,HEL1OS-L1-PIPELINE
lightcurve_cdte1.fits,.fits,8.24,6,HEL1OS,Aditya-L1,N/A,N/A,HEL1OS-L1-PIPELINE
hel1os_cdte_spectra_cdte2.fits,.fits,15.64,2,HEL1OS,Aditya-L1,N/A,N/A,HEL1OS-L1-PIPELINE
evt.fits,.fits,104.28,5,HEL1OS,Aditya-L1,N/A,N/A,HEL1OS-L1-PIPELINE
gticzt1.fits,.fits,0.01,2,HEL1OS,Aditya-L1,N/A,N/A,HEL1OS-L1-PIPELINE
hk.fits,.fits,1.93,2,HEL1OS,Aditya-L1,N/A,N/A,HEL1OS-L1-PIPELINE
gticdte2.fits,.fits,0.01,2,HEL1OS,Aditya-L1,N/A,N/A,HEL1OS-L1-PIPELINE
gticzt2.fits,.fits,0.01,2,HEL1OS,Aditya-L1,N/A,N/A,HEL1OS-L1-PIPELINE
gticdte1.fits,.fits,0.01,2,HEL1OS,Aditya-L1,N/A,N/A,HEL1OS-L1-PIPELINE
hel1os_czt_spectra_czt1.fits,.fits,3.63,2,HEL1OS,Aditya-L1,N/A,N/A,HEL1OS-L1-PIPELINE
hel1os_czt_spectra_czt2.fits,.fits,3.64,2,HEL1OS,Aditya-L1,N/A,N/A,HEL1OS-L1-PIPELINE
lightcurve_czt1.fits,.fits,2.89,6,HEL1OS,Aditya-L1,N/A,N/A,HEL1OS-L1-PIPELINE
lightcurve_czt2.fits,.fits,2.89,6,HEL1OS,Aditya-L1,N/A,N/A,HEL1OS-L1-PIPELINE
hel1os_cdte_spectra_cdte1.fits,.fits,5.44,2,HEL1OS,Aditya-L1,N/A,N/A,HEL1OS-L1-PIPELINE
lightcurve_cdte2.fits,.fits,2.88,6,HEL1OS,Aditya-L1,N/A,N/A,HEL1OS-L1-PIPELINE
lightcurve_cdte1.fits,.fits,2.87,6,HEL1OS,Aditya-L1,N/A,N/A,HEL1OS-L1-PIPELINE
hel1os_cdte_spectra_cdte2.fits,.fits,5.44,2,HEL1OS,Aditya-L1,N/A,N/A,HEL1OS-L1-PIPELINE
evt.fits,.fits,40.76,5,HEL1OS,Aditya-L1,N/A,N/A,HEL1OS-L1-PIPELINE
gticzt1.fits,.fits,0.01,2,HEL1OS,Aditya-L1,N/A,N/A,HEL1OS-L1-PIPELINE
hk.fits,.fits,0.7,2,HEL1OS,Aditya-L1,N/A,N/A,HEL1OS-L1-PIPELINE
gticdte2.fits,.fits,0.01,2,HEL1OS,Aditya-L1,N/A,N/A,HEL1OS-L1-PIPELINE
gticzt2.fits,.fits,0.01,2,HEL1OS,Aditya-L1,N/A,N/A,HEL1OS-L1-PIPELINE
gticdte1.fits,.fits,0.01,2,HEL1OS,Aditya-L1,N/A,N/A,HEL1OS-L1-PIPELINE
hel1os_czt_spectra_czt1.fits,.fits,3.61,2,HEL1OS,Aditya-L1,N/A,N/A,HEL1OS-L1-PIPELINE
hel1os_czt_spectra_czt2.fits,.fits,3.24,2,HEL1OS,Aditya-L1,N/A,N/A,HEL1OS-L1-PIPELINE
lightcurve_czt1.fits,.fits,2.87,6,HEL1OS,Aditya-L1,N/A,N/A,HEL1OS-L1-PIPELINE
lightcurve_czt2.fits,.fits,2.57,6,HEL1OS,Aditya-L1,N/A,N/A,HEL1OS-L1-PIPELINE
hel1os_cdte_spectra_cdte1.fits,.fits,5.4,2,HEL1OS,Aditya-L1,N/A,N/A,HEL1OS-L1-PIPELINE
lightcurve_cdte2.fits,.fits,2.86,6,HEL1OS,Aditya-L1,N/A,N/A,HEL1OS-L1-PIPELINE
lightcurve_cdte1.fits,.fits,2.84,6,HEL1OS,Aditya-L1,N/A,N/A,HEL1OS-L1-PIPELINE
hel1os_cdte_spectra_cdte2.fits,.fits,5.4,2,HEL1OS,Aditya-L1,N/A,N/A,HEL1OS-L1-PIPELINE
evt.fits,.fits,25.88,5,HEL1OS,Aditya-L1,N/A,N/A,HEL1OS-L1-PIPELINE
gticzt1.fits,.fits,0.01,2,HEL1OS,Aditya-L1,N/A,N/A,HEL1OS-L1-PIPELINE
hk.fits,.fits,0.62,2,HEL1OS,Aditya-L1,N/A,N/A,HEL1OS-L1-PIPELINE
gticdte2.fits,.fits,0.01,2,HEL1OS,Aditya-L1,N/A,N/A,HEL1OS-L1-PIPELINE
gticzt2.fits,.fits,0.01,2,HEL1OS,Aditya-L1,N/A,N/A,HEL1OS-L1-PIPELINE
gticdte1.fits,.fits,0.01,2,HEL1OS,Aditya-L1,N/A,N/A,HEL1OS-L1-PIPELINE
hel1os_czt_spectra_czt1.fits,.fits,3.54,2,HEL1OS,Aditya-L1,N/A,N/A,HEL1OS-L1-PIPELINE
hel1os_czt_spectra_czt2.fits,.fits,3.23,2,HEL1OS,Aditya-L1,N/A,N/A,HEL1OS-L1-PIPELINE
lightcurve_czt1.fits,.fits,2.8,6,HEL1OS,Aditya-L1,N/A,N/A,HEL1OS-L1-PIPELINE
lightcurve_czt2.fits,.fits,2.57,6,HEL1OS,Aditya-L1,N/A,N/A,HEL1OS-L1-PIPELINE
hel1os_cdte_spectra_cdte1.fits,.fits,5.46,2,HEL1OS,Aditya-L1,N/A,N/A,HEL1OS-L1-PIPELINE
lightcurve_cdte2.fits,.fits,2.89,6,HEL1OS,Aditya-L1,N/A,N/A,HEL1OS-L1-PIPELINE
lightcurve_cdte1.fits,.fits,2.88,6,HEL1OS,Aditya-L1,N/A,N/A,HEL1OS-L1-PIPELINE
hel1os_cdte_spectra_cdte2.fits,.fits,5.46,2,HEL1OS,Aditya-L1,N/A,N/A,HEL1OS-L1-PIPELINE
evt.fits,.fits,35.74,5,HEL1OS,Aditya-L1,N/A,N/A,HEL1OS-L1-PIPELINE
gticzt1.fits,.fits,0.01,2,HEL1OS,Aditya-L1,N/A,N/A,HEL1OS-L1-PIPELINE
hk.fits,.fits,0.68,2,HEL1OS,Aditya-L1,N/A,N/A,HEL1OS-L1-PIPELINE
gticdte2.fits,.fits,0.01,2,HEL1OS,Aditya-L1,N/A,N/A,HEL1OS-L1-PIPELINE
gticzt2.fits,.fits,0.01,2,HEL1OS,Aditya-L1,N/A,N/A,HEL1OS-L1-PIPELINE
gticdte1.fits,.fits,0.01,2,HEL1OS,Aditya-L1,N/A,N/A,HEL1OS-L1-PIPELINE
hel1os_czt_spectra_czt1.fits,.fits,14.12,2,HEL1OS,Aditya-L1,N/A,N/A,HEL1OS-L1-PIPELINE
hel1os_czt_spectra_czt2.fits,.fits,13.99,2,HEL1OS,Aditya-L1,N/A,N/A,HEL1OS-L1-PIPELINE
lightcurve_czt1.fits,.fits,11.14,6,HEL1OS,Aditya-L1,N/A,N/A,HEL1OS-L1-PIPELINE
lightcurve_czt2.fits,.fits,11.04,6,HEL1OS,Aditya-L1,N/A,N/A,HEL1OS-L1-PIPELINE
hel1os_cdte_spectra_cdte1.fits,.fits,21.12,2,HEL1OS,Aditya-L1,N/A,N/A,HEL1OS-L1-PIPELINE
lightcurve_cdte2.fits,.fits,11.14,6,HEL1OS,Aditya-L1,N/A,N/A,HEL1OS-L1-PIPELINE
lightcurve_cdte1.fits,.fits,11.13,6,HEL1OS,Aditya-L1,N/A,N/A,HEL1OS-L1-PIPELINE
hel1os_cdte_spectra_cdte2.fits,.fits,21.11,2,HEL1OS,Aditya-L1,N/A,N/A,HEL1OS-L1-PIPELINE
evt.fits,.fits,138.59,5,HEL1OS,Aditya-L1,N/A,N/A,HEL1OS-L1-PIPELINE
gticzt1.fits,.fits,0.01,2,HEL1OS,Aditya-L1,N/A,N/A,HEL1OS-L1-PIPELINE
hk.fits,.fits,2.55,2,HEL1OS,Aditya-L1,N/A,N/A,HEL1OS-L1-PIPELINE
gticdte2.fits,.fits,0.01,2,HEL1OS,Aditya-L1,N/A,N/A,HEL1OS-L1-PIPELINE
gticzt2.fits,.fits,0.01,2,HEL1OS,Aditya-L1,N/A,N/A,HEL1OS-L1-PIPELINE
gticdte1.fits,.fits,0.01,2,HEL1OS,Aditya-L1,N/A,N/A,HEL1OS-L1-PIPELINE
hel1os_czt_spectra_czt1.fits,.fits,10.49,2,HEL1OS,Aditya-L1,N/A,N/A,HEL1OS-L1-PIPELINE
hel1os_czt_spectra_czt2.fits,.fits,10.35,2,HEL1OS,Aditya-L1,N/A,N/A,HEL1OS-L1-PIPELINE
lightcurve_czt1.fits,.fits,8.28,6,HEL1OS,Aditya-L1,N/A,N/A,HEL1OS-L1-PIPELINE
lightcurve_czt2.fits,.fits,8.17,6,HEL1OS,Aditya-L1,N/A,N/A,HEL1OS-L1-PIPELINE
hel1os_cdte_spectra_cdte1.fits,.fits,15.68,2,HEL1OS,Aditya-L1,N/A,N/A,HEL1OS-L1-PIPELINE
lightcurve_cdte2.fits,.fits,8.27,6,HEL1OS,Aditya-L1,N/A,N/A,HEL1OS-L1-PIPELINE
lightcurve_cdte1.fits,.fits,8.27,6,HEL1OS,Aditya-L1,N/A,N/A,HEL1OS-L1-PIPELINE
hel1os_cdte_spectra_cdte2.fits,.fits,15.68,2,HEL1OS,Aditya-L1,N/A,N/A,HEL1OS-L1-PIPELINE
evt.fits,.fits,88.76,5,HEL1OS,Aditya-L1,N/A,N/A,HEL1OS-L1-PIPELINE
gticzt1.fits,.fits,0.01,2,HEL1OS,Aditya-L1,N/A,N/A,HEL1OS-L1-PIPELINE
hk.fits,.fits,1.81,2,HEL1OS,Aditya-L1,N/A,N/A,HEL1OS-L1-PIPELINE
gticdte2.fits,.fits,0.01,2,HEL1OS,Aditya-L1,N/A,N/A,HEL1OS-L1-PIPELINE
gticzt2.fits,.fits,0.01,2,HEL1OS,Aditya-L1,N/A,N/A,HEL1OS-L1-PIPELINE
gticdte1.fits,.fits,0.01,2,HEL1OS,Aditya-L1,N/A,N/A,HEL1OS-L1-PIPELINE
hel1os_czt_spectra_czt1.fits,.fits,3.61,2,HEL1OS,Aditya-L1,N/A,N/A,HEL1OS-L1-PIPELINE
hel1os_czt_spectra_czt2.fits,.fits,3.46,2,HEL1OS,Aditya-L1,N/A,N/A,HEL1OS-L1-PIPELINE
lightcurve_czt1.fits,.fits,2.87,6,HEL1OS,Aditya-L1,N/A,N/A,HEL1OS-L1-PIPELINE
lightcurve_czt2.fits,.fits,2.75,6,HEL1OS,Aditya-L1,N/A,N/A,HEL1OS-L1-PIPELINE
hel1os_cdte_spectra_cdte1.fits,.fits,5.4,2,HEL1OS,Aditya-L1,N/A,N/A,HEL1OS-L1-PIPELINE
lightcurve_cdte2.fits,.fits,2.86,6,HEL1OS,Aditya-L1,N/A,N/A,HEL1OS-L1-PIPELINE
lightcurve_cdte1.fits,.fits,2.86,6,HEL1OS,Aditya-L1,N/A,N/A,HEL1OS-L1-PIPELINE
hel1os_cdte_spectra_cdte2.fits,.fits,5.4,2,HEL1OS,Aditya-L1,N/A,N/A,HEL1OS-L1-PIPELINE
evt.fits,.fits,35.07,5,HEL1OS,Aditya-L1,N/A,N/A,HEL1OS-L1-PIPELINE
gticzt1.fits,.fits,0.01,2,HEL1OS,Aditya-L1,N/A,N/A,HEL1OS-L1-PIPELINE
hk.fits,.fits,0.66,2,HEL1OS,Aditya-L1,N/A,N/A,HEL1OS-L1-PIPELINE
gticdte2.fits,.fits,0.01,2,HEL1OS,Aditya-L1,N/A,N/A,HEL1OS-L1-PIPELINE
gticzt2.fits,.fits,0.01,2,HEL1OS,Aditya-L1,N/A,N/A,HEL1OS-L1-PIPELINE
gticdte1.fits,.fits,0.01,2,HEL1OS,Aditya-L1,N/A,N/A,HEL1OS-L1-PIPELINE
hel1os_czt_spectra_czt1.fits,.fits,14.12,2,HEL1OS,Aditya-L1,N/A,N/A,HEL1OS-L1-PIPELINE
hel1os_czt_spectra_czt2.fits,.fits,13.97,2,HEL1OS,Aditya-L1,N/A,N/A,HEL1OS-L1-PIPELINE
lightcurve_czt1.fits,.fits,11.14,6,HEL1OS,Aditya-L1,N/A,N/A,HEL1OS-L1-PIPELINE
lightcurve_czt2.fits,.fits,11.02,6,HEL1OS,Aditya-L1,N/A,N/A,HEL1OS-L1-PIPELINE
hel1os_cdte_spectra_cdte1.fits,.fits,21.11,2,HEL1OS,Aditya-L1,N/A,N/A,HEL1OS-L1-PIPELINE
lightcurve_cdte2.fits,.fits,11.13,6,HEL1OS,Aditya-L1,N/A,N/A,HEL1OS-L1-PIPELINE
lightcurve_cdte1.fits,.fits,11.13,6,HEL1OS,Aditya-L1,N/A,N/A,HEL1OS-L1-PIPELINE
hel1os_cdte_spectra_cdte2.fits,.fits,21.11,2,HEL1OS,Aditya-L1,N/A,N/A,HEL1OS-L1-PIPELINE
evt.fits,.fits,117.74,5,HEL1OS,Aditya-L1,N/A,N/A,HEL1OS-L1-PIPELINE
gticzt1.fits,.fits,0.01,2,HEL1OS,Aditya-L1,N/A,N/A,HEL1OS-L1-PIPELINE
hk.fits,.fits,2.4,2,HEL1OS,Aditya-L1,N/A,N/A,HEL1OS-L1-PIPELINE
gticdte2.fits,.fits,0.01,2,HEL1OS,Aditya-L1,N/A,N/A,HEL1OS-L1-PIPELINE
gticzt2.fits,.fits,0.01,2,HEL1OS,Aditya-L1,N/A,N/A,HEL1OS-L1-PIPELINE
gticdte1.fits,.fits,0.01,2,HEL1OS,Aditya-L1,N/A,N/A,HEL1OS-L1-PIPELINE
hel1os_czt_spectra_czt1.fits,.fits,10.49,2,HEL1OS,Aditya-L1,N/A,N/A,HEL1OS-L1-PIPELINE
hel1os_czt_spectra_czt2.fits,.fits,10.43,2,HEL1OS,Aditya-L1,N/A,N/A,HEL1OS-L1-PIPELINE
lightcurve_czt1.fits,.fits,8.28,6,HEL1OS,Aditya-L1,N/A,N/A,HEL1OS-L1-PIPELINE
lightcurve_czt2.fits,.fits,8.24,6,HEL1OS,Aditya-L1,N/A,N/A,HEL1OS-L1-PIPELINE
hel1os_cdte_spectra_cdte1.fits,.fits,15.69,2,HEL1OS,Aditya-L1,N/A,N/A,HEL1OS-L1-PIPELINE
lightcurve_cdte2.fits,.fits,8.28,6,HEL1OS,Aditya-L1,N/A,N/A,HEL1OS-L1-PIPELINE
lightcurve_cdte1.fits,.fits,8.26,6,HEL1OS,Aditya-L1,N/A,N/A,HEL1OS-L1-PIPELINE
hel1os_cdte_spectra_cdte2.fits,.fits,15.69,2,HEL1OS,Aditya-L1,N/A,N/A,HEL1OS-L1-PIPELINE
evt.fits,.fits,88.43,5,HEL1OS,Aditya-L1,N/A,N/A,HEL1OS-L1-PIPELINE
gticzt1.fits,.fits,0.01,2,HEL1OS,Aditya-L1,N/A,N/A,HEL1OS-L1-PIPELINE
hk.fits,.fits,1.79,2,HEL1OS,Aditya-L1,N/A,N/A,HEL1OS-L1-PIPELINE
gticdte2.fits,.fits,0.01,2,HEL1OS,Aditya-L1,N/A,N/A,HEL1OS-L1-PIPELINE
gticzt2.fits,.fits,0.01,2,HEL1OS,Aditya-L1,N/A,N/A,HEL1OS-L1-PIPELINE
gticdte1.fits,.fits,0.01,2,HEL1OS,Aditya-L1,N/A,N/A,HEL1OS-L1-PIPELINE
hel1os_czt_spectra_czt1.fits,.fits,14.12,2,HEL1OS,Aditya-L1,N/A,N/A,HEL1OS-L1-PIPELINE
hel1os_czt_spectra_czt2.fits,.fits,14.12,2,HEL1OS,Aditya-L1,N/A,N/A,HEL1OS-L1-PIPELINE
lightcurve_czt1.fits,.fits,11.14,6,HEL1OS,Aditya-L1,N/A,N/A,HEL1OS-L1-PIPELINE
lightcurve_czt2.fits,.fits,11.14,6,HEL1OS,Aditya-L1,N/A,N/A,HEL1OS-L1-PIPELINE
hel1os_cdte_spectra_cdte1.fits,.fits,21.11,2,HEL1OS,Aditya-L1,N/A,N/A,HEL1OS-L1-PIPELINE
lightcurve_cdte2.fits,.fits,11.13,6,HEL1OS,Aditya-L1,N/A,N/A,HEL1OS-L1-PIPELINE
lightcurve_cdte1.fits,.fits,11.12,6,HEL1OS,Aditya-L1,N/A,N/A,HEL1OS-L1-PIPELINE
hel1os_cdte_spectra_cdte2.fits,.fits,21.11,2,HEL1OS,Aditya-L1,N/A,N/A,HEL1OS-L1-PIPELINE
evt.fits,.fits,154.59,5,HEL1OS,Aditya-L1,N/A,N/A,HEL1OS-L1-PIPELINE
gticzt1.fits,.fits,0.01,2,HEL1OS,Aditya-L1,N/A,N/A,HEL1OS-L1-PIPELINE
hk.fits,.fits,2.63,2,HEL1OS,Aditya-L1,N/A,N/A,HEL1OS-L1-PIPELINE
gticdte2.fits,.fits,0.01,2,HEL1OS,Aditya-L1,N/A,N/A,HEL1OS-L1-PIPELINE
gticzt2.fits,.fits,0.01,2,HEL1OS,Aditya-L1,N/A,N/A,HEL1OS-L1-PIPELINE
gticdte1.fits,.fits,0.01,2,HEL1OS,Aditya-L1,N/A,N/A,HEL1OS-L1-PIPELINE
hel1os_czt_spectra_czt1.fits,.fits,3.54,2,HEL1OS,Aditya-L1,N/A,N/A,HEL1OS-L1-PIPELINE
hel1os_czt_spectra_czt2.fits,.fits,3.23,2,HEL1OS,Aditya-L1,N/A,N/A,HEL1OS-L1-PIPELINE
lightcurve_czt1.fits,.fits,2.8,6,HEL1OS,Aditya-L1,N/A,N/A,HEL1OS-L1-PIPELINE
lightcurve_czt2.fits,.fits,2.57,6,HEL1OS,Aditya-L1,N/A,N/A,HEL1OS-L1-PIPELINE
hel1os_cdte_spectra_cdte1.fits,.fits,5.47,2,HEL1OS,Aditya-L1,N/A,N/A,HEL1OS-L1-PIPELINE
lightcurve_cdte2.fits,.fits,2.9,6,HEL1OS,Aditya-L1,N/A,N/A,HEL1OS-L1-PIPELINE
lightcurve_cdte1.fits,.fits,2.88,6,HEL1OS,Aditya-L1,N/A,N/A,HEL1OS-L1-PIPELINE
hel1os_cdte_spectra_cdte2.fits,.fits,5.47,2,HEL1OS,Aditya-L1,N/A,N/A,HEL1OS-L1-PIPELINE
evt.fits,.fits,35.75,5,HEL1OS,Aditya-L1,N/A,N/A,HEL1OS-L1-PIPELINE
gticzt1.fits,.fits,0.01,2,HEL1OS,Aditya-L1,N/A,N/A,HEL1OS-L1-PIPELINE
hk.fits,.fits,0.68,2,HEL1OS,Aditya-L1,N/A,N/A,HEL1OS-L1-PIPELINE
gticdte2.fits,.fits,0.01,2,HEL1OS,Aditya-L1,N/A,N/A,HEL1OS-L1-PIPELINE
gticzt2.fits,.fits,0.01,2,HEL1OS,Aditya-L1,N/A,N/A,HEL1OS-L1-PIPELINE
gticdte1.fits,.fits,0.01,2,HEL1OS,Aditya-L1,N/A,N/A,HEL1OS-L1-PIPELINE
hel1os_czt_spectra_czt1.fits,.fits,3.71,2,HEL1OS,Aditya-L1,N/A,N/A,HEL1OS-L1-PIPELINE
hel1os_czt_spectra_czt2.fits,.fits,3.71,2,HEL1OS,Aditya-L1,N/A,N/A,HEL1OS-L1-PIPELINE
lightcurve_czt1.fits,.fits,2.94,6,HEL1OS,Aditya-L1,N/A,N/A,HEL1OS-L1-PIPELINE
lightcurve_czt2.fits,.fits,2.94,6,HEL1OS,Aditya-L1,N/A,N/A,HEL1OS-L1-PIPELINE
hel1os_cdte_spectra_cdte1.fits,.fits,5.54,2,HEL1OS,Aditya-L1,N/A,N/A,HEL1OS-L1-PIPELINE
lightcurve_cdte2.fits,.fits,2.93,6,HEL1OS,Aditya-L1,N/A,N/A,HEL1OS-L1-PIPELINE
lightcurve_cdte1.fits,.fits,2.92,6,HEL1OS,Aditya-L1,N/A,N/A,HEL1OS-L1-PIPELINE
hel1os_cdte_spectra_cdte2.fits,.fits,5.54,2,HEL1OS,Aditya-L1,N/A,N/A,HEL1OS-L1-PIPELINE
evt.fits,.fits,30.93,5,HEL1OS,Aditya-L1,N/A,N/A,HEL1OS-L1-PIPELINE
gticzt1.fits,.fits,0.01,2,HEL1OS,Aditya-L1,N/A,N/A,HEL1OS-L1-PIPELINE
hk.fits,.fits,0.65,2,HEL1OS,Aditya-L1,N/A,N/A,HEL1OS-L1-PIPELINE
gticdte2.fits,.fits,0.01,2,HEL1OS,Aditya-L1,N/A,N/A,HEL1OS-L1-PIPELINE
gticzt2.fits,.fits,0.01,2,HEL1OS,Aditya-L1,N/A,N/A,HEL1OS-L1-PIPELINE
gticdte1.fits,.fits,0.01,2,HEL1OS,Aditya-L1,N/A,N/A,HEL1OS-L1-PIPELINE
hel1os_czt_spectra_czt1.fits,.fits,3.64,2,HEL1OS,Aditya-L1,N/A,N/A,HEL1OS-L1-PIPELINE
hel1os_czt_spectra_czt2.fits,.fits,3.64,2,HEL1OS,Aditya-L1,N/A,N/A,HEL1OS-L1-PIPELINE
lightcurve_czt1.fits,.fits,2.89,6,HEL1OS,Aditya-L1,N/A,N/A,HEL1OS-L1-PIPELINE
lightcurve_czt2.fits,.fits,2.89,6,HEL1OS,Aditya-L1,N/A,N/A,HEL1OS-L1-PIPELINE
hel1os_cdte_spectra_cdte1.fits,.fits,5.44,2,HEL1OS,Aditya-L1,N/A,N/A,HEL1OS-L1-PIPELINE
lightcurve_cdte2.fits,.fits,2.88,6,HEL1OS,Aditya-L1,N/A,N/A,HEL1OS-L1-PIPELINE
lightcurve_cdte1.fits,.fits,2.86,6,HEL1OS,Aditya-L1,N/A,N/A,HEL1OS-L1-PIPELINE
hel1os_cdte_spectra_cdte2.fits,.fits,5.44,2,HEL1OS,Aditya-L1,N/A,N/A,HEL1OS-L1-PIPELINE
evt.fits,.fits,24.24,5,HEL1OS,Aditya-L1,N/A,N/A,HEL1OS-L1-PIPELINE
gticzt1.fits,.fits,0.01,2,HEL1OS,Aditya-L1,N/A,N/A,HEL1OS-L1-PIPELINE
hk.fits,.fits,0.61,2,HEL1OS,Aditya-L1,N/A,N/A,HEL1OS-L1-PIPELINE
gticdte2.fits,.fits,0.01,2,HEL1OS,Aditya-L1,N/A,N/A,HEL1OS-L1-PIPELINE
gticzt2.fits,.fits,0.01,2,HEL1OS,Aditya-L1,N/A,N/A,HEL1OS-L1-PIPELINE
gticdte1.fits,.fits,0.01,2,HEL1OS,Aditya-L1,N/A,N/A,HEL1OS-L1-PIPELINE
hel1os_czt_spectra_czt1.fits,.fits,14.12,2,HEL1OS,Aditya-L1,N/A,N/A,HEL1OS-L1-PIPELINE
hel1os_czt_spectra_czt2.fits,.fits,13.83,2,HEL1OS,Aditya-L1,N/A,N/A,HEL1OS-L1-PIPELINE
lightcurve_czt1.fits,.fits,11.14,6,HEL1OS,Aditya-L1,N/A,N/A,HEL1OS-L1-PIPELINE
lightcurve_czt2.fits,.fits,10.92,6,HEL1OS,Aditya-L1,N/A,N/A,HEL1OS-L1-PIPELINE
hel1os_cdte_spectra_cdte1.fits,.fits,21.11,2,HEL1OS,Aditya-L1,N/A,N/A,HEL1OS-L1-PIPELINE
lightcurve_cdte2.fits,.fits,11.14,6,HEL1OS,Aditya-L1,N/A,N/A,HEL1OS-L1-PIPELINE
lightcurve_cdte1.fits,.fits,11.11,6,HEL1OS,Aditya-L1,N/A,N/A,HEL1OS-L1-PIPELINE
hel1os_cdte_spectra_cdte2.fits,.fits,21.11,2,HEL1OS,Aditya-L1,N/A,N/A,HEL1OS-L1-PIPELINE
evt.fits,.fits,118.33,5,HEL1OS,Aditya-L1,N/A,N/A,HEL1OS-L1-PIPELINE
gticzt1.fits,.fits,0.01,2,HEL1OS,Aditya-L1,N/A,N/A,HEL1OS-L1-PIPELINE
hk.fits,.fits,2.43,2,HEL1OS,Aditya-L1,N/A,N/A,HEL1OS-L1-PIPELINE
gticdte2.fits,.fits,0.01,2,HEL1OS,Aditya-L1,N/A,N/A,HEL1OS-L1-PIPELINE
gticzt2.fits,.fits,0.01,2,HEL1OS,Aditya-L1,N/A,N/A,HEL1OS-L1-PIPELINE
gticdte1.fits,.fits,0.01,2,HEL1OS,Aditya-L1,N/A,N/A,HEL1OS-L1-PIPELINE
gticdte2.fits,.fits,0.01,2,HEL1OS,Aditya-L1,N/A,N/A,HEL1OS-L1-PIPELINE
gticdte1.fits,.fits,0.01,2,HEL1OS,Aditya-L1,N/A,N/A,HEL1OS-L1-PIPELINE
gticdte2.fits,.fits,0.01,2,HEL1OS,Aditya-L1,N/A,N/A,HEL1OS-L1-PIPELINE
gticdte1.fits,.fits,0.01,2,HEL1OS,Aditya-L1,N/A,N/A,HEL1OS-L1-PIPELINE
gticdte2.fits,.fits,0.01,2,HEL1OS,Aditya-L1,N/A,N/A,HEL1OS-L1-PIPELINE
gticdte1.fits,.fits,0.01,2,HEL1OS,Aditya-L1,N/A,N/A,HEL1OS-L1-PIPELINE
gticdte2.fits,.fits,0.01,2,HEL1OS,Aditya-L1,N/A,N/A,HEL1OS-L1-PIPELINE
gticdte1.fits,.fits,0.01,2,HEL1OS,Aditya-L1,N/A,N/A,HEL1OS-L1-PIPELINE
gticdte2.fits,.fits,0.01,2,HEL1OS,Aditya-L1,N/A,N/A,HEL1OS-L1-PIPELINE
gticdte1.fits,.fits,0.01,2,HEL1OS,Aditya-L1,N/A,N/A,HEL1OS-L1-PIPELINE
gticdte2.fits,.fits,0.01,2,HEL1OS,Aditya-L1,N/A,N/A,HEL1OS-L1-PIPELINE
gticdte1.fits,.fits,0.01,2,HEL1OS,Aditya-L1,N/A,N/A,HEL1OS-L1-PIPELINE
gticdte2.fits,.fits,0.01,2,HEL1OS,Aditya-L1,N/A,N/A,HEL1OS-L1-PIPELINE
gticdte1.fits,.fits,0.01,2,HEL1OS,Aditya-L1,N/A,N/A,HEL1OS-L1-PIPELINE
gticdte2.fits,.fits,0.01,2,HEL1OS,Aditya-L1,N/A,N/A,HEL1OS-L1-PIPELINE
gticdte1.fits,.fits,0.01,2,HEL1OS,Aditya-L1,N/A,N/A,HEL1OS-L1-PIPELINE
gticdte2.fits,.fits,0.01,2,HEL1OS,Aditya-L1,N/A,N/A,HEL1OS-L1-PIPELINE
gticdte1.fits,.fits,0.01,2,HEL1OS,Aditya-L1,N/A,N/A,HEL1OS-L1-PIPELINE
gticdte2.fits,.fits,0.01,2,HEL1OS,Aditya-L1,N/A,N/A,HEL1OS-L1-PIPELINE
gticdte1.fits,.fits,0.01,2,HEL1OS,Aditya-L1,N/A,N/A,HEL1OS-L1-PIPELINE
gticdte2.fits,.fits,0.01,2,HEL1OS,Aditya-L1,N/A,N/A,HEL1OS-L1-PIPELINE
gticdte1.fits,.fits,0.01,2,HEL1OS,Aditya-L1,N/A,N/A,HEL1OS-L1-PIPELINE
gticdte2.fits,.fits,0.01,2,HEL1OS,Aditya-L1,N/A,N/A,HEL1OS-L1-PIPELINE
gticdte1.fits,.fits,0.01,2,HEL1OS,Aditya-L1,N/A,N/A,HEL1OS-L1-PIPELINE
gticdte2.fits,.fits,0.01,2,HEL1OS,Aditya-L1,N/A,N/A,HEL1OS-L1-PIPELINE
gticdte1.fits,.fits,0.01,2,HEL1OS,Aditya-L1,N/A,N/A,HEL1OS-L1-PIPELINE
gticdte2.fits,.fits,0.01,2,HEL1OS,Aditya-L1,N/A,N/A,HEL1OS-L1-PIPELINE
gticdte1.fits,.fits,0.01,2,HEL1OS,Aditya-L1,N/A,N/A,HEL1OS-L1-PIPELINE
gticdte2.fits,.fits,0.01,2,HEL1OS,Aditya-L1,N/A,N/A,HEL1OS-L1-PIPELINE
gticdte1.fits,.fits,0.01,2,HEL1OS,Aditya-L1,N/A,N/A,HEL1OS-L1-PIPELINE
hk.fits,.fits,1.0,2,HEL1OS,Aditya-L1,N/A,N/A,HEL1OS-L1-PIPELINE
gticdte2.fits,.fits,0.01,2,HEL1OS,Aditya-L1,N/A,N/A,HEL1OS-L1-PIPELINE
gticdte1.fits,.fits,0.01,2,HEL1OS,Aditya-L1,N/A,N/A,HEL1OS-L1-PIPELINE
gticdte2.fits,.fits,0.01,2,HEL1OS,Aditya-L1,N/A,N/A,HEL1OS-L1-PIPELINE
gticdte1.fits,.fits,0.01,2,HEL1OS,Aditya-L1,N/A,N/A,HEL1OS-L1-PIPELINE
gticdte2.fits,.fits,0.01,2,HEL1OS,Aditya-L1,N/A,N/A,HEL1OS-L1-PIPELINE
gticdte1.fits,.fits,0.01,2,HEL1OS,Aditya-L1,N/A,N/A,HEL1OS-L1-PIPELINE
gticdte2.fits,.fits,0.01,2,HEL1OS,Aditya-L1,N/A,N/A,HEL1OS-L1-PIPELINE
gticdte1.fits,.fits,0.01,2,HEL1OS,Aditya-L1,N/A,N/A,HEL1OS-L1-PIPELINE
gticdte2.fits,.fits,0.01,2,HEL1OS,Aditya-L1,N/A,N/A,HEL1OS-L1-PIPELINE
gticdte1.fits,.fits,0.01,2,HEL1OS,Aditya-L1,N/A,N/A,HEL1OS-L1-PIPELINE
hel1os_czt_spectra_czt1.fits,.fits,14.12,2,HEL1OS,Aditya-L1,N/A,N/A,HEL1OS-L1-PIPELINE
hel1os_czt_spectra_czt2.fits,.fits,14.12,2,HEL1OS,Aditya-L1,N/A,N/A,HEL1OS-L1-PIPELINE
lightcurve_czt1.fits,.fits,11.14,6,HEL1OS,Aditya-L1,N/A,N/A,HEL1OS-L1-PIPELINE
lightcurve_czt2.fits,.fits,11.14,6,HEL1OS,Aditya-L1,N/A,N/A,HEL1OS-L1-PIPELINE
hel1os_cdte_spectra_cdte1.fits,.fits,21.11,2,HEL1OS,Aditya-L1,N/A,N/A,HEL1OS-L1-PIPELINE
lightcurve_cdte2.fits,.fits,11.13,6,HEL1OS,Aditya-L1,N/A,N/A,HEL1OS-L1-PIPELINE
lightcurve_cdte1.fits,.fits,11.13,6,HEL1OS,Aditya-L1,N/A,N/A,HEL1OS-L1-PIPELINE
hel1os_cdte_spectra_cdte2.fits,.fits,21.11,2,HEL1OS,Aditya-L1,N/A,N/A,HEL1OS-L1-PIPELINE
evt.fits,.fits,160.72,5,HEL1OS,Aditya-L1,N/A,N/A,HEL1OS-L1-PIPELINE
gticzt1.fits,.fits,0.01,2,HEL1OS,Aditya-L1,N/A,N/A,HEL1OS-L1-PIPELINE
hk.fits,.fits,2.28,2,HEL1OS,Aditya-L1,N/A,N/A,HEL1OS-L1-PIPELINE
gticdte2.fits,.fits,0.01,2,HEL1OS,Aditya-L1,N/A,N/A,HEL1OS-L1-PIPELINE
gticzt2.fits,.fits,0.01,2,HEL1OS,Aditya-L1,N/A,N/A,HEL1OS-L1-PIPELINE
gticdte1.fits,.fits,0.01,2,HEL1OS,Aditya-L1,N/A,N/A,HEL1OS-L1-PIPELINE
gticdte2.fits,.fits,0.01,2,HEL1OS,Aditya-L1,N/A,N/A,HEL1OS-L1-PIPELINE
gticdte1.fits,.fits,0.01,2,HEL1OS,Aditya-L1,N/A,N/A,HEL1OS-L1-PIPELINE
gticdte2.fits,.fits,0.01,2,HEL1OS,Aditya-L1,N/A,N/A,HEL1OS-L1-PIPELINE
gticdte1.fits,.fits,0.01,2,HEL1OS,Aditya-L1,N/A,N/A,HEL1OS-L1-PIPELINE
gticdte2.fits,.fits,0.01,2,HEL1OS,Aditya-L1,N/A,N/A,HEL1OS-L1-PIPELINE
gticdte2.fits,.fits,0.01,2,HEL1OS,Aditya-L1,N/A,N/A,HEL1OS-L1-PIPELINE
gticdte1.fits,.fits,0.01,2,HEL1OS,Aditya-L1,N/A,N/A,HEL1OS-L1-PIPELINE
gticdte2.fits,.fits,0.01,2,HEL1OS,Aditya-L1,N/A,N/A,HEL1OS-L1-PIPELINE
gticdte1.fits,.fits,0.01,2,HEL1OS,Aditya-L1,N/A,N/A,HEL1OS-L1-PIPELINE
gticdte2.fits,.fits,0.01,2,HEL1OS,Aditya-L1,N/A,N/A,HEL1OS-L1-PIPELINE
gticdte1.fits,.fits,0.01,2,HEL1OS,Aditya-L1,N/A,N/A,HEL1OS-L1-PIPELINE
gticdte2.fits,.fits,0.01,2,HEL1OS,Aditya-L1,N/A,N/A,HEL1OS-L1-PIPELINE
gticdte1.fits,.fits,0.01,2,HEL1OS,Aditya-L1,N/A,N/A,HEL1OS-L1-PIPELINE
hel1os_czt_spectra_czt1.fits,.fits,14.12,2,HEL1OS,Aditya-L1,N/A,N/A,HEL1OS-L1-PIPELINE
hel1os_czt_spectra_czt2.fits,.fits,14.12,2,HEL1OS,Aditya-L1,N/A,N/A,HEL1OS-L1-PIPELINE
lightcurve_czt1.fits,.fits,11.14,6,HEL1OS,Aditya-L1,N/A,N/A,HEL1OS-L1-PIPELINE
lightcurve_czt2.fits,.fits,11.14,6,HEL1OS,Aditya-L1,N/A,N/A,HEL1OS-L1-PIPELINE
hel1os_cdte_spectra_cdte1.fits,.fits,21.11,2,HEL1OS,Aditya-L1,N/A,N/A,HEL1OS-L1-PIPELINE
lightcurve_cdte2.fits,.fits,11.13,6,HEL1OS,Aditya-L1,N/A,N/A,HEL1OS-L1-PIPELINE
lightcurve_cdte1.fits,.fits,11.13,6,HEL1OS,Aditya-L1,N/A,N/A,HEL1OS-L1-PIPELINE
hel1os_cdte_spectra_cdte2.fits,.fits,21.11,2,HEL1OS,Aditya-L1,N/A,N/A,HEL1OS-L1-PIPELINE
evt.fits,.fits,79.0,5,HEL1OS,Aditya-L1,N/A,N/A,HEL1OS-L1-PIPELINE
gticzt1.fits,.fits,0.01,2,HEL1OS,Aditya-L1,N/A,N/A,HEL1OS-L1-PIPELINE
hk.fits,.fits,2.38,2,HEL1OS,Aditya-L1,N/A,N/A,HEL1OS-L1-PIPELINE
gticdte2.fits,.fits,0.01,2,HEL1OS,Aditya-L1,N/A,N/A,HEL1OS-L1-PIPELINE
gticzt2.fits,.fits,0.01,2,HEL1OS,Aditya-L1,N/A,N/A,HEL1OS-L1-PIPELINE
gticdte1.fits,.fits,0.01,2,HEL1OS,Aditya-L1,N/A,N/A,HEL1OS-L1-PIPELINE
gticdte2.fits,.fits,0.01,2,HEL1OS,Aditya-L1,N/A,N/A,HEL1OS-L1-PIPELINE
gticdte1.fits,.fits,0.01,2,HEL1OS,Aditya-L1,N/A,N/A,HEL1OS-L1-PIPELINE
gticdte2.fits,.fits,0.01,2,HEL1OS,Aditya-L1,N/A,N/A,HEL1OS-L1-PIPELINE
gticdte1.fits,.fits,0.01,2,HEL1OS,Aditya-L1,N/A,N/A,HEL1OS-L1-PIPELINE
gticdte2.fits,.fits,0.01,2,HEL1OS,Aditya-L1,N/A,N/A,HEL1OS-L1-PIPELINE
gticdte1.fits,.fits,0.01,2,HEL1OS,Aditya-L1,N/A,N/A,HEL1OS-L1-PIPELINE
gticdte2.fits,.fits,0.01,2,HEL1OS,Aditya-L1,N/A,N/A,HEL1OS-L1-PIPELINE
gticdte1.fits,.fits,0.01,2,HEL1OS,Aditya-L1,N/A,N/A,HEL1OS-L1-PIPELINE
gticdte2.fits,.fits,0.01,2,HEL1OS,Aditya-L1,N/A,N/A,HEL1OS-L1-PIPELINE
gticdte1.fits,.fits,0.01,2,HEL1OS,Aditya-L1,N/A,N/A,HEL1OS-L1-PIPELINE
gticdte2.fits,.fits,0.01,2,HEL1OS,Aditya-L1,N/A,N/A,HEL1OS-L1-PIPELINE
gticdte1.fits,.fits,0.01,2,HEL1OS,Aditya-L1,N/A,N/A,HEL1OS-L1-PIPELINE
gticdte2.fits,.fits,0.01,2,HEL1OS,Aditya-L1,N/A,N/A,HEL1OS-L1-PIPELINE
gticdte1.fits,.fits,0.01,2,HEL1OS,Aditya-L1,N/A,N/A,HEL1OS-L1-PIPELINE
gticdte2.fits,.fits,0.01,2,HEL1OS,Aditya-L1,N/A,N/A,HEL1OS-L1-PIPELINE
gticdte1.fits,.fits,0.01,2,HEL1OS,Aditya-L1,N/A,N/A,HEL1OS-L1-PIPELINE
gticdte2.fits,.fits,0.01,2,HEL1OS,Aditya-L1,N/A,N/A,HEL1OS-L1-PIPELINE
gticdte1.fits,.fits,0.01,2,HEL1OS,Aditya-L1,N/A,N/A,HEL1OS-L1-PIPELINE
gticdte2.fits,.fits,0.01,2,HEL1OS,Aditya-L1,N/A,N/A,HEL1OS-L1-PIPELINE
gticdte1.fits,.fits,0.01,2,HEL1OS,Aditya-L1,N/A,N/A,HEL1OS-L1-PIPELINE
gticdte2.fits,.fits,0.01,2,HEL1OS,Aditya-L1,N/A,N/A,HEL1OS-L1-PIPELINE
gticdte1.fits,.fits,0.01,2,HEL1OS,Aditya-L1,N/A,N/A,HEL1OS-L1-PIPELINE
gticdte2.fits,.fits,0.01,2,HEL1OS,Aditya-L1,N/A,N/A,HEL1OS-L1-PIPELINE
gticdte1.fits,.fits,0.01,2,HEL1OS,Aditya-L1,N/A,N/A,HEL1OS-L1-PIPELINE
gticdte2.fits,.fits,0.01,2,HEL1OS,Aditya-L1,N/A,N/A,HEL1OS-L1-PIPELINE
gticdte1.fits,.fits,0.01,2,HEL1OS,Aditya-L1,N/A,N/A,HEL1OS-L1-PIPELINE
hel1os_czt_spectra_czt1.fits,.fits,3.63,2,HEL1OS,Aditya-L1,N/A,N/A,HEL1OS-L1-PIPELINE
hel1os_czt_spectra_czt2.fits,.fits,3.63,2,HEL1OS,Aditya-L1,N/A,N/A,HEL1OS-L1-PIPELINE
lightcurve_czt1.fits,.fits,2.87,6,HEL1OS,Aditya-L1,N/A,N/A,HEL1OS-L1-PIPELINE
lightcurve_czt2.fits,.fits,2.87,6,HEL1OS,Aditya-L1,N/A,N/A,HEL1OS-L1-PIPELINE
hel1os_cdte_spectra_cdte1.fits,.fits,5.42,2,HEL1OS,Aditya-L1,N/A,N/A,HEL1OS-L1-PIPELINE
lightcurve_cdte2.fits,.fits,2.87,6,HEL1OS,Aditya-L1,N/A,N/A,HEL1OS-L1-PIPELINE
lightcurve_cdte1.fits,.fits,2.87,6,HEL1OS,Aditya-L1,N/A,N/A,HEL1OS-L1-PIPELINE
hel1os_cdte_spectra_cdte2.fits,.fits,5.42,2,HEL1OS,Aditya-L1,N/A,N/A,HEL1OS-L1-PIPELINE
evt.fits,.fits,27.26,5,HEL1OS,Aditya-L1,N/A,N/A,HEL1OS-L1-PIPELINE
gticzt1.fits,.fits,0.01,2,HEL1OS,Aditya-L1,N/A,N/A,HEL1OS-L1-PIPELINE
hk.fits,.fits,0.61,2,HEL1OS,Aditya-L1,N/A,N/A,HEL1OS-L1-PIPELINE
gticdte2.fits,.fits,0.01,2,HEL1OS,Aditya-L1,N/A,N/A,HEL1OS-L1-PIPELINE
gticzt2.fits,.fits,0.01,2,HEL1OS,Aditya-L1,N/A,N/A,HEL1OS-L1-PIPELINE
gticdte1.fits,.fits,0.01,2,HEL1OS,Aditya-L1,N/A,N/A,HEL1OS-L1-PIPELINE
gticdte2.fits,.fits,0.01,2,HEL1OS,Aditya-L1,N/A,N/A,HEL1OS-L1-PIPELINE
gticdte1.fits,.fits,0.01,2,HEL1OS,Aditya-L1,N/A,N/A,HEL1OS-L1-PIPELINE
gticdte2.fits,.fits,0.01,2,HEL1OS,Aditya-L1,N/A,N/A,HEL1OS-L1-PIPELINE
gticdte1.fits,.fits,0.01,2,HEL1OS,Aditya-L1,N/A,N/A,HEL1OS-L1-PIPELINE
gticdte2.fits,.fits,0.01,2,HEL1OS,Aditya-L1,N/A,N/A,HEL1OS-L1-PIPELINE
gticdte1.fits,.fits,0.01,2,HEL1OS,Aditya-L1,N/A,N/A,HEL1OS-L1-PIPELINE
gticdte2.fits,.fits,0.01,2,HEL1OS,Aditya-L1,N/A,N/A,HEL1OS-L1-PIPELINE
gticdte1.fits,.fits,0.01,2,HEL1OS,Aditya-L1,N/A,N/A,HEL1OS-L1-PIPELINE
gticdte2.fits,.fits,0.01,2,HEL1OS,Aditya-L1,N/A,N/A,HEL1OS-L1-PIPELINE
gticdte1.fits,.fits,0.01,2,HEL1OS,Aditya-L1,N/A,N/A,HEL1OS-L1-PIPELINE
gticdte2.fits,.fits,0.01,2,HEL1OS,Aditya-L1,N/A,N/A,HEL1OS-L1-PIPELINE
gticdte1.fits,.fits,0.01,2,HEL1OS,Aditya-L1,N/A,N/A,HEL1OS-L1-PIPELINE
gticdte2.fits,.fits,0.01,2,HEL1OS,Aditya-L1,N/A,N/A,HEL1OS-L1-PIPELINE
gticdte1.fits,.fits,0.01,2,HEL1OS,Aditya-L1,N/A,N/A,HEL1OS-L1-PIPELINE
hel1os_czt_spectra_czt1.fits,.fits,3.63,2,HEL1OS,Aditya-L1,N/A,N/A,HEL1OS-L1-PIPELINE
hel1os_czt_spectra_czt2.fits,.fits,3.63,2,HEL1OS,Aditya-L1,N/A,N/A,HEL1OS-L1-PIPELINE
lightcurve_czt1.fits,.fits,2.87,6,HEL1OS,Aditya-L1,N/A,N/A,HEL1OS-L1-PIPELINE
lightcurve_czt2.fits,.fits,2.87,6,HEL1OS,Aditya-L1,N/A,N/A,HEL1OS-L1-PIPELINE
hel1os_cdte_spectra_cdte1.fits,.fits,5.42,2,HEL1OS,Aditya-L1,N/A,N/A,HEL1OS-L1-PIPELINE
lightcurve_cdte2.fits,.fits,2.87,6,HEL1OS,Aditya-L1,N/A,N/A,HEL1OS-L1-PIPELINE
lightcurve_cdte1.fits,.fits,2.87,6,HEL1OS,Aditya-L1,N/A,N/A,HEL1OS-L1-PIPELINE
hel1os_cdte_spectra_cdte2.fits,.fits,5.42,2,HEL1OS,Aditya-L1,N/A,N/A,HEL1OS-L1-PIPELINE
evt.fits,.fits,27.26,5,HEL1OS,Aditya-L1,N/A,N/A,HEL1OS-L1-PIPELINE
gticzt1.fits,.fits,0.01,2,HEL1OS,Aditya-L1,N/A,N/A,HEL1OS-L1-PIPELINE
hk.fits,.fits,0.61,2,HEL1OS,Aditya-L1,N/A,N/A,HEL1OS-L1-PIPELINE
gticdte2.fits,.fits,0.01,2,HEL1OS,Aditya-L1,N/A,N/A,HEL1OS-L1-PIPELINE
gticzt2.fits,.fits,0.01,2,HEL1OS,Aditya-L1,N/A,N/A,HEL1OS-L1-PIPELINE
gticdte1.fits,.fits,0.01,2,HEL1OS,Aditya-L1,N/A,N/A,HEL1OS-L1-PIPELINE
gticdte2.fits,.fits,0.01,2,HEL1OS,Aditya-L1,N/A,N/A,HEL1OS-L1-PIPELINE
gticdte1.fits,.fits,0.01,2,HEL1OS,Aditya-L1,N/A,N/A,HEL1OS-L1-PIPELINE
hel1os_czt_spectra_czt1.fits,.fits,1.55,2,HEL1OS,Aditya-L1,N/A,N/A,HEL1OS-L1-PIPELINE
hel1os_czt_spectra_czt2.fits,.fits,1.44,2,HEL1OS,Aditya-L1,N/A,N/A,HEL1OS-L1-PIPELINE
lightcurve_czt1.fits,.fits,1.24,6,HEL1OS,Aditya-L1,N/A,N/A,HEL1OS-L1-PIPELINE
lightcurve_czt2.fits,.fits,1.16,6,HEL1OS,Aditya-L1,N/A,N/A,HEL1OS-L1-PIPELINE
hel1os_cdte_spectra_cdte1.fits,.fits,2.31,2,HEL1OS,Aditya-L1,N/A,N/A,HEL1OS-L1-PIPELINE
lightcurve_cdte2.fits,.fits,1.24,6,HEL1OS,Aditya-L1,N/A,N/A,HEL1OS-L1-PIPELINE
lightcurve_cdte1.fits,.fits,1.21,6,HEL1OS,Aditya-L1,N/A,N/A,HEL1OS-L1-PIPELINE
hel1os_cdte_spectra_cdte2.fits,.fits,2.31,2,HEL1OS,Aditya-L1,N/A,N/A,HEL1OS-L1-PIPELINE
evt.fits,.fits,22.48,5,HEL1OS,Aditya-L1,N/A,N/A,HEL1OS-L1-PIPELINE
gticzt1.fits,.fits,0.01,2,HEL1OS,Aditya-L1,N/A,N/A,HEL1OS-L1-PIPELINE
hk.fits,.fits,0.34,2,HEL1OS,Aditya-L1,N/A,N/A,HEL1OS-L1-PIPELINE
gticdte2.fits,.fits,0.01,2,HEL1OS,Aditya-L1,N/A,N/A,HEL1OS-L1-PIPELINE
gticzt2.fits,.fits,0.01,2,HEL1OS,Aditya-L1,N/A,N/A,HEL1OS-L1-PIPELINE
gticdte1.fits,.fits,0.01,2,HEL1OS,Aditya-L1,N/A,N/A,HEL1OS-L1-PIPELINE
hel1os_czt_spectra_czt1.fits,.fits,12.39,2,HEL1OS,Aditya-L1,N/A,N/A,HEL1OS-L1-PIPELINE
hel1os_czt_spectra_czt2.fits,.fits,12.6,2,HEL1OS,Aditya-L1,N/A,N/A,HEL1OS-L1-PIPELINE
lightcurve_czt1.fits,.fits,9.78,6,HEL1OS,Aditya-L1,N/A,N/A,HEL1OS-L1-PIPELINE
lightcurve_czt2.fits,.fits,9.95,6,HEL1OS,Aditya-L1,N/A,N/A,HEL1OS-L1-PIPELINE
hel1os_cdte_spectra_cdte1.fits,.fits,18.84,2,HEL1OS,Aditya-L1,N/A,N/A,HEL1OS-L1-PIPELINE
lightcurve_cdte2.fits,.fits,9.93,6,HEL1OS,Aditya-L1,N/A,N/A,HEL1OS-L1-PIPELINE
lightcurve_cdte1.fits,.fits,9.93,6,HEL1OS,Aditya-L1,N/A,N/A,HEL1OS-L1-PIPELINE
hel1os_cdte_spectra_cdte2.fits,.fits,18.83,2,HEL1OS,Aditya-L1,N/A,N/A,HEL1OS-L1-PIPELINE
evt.fits,.fits,108.07,5,HEL1OS,Aditya-L1,N/A,N/A,HEL1OS-L1-PIPELINE
gticzt1.fits,.fits,0.01,2,HEL1OS,Aditya-L1,N/A,N/A,HEL1OS-L1-PIPELINE
hk.fits,.fits,2.18,2,HEL1OS,Aditya-L1,N/A,N/A,HEL1OS-L1-PIPELINE
gticdte2.fits,.fits,0.01,2,HEL1OS,Aditya-L1,N/A,N/A,HEL1OS-L1-PIPELINE
gticzt2.fits,.fits,0.01,2,HEL1OS,Aditya-L1,N/A,N/A,HEL1OS-L1-PIPELINE
gticdte1.fits,.fits,0.01,2,HEL1OS,Aditya-L1,N/A,N/A,HEL1OS-L1-PIPELINE
hel1os_czt_spectra_czt1.fits,.fits,12.55,2,HEL1OS,Aditya-L1,N/A,N/A,HEL1OS-L1-PIPELINE
hel1os_czt_spectra_czt2.fits,.fits,12.55,2,HEL1OS,Aditya-L1,N/A,N/A,HEL1OS-L1-PIPELINE
lightcurve_czt1.fits,.fits,9.9,6,HEL1OS,Aditya-L1,N/A,N/A,HEL1OS-L1-PIPELINE
lightcurve_czt2.fits,.fits,9.9,6,HEL1OS,Aditya-L1,N/A,N/A,HEL1OS-L1-PIPELINE
hel1os_cdte_spectra_cdte1.fits,.fits,18.77,2,HEL1OS,Aditya-L1,N/A,N/A,HEL1OS-L1-PIPELINE
lightcurve_cdte2.fits,.fits,9.9,6,HEL1OS,Aditya-L1,N/A,N/A,HEL1OS-L1-PIPELINE
lightcurve_cdte1.fits,.fits,9.88,6,HEL1OS,Aditya-L1,N/A,N/A,HEL1OS-L1-PIPELINE
hel1os_cdte_spectra_cdte2.fits,.fits,18.77,2,HEL1OS,Aditya-L1,N/A,N/A,HEL1OS-L1-PIPELINE
evt.fits,.fits,108.79,5,HEL1OS,Aditya-L1,N/A,N/A,HEL1OS-L1-PIPELINE
gticzt1.fits,.fits,0.01,2,HEL1OS,Aditya-L1,N/A,N/A,HEL1OS-L1-PIPELINE
hk.fits,.fits,2.13,2,HEL1OS,Aditya-L1,N/A,N/A,HEL1OS-L1-PIPELINE
gticdte2.fits,.fits,0.01,2,HEL1OS,Aditya-L1,N/A,N/A,HEL1OS-L1-PIPELINE
gticzt2.fits,.fits,0.01,2,HEL1OS,Aditya-L1,N/A,N/A,HEL1OS-L1-PIPELINE
gticdte1.fits,.fits,0.01,2,HEL1OS,Aditya-L1,N/A,N/A,HEL1OS-L1-PIPELINE
hel1os_czt_spectra_czt1.fits,.fits,11.87,2,HEL1OS,Aditya-L1,N/A,N/A,HEL1OS-L1-PIPELINE
hel1os_czt_spectra_czt2.fits,.fits,11.87,2,HEL1OS,Aditya-L1,N/A,N/A,HEL1OS-L1-PIPELINE
lightcurve_czt1.fits,.fits,9.37,6,HEL1OS,Aditya-L1,N/A,N/A,HEL1OS-L1-PIPELINE
lightcurve_czt2.fits,.fits,9.37,6,HEL1OS,Aditya-L1,N/A,N/A,HEL1OS-L1-PIPELINE
hel1os_cdte_spectra_cdte1.fits,.fits,17.76,2,HEL1OS,Aditya-L1,N/A,N/A,HEL1OS-L1-PIPELINE
lightcurve_cdte2.fits,.fits,9.37,6,HEL1OS,Aditya-L1,N/A,N/A,HEL1OS-L1-PIPELINE
lightcurve_cdte1.fits,.fits,9.34,6,HEL1OS,Aditya-L1,N/A,N/A,HEL1OS-L1-PIPELINE
hel1os_cdte_spectra_cdte2.fits,.fits,17.76,2,HEL1OS,Aditya-L1,N/A,N/A,HEL1OS-L1-PIPELINE
evt.fits,.fits,104.77,5,HEL1OS,Aditya-L1,N/A,N/A,HEL1OS-L1-PIPELINE
gticzt1.fits,.fits,0.01,2,HEL1OS,Aditya-L1,N/A,N/A,HEL1OS-L1-PIPELINE
hk.fits,.fits,2.01,2,HEL1OS,Aditya-L1,N/A,N/A,HEL1OS-L1-PIPELINE
gticdte2.fits,.fits,0.01,2,HEL1OS,Aditya-L1,N/A,N/A,HEL1OS-L1-PIPELINE
gticzt2.fits,.fits,0.01,2,HEL1OS,Aditya-L1,N/A,N/A,HEL1OS-L1-PIPELINE
gticdte1.fits,.fits,0.01,2,HEL1OS,Aditya-L1,N/A,N/A,HEL1OS-L1-PIPELINE
hel1os_czt_spectra_czt1.fits,.fits,12.55,2,HEL1OS,Aditya-L1,N/A,N/A,HEL1OS-L1-PIPELINE
hel1os_czt_spectra_czt2.fits,.fits,12.54,2,HEL1OS,Aditya-L1,N/A,N/A,HEL1OS-L1-PIPELINE
lightcurve_czt1.fits,.fits,9.9,6,HEL1OS,Aditya-L1,N/A,N/A,HEL1OS-L1-PIPELINE
lightcurve_czt2.fits,.fits,9.89,6,HEL1OS,Aditya-L1,N/A,N/A,HEL1OS-L1-PIPELINE
hel1os_cdte_spectra_cdte1.fits,.fits,18.77,2,HEL1OS,Aditya-L1,N/A,N/A,HEL1OS-L1-PIPELINE
lightcurve_cdte2.fits,.fits,9.9,6,HEL1OS,Aditya-L1,N/A,N/A,HEL1OS-L1-PIPELINE
lightcurve_cdte1.fits,.fits,9.9,6,HEL1OS,Aditya-L1,N/A,N/A,HEL1OS-L1-PIPELINE
hel1os_cdte_spectra_cdte2.fits,.fits,18.77,2,HEL1OS,Aditya-L1,N/A,N/A,HEL1OS-L1-PIPELINE
evt.fits,.fits,99.63,5,HEL1OS,Aditya-L1,N/A,N/A,HEL1OS-L1-PIPELINE
gticzt1.fits,.fits,0.01,2,HEL1OS,Aditya-L1,N/A,N/A,HEL1OS-L1-PIPELINE
hk.fits,.fits,2.08,2,HEL1OS,Aditya-L1,N/A,N/A,HEL1OS-L1-PIPELINE
gticdte2.fits,.fits,0.01,2,HEL1OS,Aditya-L1,N/A,N/A,HEL1OS-L1-PIPELINE
gticzt2.fits,.fits,0.01,2,HEL1OS,Aditya-L1,N/A,N/A,HEL1OS-L1-PIPELINE
gticdte1.fits,.fits,0.01,2,HEL1OS,Aditya-L1,N/A,N/A,HEL1OS-L1-PIPELINE
hel1os_czt_spectra_czt1.fits,.fits,12.56,2,HEL1OS,Aditya-L1,N/A,N/A,HEL1OS-L1-PIPELINE
hel1os_czt_spectra_czt2.fits,.fits,12.56,2,HEL1OS,Aditya-L1,N/A,N/A,HEL1OS-L1-PIPELINE
lightcurve_czt1.fits,.fits,9.92,6,HEL1OS,Aditya-L1,N/A,N/A,HEL1OS-L1-PIPELINE
lightcurve_czt2.fits,.fits,9.92,6,HEL1OS,Aditya-L1,N/A,N/A,HEL1OS-L1-PIPELINE
hel1os_cdte_spectra_cdte1.fits,.fits,18.78,2,HEL1OS,Aditya-L1,N/A,N/A,HEL1OS-L1-PIPELINE
lightcurve_cdte2.fits,.fits,9.91,6,HEL1OS,Aditya-L1,N/A,N/A,HEL1OS-L1-PIPELINE
lightcurve_cdte1.fits,.fits,9.9,6,HEL1OS,Aditya-L1,N/A,N/A,HEL1OS-L1-PIPELINE
hel1os_cdte_spectra_cdte2.fits,.fits,18.78,2,HEL1OS,Aditya-L1,N/A,N/A,HEL1OS-L1-PIPELINE
evt.fits,.fits,124.1,5,HEL1OS,Aditya-L1,N/A,N/A,HEL1OS-L1-PIPELINE
gticzt1.fits,.fits,0.01,2,HEL1OS,Aditya-L1,N/A,N/A,HEL1OS-L1-PIPELINE
hk.fits,.fits,2.24,2,HEL1OS,Aditya-L1,N/A,N/A,HEL1OS-L1-PIPELINE
gticdte2.fits,.fits,0.01,2,HEL1OS,Aditya-L1,N/A,N/A,HEL1OS-L1-PIPELINE
gticzt2.fits,.fits,0.01,2,HEL1OS,Aditya-L1,N/A,N/A,HEL1OS-L1-PIPELINE
gticdte1.fits,.fits,0.01,2,HEL1OS,Aditya-L1,N/A,N/A,HEL1OS-L1-PIPELINE
hel1os_czt_spectra_czt1.fits,.fits,8.58,2,HEL1OS,Aditya-L1,N/A,N/A,HEL1OS-L1-PIPELINE
hel1os_czt_spectra_czt2.fits,.fits,8.58,2,HEL1OS,Aditya-L1,N/A,N/A,HEL1OS-L1-PIPELINE
lightcurve_czt1.fits,.fits,6.77,6,HEL1OS,Aditya-L1,N/A,N/A,HEL1OS-L1-PIPELINE
lightcurve_czt2.fits,.fits,6.77,6,HEL1OS,Aditya-L1,N/A,N/A,HEL1OS-L1-PIPELINE
hel1os_cdte_spectra_cdte1.fits,.fits,12.82,2,HEL1OS,Aditya-L1,N/A,N/A,HEL1OS-L1-PIPELINE
lightcurve_cdte2.fits,.fits,6.76,6,HEL1OS,Aditya-L1,N/A,N/A,HEL1OS-L1-PIPELINE
lightcurve_cdte1.fits,.fits,6.75,6,HEL1OS,Aditya-L1,N/A,N/A,HEL1OS-L1-PIPELINE
hel1os_cdte_spectra_cdte2.fits,.fits,12.82,2,HEL1OS,Aditya-L1,N/A,N/A,HEL1OS-L1-PIPELINE
evt.fits,.fits,80.66,5,HEL1OS,Aditya-L1,N/A,N/A,HEL1OS-L1-PIPELINE
gticzt1.fits,.fits,0.01,2,HEL1OS,Aditya-L1,N/A,N/A,HEL1OS-L1-PIPELINE
hk.fits,.fits,1.49,2,HEL1OS,Aditya-L1,N/A,N/A,HEL1OS-L1-PIPELINE
gticdte2.fits,.fits,0.01,2,HEL1OS,Aditya-L1,N/A,N/A,HEL1OS-L1-PIPELINE
gticzt2.fits,.fits,0.01,2,HEL1OS,Aditya-L1,N/A,N/A,HEL1OS-L1-PIPELINE
gticdte1.fits,.fits,0.01,2,HEL1OS,Aditya-L1,N/A,N/A,HEL1OS-L1-PIPELINE
hel1os_czt_spectra_czt1.fits,.fits,1.52,2,HEL1OS,Aditya-L1,N/A,N/A,HEL1OS-L1-PIPELINE
hel1os_czt_spectra_czt2.fits,.fits,1.41,2,HEL1OS,Aditya-L1,N/A,N/A,HEL1OS-L1-PIPELINE
lightcurve_czt1.fits,.fits,1.22,6,HEL1OS,Aditya-L1,N/A,N/A,HEL1OS-L1-PIPELINE
lightcurve_czt2.fits,.fits,1.14,6,HEL1OS,Aditya-L1,N/A,N/A,HEL1OS-L1-PIPELINE
hel1os_cdte_spectra_cdte1.fits,.fits,2.27,2,HEL1OS,Aditya-L1,N/A,N/A,HEL1OS-L1-PIPELINE
lightcurve_cdte2.fits,.fits,1.22,6,HEL1OS,Aditya-L1,N/A,N/A,HEL1OS-L1-PIPELINE
lightcurve_cdte1.fits,.fits,1.2,6,HEL1OS,Aditya-L1,N/A,N/A,HEL1OS-L1-PIPELINE
hel1os_cdte_spectra_cdte2.fits,.fits,2.27,2,HEL1OS,Aditya-L1,N/A,N/A,HEL1OS-L1-PIPELINE
evt.fits,.fits,13.85,5,HEL1OS,Aditya-L1,N/A,N/A,HEL1OS-L1-PIPELINE
gticzt1.fits,.fits,0.01,2,HEL1OS,Aditya-L1,N/A,N/A,HEL1OS-L1-PIPELINE
hk.fits,.fits,0.27,2,HEL1OS,Aditya-L1,N/A,N/A,HEL1OS-L1-PIPELINE
gticdte2.fits,.fits,0.01,2,HEL1OS,Aditya-L1,N/A,N/A,HEL1OS-L1-PIPELINE
gticzt2.fits,.fits,0.01,2,HEL1OS,Aditya-L1,N/A,N/A,HEL1OS-L1-PIPELINE
gticdte1.fits,.fits,0.01,2,HEL1OS,Aditya-L1,N/A,N/A,HEL1OS-L1-PIPELINE
hel1os_czt_spectra_czt1.fits,.fits,11.85,2,HEL1OS,Aditya-L1,N/A,N/A,HEL1OS-L1-PIPELINE
hel1os_czt_spectra_czt2.fits,.fits,11.85,2,HEL1OS,Aditya-L1,N/A,N/A,HEL1OS-L1-PIPELINE
lightcurve_czt1.fits,.fits,9.35,6,HEL1OS,Aditya-L1,N/A,N/A,HEL1OS-L1-PIPELINE
lightcurve_czt2.fits,.fits,9.35,6,HEL1OS,Aditya-L1,N/A,N/A,HEL1OS-L1-PIPELINE
hel1os_cdte_spectra_cdte1.fits,.fits,17.72,2,HEL1OS,Aditya-L1,N/A,N/A,HEL1OS-L1-PIPELINE
lightcurve_cdte2.fits,.fits,9.35,6,HEL1OS,Aditya-L1,N/A,N/A,HEL1OS-L1-PIPELINE
lightcurve_cdte1.fits,.fits,9.32,6,HEL1OS,Aditya-L1,N/A,N/A,HEL1OS-L1-PIPELINE
hel1os_cdte_spectra_cdte2.fits,.fits,17.73,2,HEL1OS,Aditya-L1,N/A,N/A,HEL1OS-L1-PIPELINE
evt.fits,.fits,104.55,5,HEL1OS,Aditya-L1,N/A,N/A,HEL1OS-L1-PIPELINE
gticzt1.fits,.fits,0.01,2,HEL1OS,Aditya-L1,N/A,N/A,HEL1OS-L1-PIPELINE
hk.fits,.fits,2.0,2,HEL1OS,Aditya-L1,N/A,N/A,HEL1OS-L1-PIPELINE
gticdte2.fits,.fits,0.01,2,HEL1OS,Aditya-L1,N/A,N/A,HEL1OS-L1-PIPELINE
gticzt2.fits,.fits,0.01,2,HEL1OS,Aditya-L1,N/A,N/A,HEL1OS-L1-PIPELINE
gticdte1.fits,.fits,0.01,2,HEL1OS,Aditya-L1,N/A,N/A,HEL1OS-L1-PIPELINE
hel1os_czt_spectra_czt1.fits,.fits,1.55,2,HEL1OS,Aditya-L1,N/A,N/A,HEL1OS-L1-PIPELINE
hel1os_czt_spectra_czt2.fits,.fits,1.55,2,HEL1OS,Aditya-L1,N/A,N/A,HEL1OS-L1-PIPELINE
lightcurve_czt1.fits,.fits,1.25,6,HEL1OS,Aditya-L1,N/A,N/A,HEL1OS-L1-PIPELINE
lightcurve_czt2.fits,.fits,1.25,6,HEL1OS,Aditya-L1,N/A,N/A,HEL1OS-L1-PIPELINE
hel1os_cdte_spectra_cdte1.fits,.fits,2.32,2,HEL1OS,Aditya-L1,N/A,N/A,HEL1OS-L1-PIPELINE
lightcurve_cdte2.fits,.fits,1.25,6,HEL1OS,Aditya-L1,N/A,N/A,HEL1OS-L1-PIPELINE
lightcurve_cdte1.fits,.fits,1.24,6,HEL1OS,Aditya-L1,N/A,N/A,HEL1OS-L1-PIPELINE
hel1os_cdte_spectra_cdte2.fits,.fits,2.32,2,HEL1OS,Aditya-L1,N/A,N/A,HEL1OS-L1-PIPELINE
evt.fits,.fits,11.71,5,HEL1OS,Aditya-L1,N/A,N/A,HEL1OS-L1-PIPELINE
gticzt1.fits,.fits,0.01,2,HEL1OS,Aditya-L1,N/A,N/A,HEL1OS-L1-PIPELINE
hk.fits,.fits,0.27,2,HEL1OS,Aditya-L1,N/A,N/A,HEL1OS-L1-PIPELINE
gticdte2.fits,.fits,0.01,2,HEL1OS,Aditya-L1,N/A,N/A,HEL1OS-L1-PIPELINE
gticzt2.fits,.fits,0.01,2,HEL1OS,Aditya-L1,N/A,N/A,HEL1OS-L1-PIPELINE
gticdte1.fits,.fits,0.01,2,HEL1OS,Aditya-L1,N/A,N/A,HEL1OS-L1-PIPELINE
hel1os_czt_spectra_czt1.fits,.fits,14.12,2,HEL1OS,Aditya-L1,N/A,N/A,HEL1OS-L1-PIPELINE
hel1os_czt_spectra_czt2.fits,.fits,14.12,2,HEL1OS,Aditya-L1,N/A,N/A,HEL1OS-L1-PIPELINE
lightcurve_czt1.fits,.fits,11.14,6,HEL1OS,Aditya-L1,N/A,N/A,HEL1OS-L1-PIPELINE
lightcurve_czt2.fits,.fits,11.14,6,HEL1OS,Aditya-L1,N/A,N/A,HEL1OS-L1-PIPELINE
hel1os_cdte_spectra_cdte1.fits,.fits,21.11,2,HEL1OS,Aditya-L1,N/A,N/A,HEL1OS-L1-PIPELINE
lightcurve_cdte2.fits,.fits,11.13,6,HEL1OS,Aditya-L1,N/A,N/A,HEL1OS-L1-PIPELINE
lightcurve_cdte1.fits,.fits,11.13,6,HEL1OS,Aditya-L1,N/A,N/A,HEL1OS-L1-PIPELINE
hel1os_cdte_spectra_cdte2.fits,.fits,21.11,2,HEL1OS,Aditya-L1,N/A,N/A,HEL1OS-L1-PIPELINE
evt.fits,.fits,190.67,5,HEL1OS,Aditya-L1,N/A,N/A,HEL1OS-L1-PIPELINE
gticzt1.fits,.fits,0.01,2,HEL1OS,Aditya-L1,N/A,N/A,HEL1OS-L1-PIPELINE
hk.fits,.fits,2.97,2,HEL1OS,Aditya-L1,N/A,N/A,HEL1OS-L1-PIPELINE
gticdte2.fits,.fits,0.01,2,HEL1OS,Aditya-L1,N/A,N/A,HEL1OS-L1-PIPELINE
gticzt2.fits,.fits,0.01,2,HEL1OS,Aditya-L1,N/A,N/A,HEL1OS-L1-PIPELINE
gticdte1.fits,.fits,0.01,2,HEL1OS,Aditya-L1,N/A,N/A,HEL1OS-L1-PIPELINE
hel1os_czt_spectra_czt1.fits,.fits,12.56,2,HEL1OS,Aditya-L1,N/A,N/A,HEL1OS-L1-PIPELINE
hel1os_czt_spectra_czt2.fits,.fits,12.56,2,HEL1OS,Aditya-L1,N/A,N/A,HEL1OS-L1-PIPELINE
lightcurve_czt1.fits,.fits,9.92,6,HEL1OS,Aditya-L1,N/A,N/A,HEL1OS-L1-PIPELINE
lightcurve_czt2.fits,.fits,9.92,6,HEL1OS,Aditya-L1,N/A,N/A,HEL1OS-L1-PIPELINE
hel1os_cdte_spectra_cdte1.fits,.fits,18.77,2,HEL1OS,Aditya-L1,N/A,N/A,HEL1OS-L1-PIPELINE
lightcurve_cdte2.fits,.fits,9.9,6,HEL1OS,Aditya-L1,N/A,N/A,HEL1OS-L1-PIPELINE
lightcurve_cdte1.fits,.fits,9.86,6,HEL1OS,Aditya-L1,N/A,N/A,HEL1OS-L1-PIPELINE
hel1os_cdte_spectra_cdte2.fits,.fits,18.78,2,HEL1OS,Aditya-L1,N/A,N/A,HEL1OS-L1-PIPELINE
evt.fits,.fits,93.87,5,HEL1OS,Aditya-L1,N/A,N/A,HEL1OS-L1-PIPELINE
gticzt1.fits,.fits,0.01,2,HEL1OS,Aditya-L1,N/A,N/A,HEL1OS-L1-PIPELINE
hk.fits,.fits,2.07,2,HEL1OS,Aditya-L1,N/A,N/A,HEL1OS-L1-PIPELINE
gticdte2.fits,.fits,0.01,2,HEL1OS,Aditya-L1,N/A,N/A,HEL1OS-L1-PIPELINE
gticzt2.fits,.fits,0.01,2,HEL1OS,Aditya-L1,N/A,N/A,HEL1OS-L1-PIPELINE
gticdte1.fits,.fits,0.01,2,HEL1OS,Aditya-L1,N/A,N/A,HEL1OS-L1-PIPELINE
hel1os_czt_spectra_czt1.fits,.fits,14.12,2,HEL1OS,Aditya-L1,N/A,N/A,HEL1OS-L1-PIPELINE
hel1os_czt_spectra_czt2.fits,.fits,14.12,2,HEL1OS,Aditya-L1,N/A,N/A,HEL1OS-L1-PIPELINE
lightcurve_czt1.fits,.fits,11.14,6,HEL1OS,Aditya-L1,N/A,N/A,HEL1OS-L1-PIPELINE
lightcurve_czt2.fits,.fits,11.14,6,HEL1OS,Aditya-L1,N/A,N/A,HEL1OS-L1-PIPELINE
hel1os_cdte_spectra_cdte1.fits,.fits,21.11,2,HEL1OS,Aditya-L1,N/A,N/A,HEL1OS-L1-PIPELINE
lightcurve_cdte2.fits,.fits,11.13,6,HEL1OS,Aditya-L1,N/A,N/A,HEL1OS-L1-PIPELINE
lightcurve_cdte1.fits,.fits,11.13,6,HEL1OS,Aditya-L1,N/A,N/A,HEL1OS-L1-PIPELINE
hel1os_cdte_spectra_cdte2.fits,.fits,21.11,2,HEL1OS,Aditya-L1,N/A,N/A,HEL1OS-L1-PIPELINE
evt.fits,.fits,112.71,5,HEL1OS,Aditya-L1,N/A,N/A,HEL1OS-L1-PIPELINE
gticzt1.fits,.fits,0.01,2,HEL1OS,Aditya-L1,N/A,N/A,HEL1OS-L1-PIPELINE
hk.fits,.fits,2.34,2,HEL1OS,Aditya-L1,N/A,N/A,HEL1OS-L1-PIPELINE
gticdte2.fits,.fits,0.01,2,HEL1OS,Aditya-L1,N/A,N/A,HEL1OS-L1-PIPELINE
gticzt2.fits,.fits,0.01,2,HEL1OS,Aditya-L1,N/A,N/A,HEL1OS-L1-PIPELINE
gticdte1.fits,.fits,0.01,2,HEL1OS,Aditya-L1,N/A,N/A,HEL1OS-L1-PIPELINE
hel1os_czt_spectra_czt1.fits,.fits,2.25,2,HEL1OS,Aditya-L1,N/A,N/A,HEL1OS-L1-PIPELINE
hel1os_czt_spectra_czt2.fits,.fits,2.06,2,HEL1OS,Aditya-L1,N/A,N/A,HEL1OS-L1-PIPELINE
lightcurve_czt1.fits,.fits,1.79,6,HEL1OS,Aditya-L1,N/A,N/A,HEL1OS-L1-PIPELINE
lightcurve_czt2.fits,.fits,1.65,6,HEL1OS,Aditya-L1,N/A,N/A,HEL1OS-L1-PIPELINE
hel1os_cdte_spectra_cdte1.fits,.fits,3.36,2,HEL1OS,Aditya-L1,N/A,N/A,HEL1OS-L1-PIPELINE
lightcurve_cdte2.fits,.fits,1.79,6,HEL1OS,Aditya-L1,N/A,N/A,HEL1OS-L1-PIPELINE
lightcurve_cdte1.fits,.fits,1.76,6,HEL1OS,Aditya-L1,N/A,N/A,HEL1OS-L1-PIPELINE
hel1os_cdte_spectra_cdte2.fits,.fits,3.36,2,HEL1OS,Aditya-L1,N/A,N/A,HEL1OS-L1-PIPELINE
evt.fits,.fits,152.36,5,HEL1OS,Aditya-L1,N/A,N/A,HEL1OS-L1-PIPELINE
gticzt1.fits,.fits,0.01,2,HEL1OS,Aditya-L1,N/A,N/A,HEL1OS-L1-PIPELINE
hk.fits,.fits,1.46,2,HEL1OS,Aditya-L1,N/A,N/A,HEL1OS-L1-PIPELINE
gticdte2.fits,.fits,0.01,2,HEL1OS,Aditya-L1,N/A,N/A,HEL1OS-L1-PIPELINE
gticzt2.fits,.fits,0.01,2,HEL1OS,Aditya-L1,N/A,N/A,HEL1OS-L1-PIPELINE
gticdte1.fits,.fits,0.01,2,HEL1OS,Aditya-L1,N/A,N/A,HEL1OS-L1-PIPELINE
hel1os_czt_spectra_czt1.fits,.fits,2.26,2,HEL1OS,Aditya-L1,N/A,N/A,HEL1OS-L1-PIPELINE
hel1os_czt_spectra_czt2.fits,.fits,2.08,2,HEL1OS,Aditya-L1,N/A,N/A,HEL1OS-L1-PIPELINE
lightcurve_czt1.fits,.fits,1.8,6,HEL1OS,Aditya-L1,N/A,N/A,HEL1OS-L1-PIPELINE
lightcurve_czt2.fits,.fits,1.66,6,HEL1OS,Aditya-L1,N/A,N/A,HEL1OS-L1-PIPELINE
hel1os_cdte_spectra_cdte1.fits,.fits,3.38,2,HEL1OS,Aditya-L1,N/A,N/A,HEL1OS-L1-PIPELINE
lightcurve_cdte2.fits,.fits,1.8,6,HEL1OS,Aditya-L1,N/A,N/A,HEL1OS-L1-PIPELINE
lightcurve_cdte1.fits,.fits,1.8,6,HEL1OS,Aditya-L1,N/A,N/A,HEL1OS-L1-PIPELINE
hel1os_cdte_spectra_cdte2.fits,.fits,3.38,2,HEL1OS,Aditya-L1,N/A,N/A,HEL1OS-L1-PIPELINE
evt.fits,.fits,152.55,5,HEL1OS,Aditya-L1,N/A,N/A,HEL1OS-L1-PIPELINE
gticzt1.fits,.fits,0.01,2,HEL1OS,Aditya-L1,N/A,N/A,HEL1OS-L1-PIPELINE
hk.fits,.fits,1.46,2,HEL1OS,Aditya-L1,N/A,N/A,HEL1OS-L1-PIPELINE
gticdte2.fits,.fits,0.01,2,HEL1OS,Aditya-L1,N/A,N/A,HEL1OS-L1-PIPELINE
gticzt2.fits,.fits,0.01,2,HEL1OS,Aditya-L1,N/A,N/A,HEL1OS-L1-PIPELINE
gticdte1.fits,.fits,0.01,2,HEL1OS,Aditya-L1,N/A,N/A,HEL1OS-L1-PIPELINE
hel1os_czt_spectra_czt1.fits,.fits,1.63,2,HEL1OS,Aditya-L1,N/A,N/A,HEL1OS-L1-PIPELINE
hel1os_czt_spectra_czt2.fits,.fits,1.74,2,HEL1OS,Aditya-L1,N/A,N/A,HEL1OS-L1-PIPELINE
lightcurve_czt1.fits,.fits,1.31,6,HEL1OS,Aditya-L1,N/A,N/A,HEL1OS-L1-PIPELINE
lightcurve_czt2.fits,.fits,1.39,6,HEL1OS,Aditya-L1,N/A,N/A,HEL1OS-L1-PIPELINE
hel1os_cdte_spectra_cdte1.fits,.fits,2.6,2,HEL1OS,Aditya-L1,N/A,N/A,HEL1OS-L1-PIPELINE
lightcurve_cdte2.fits,.fits,1.38,6,HEL1OS,Aditya-L1,N/A,N/A,HEL1OS-L1-PIPELINE
lightcurve_cdte1.fits,.fits,1.37,6,HEL1OS,Aditya-L1,N/A,N/A,HEL1OS-L1-PIPELINE
hel1os_cdte_spectra_cdte2.fits,.fits,2.6,2,HEL1OS,Aditya-L1,N/A,N/A,HEL1OS-L1-PIPELINE
evt.fits,.fits,28.02,5,HEL1OS,Aditya-L1,N/A,N/A,HEL1OS-L1-PIPELINE
gticzt1.fits,.fits,0.01,2,HEL1OS,Aditya-L1,N/A,N/A,HEL1OS-L1-PIPELINE
hk.fits,.fits,0.38,2,HEL1OS,Aditya-L1,N/A,N/A,HEL1OS-L1-PIPELINE
gticdte2.fits,.fits,0.01,2,HEL1OS,Aditya-L1,N/A,N/A,HEL1OS-L1-PIPELINE
gticzt2.fits,.fits,0.01,2,HEL1OS,Aditya-L1,N/A,N/A,HEL1OS-L1-PIPELINE
gticdte1.fits,.fits,0.01,2,HEL1OS,Aditya-L1,N/A,N/A,HEL1OS-L1-PIPELINE
hel1os_czt_spectra_czt1.fits,.fits,14.09,2,HEL1OS,Aditya-L1,N/A,N/A,HEL1OS-L1-PIPELINE
hel1os_czt_spectra_czt2.fits,.fits,14.12,2,HEL1OS,Aditya-L1,N/A,N/A,HEL1OS-L1-PIPELINE
lightcurve_czt1.fits,.fits,11.11,6,HEL1OS,Aditya-L1,N/A,N/A,HEL1OS-L1-PIPELINE
lightcurve_czt2.fits,.fits,11.14,6,HEL1OS,Aditya-L1,N/A,N/A,HEL1OS-L1-PIPELINE
hel1os_cdte_spectra_cdte1.fits,.fits,21.11,2,HEL1OS,Aditya-L1,N/A,N/A,HEL1OS-L1-PIPELINE
lightcurve_cdte2.fits,.fits,11.13,6,HEL1OS,Aditya-L1,N/A,N/A,HEL1OS-L1-PIPELINE
lightcurve_cdte1.fits,.fits,11.12,6,HEL1OS,Aditya-L1,N/A,N/A,HEL1OS-L1-PIPELINE
hel1os_cdte_spectra_cdte2.fits,.fits,21.11,2,HEL1OS,Aditya-L1,N/A,N/A,HEL1OS-L1-PIPELINE
evt.fits,.fits,118.23,5,HEL1OS,Aditya-L1,N/A,N/A,HEL1OS-L1-PIPELINE
gticzt1.fits,.fits,0.01,2,HEL1OS,Aditya-L1,N/A,N/A,HEL1OS-L1-PIPELINE
hk.fits,.fits,2.36,2,HEL1OS,Aditya-L1,N/A,N/A,HEL1OS-L1-PIPELINE
gticdte2.fits,.fits,0.01,2,HEL1OS,Aditya-L1,N/A,N/A,HEL1OS-L1-PIPELINE
gticzt2.fits,.fits,0.01,2,HEL1OS,Aditya-L1,N/A,N/A,HEL1OS-L1-PIPELINE
gticdte1.fits,.fits,0.01,2,HEL1OS,Aditya-L1,N/A,N/A,HEL1OS-L1-PIPELINE
hel1os_czt_spectra_czt1.fits,.fits,12.59,2,HEL1OS,Aditya-L1,N/A,N/A,HEL1OS-L1-PIPELINE
hel1os_czt_spectra_czt2.fits,.fits,12.59,2,HEL1OS,Aditya-L1,N/A,N/A,HEL1OS-L1-PIPELINE
lightcurve_czt1.fits,.fits,9.95,6,HEL1OS,Aditya-L1,N/A,N/A,HEL1OS-L1-PIPELINE
lightcurve_czt2.fits,.fits,9.95,6,HEL1OS,Aditya-L1,N/A,N/A,HEL1OS-L1-PIPELINE
hel1os_cdte_spectra_cdte1.fits,.fits,18.82,2,HEL1OS,Aditya-L1,N/A,N/A,HEL1OS-L1-PIPELINE
lightcurve_cdte2.fits,.fits,9.93,6,HEL1OS,Aditya-L1,N/A,N/A,HEL1OS-L1-PIPELINE
lightcurve_cdte1.fits,.fits,9.91,6,HEL1OS,Aditya-L1,N/A,N/A,HEL1OS-L1-PIPELINE
hel1os_cdte_spectra_cdte2.fits,.fits,18.83,2,HEL1OS,Aditya-L1,N/A,N/A,HEL1OS-L1-PIPELINE
evt.fits,.fits,107.27,5,HEL1OS,Aditya-L1,N/A,N/A,HEL1OS-L1-PIPELINE
gticzt1.fits,.fits,0.01,2,HEL1OS,Aditya-L1,N/A,N/A,HEL1OS-L1-PIPELINE
hk.fits,.fits,2.14,2,HEL1OS,Aditya-L1,N/A,N/A,HEL1OS-L1-PIPELINE
gticdte2.fits,.fits,0.01,2,HEL1OS,Aditya-L1,N/A,N/A,HEL1OS-L1-PIPELINE
gticzt2.fits,.fits,0.01,2,HEL1OS,Aditya-L1,N/A,N/A,HEL1OS-L1-PIPELINE
gticdte1.fits,.fits,0.01,2,HEL1OS,Aditya-L1,N/A,N/A,HEL1OS-L1-PIPELINE
hel1os_czt_spectra_czt1.fits,.fits,12.54,2,HEL1OS,Aditya-L1,N/A,N/A,HEL1OS-L1-PIPELINE
hel1os_czt_spectra_czt2.fits,.fits,12.54,2,HEL1OS,Aditya-L1,N/A,N/A,HEL1OS-L1-PIPELINE
lightcurve_czt1.fits,.fits,9.89,6,HEL1OS,Aditya-L1,N/A,N/A,HEL1OS-L1-PIPELINE
lightcurve_czt2.fits,.fits,9.89,6,HEL1OS,Aditya-L1,N/A,N/A,HEL1OS-L1-PIPELINE
hel1os_cdte_spectra_cdte1.fits,.fits,18.74,2,HEL1OS,Aditya-L1,N/A,N/A,HEL1OS-L1-PIPELINE
lightcurve_cdte2.fits,.fits,9.88,6,HEL1OS,Aditya-L1,N/A,N/A,HEL1OS-L1-PIPELINE
lightcurve_cdte1.fits,.fits,9.89,6,HEL1OS,Aditya-L1,N/A,N/A,HEL1OS-L1-PIPELINE
hel1os_cdte_spectra_cdte2.fits,.fits,18.74,2,HEL1OS,Aditya-L1,N/A,N/A,HEL1OS-L1-PIPELINE
evt.fits,.fits,127.56,5,HEL1OS,Aditya-L1,N/A,N/A,HEL1OS-L1-PIPELINE
gticzt1.fits,.fits,0.01,2,HEL1OS,Aditya-L1,N/A,N/A,HEL1OS-L1-PIPELINE
hk.fits,.fits,2.24,2,HEL1OS,Aditya-L1,N/A,N/A,HEL1OS-L1-PIPELINE
gticdte2.fits,.fits,0.01,2,HEL1OS,Aditya-L1,N/A,N/A,HEL1OS-L1-PIPELINE
gticzt2.fits,.fits,0.01,2,HEL1OS,Aditya-L1,N/A,N/A,HEL1OS-L1-PIPELINE
gticdte1.fits,.fits,0.01,2,HEL1OS,Aditya-L1,N/A,N/A,HEL1OS-L1-PIPELINE
hel1os_czt_spectra_czt1.fits,.fits,14.12,2,HEL1OS,Aditya-L1,N/A,N/A,HEL1OS-L1-PIPELINE
hel1os_czt_spectra_czt2.fits,.fits,13.94,2,HEL1OS,Aditya-L1,N/A,N/A,HEL1OS-L1-PIPELINE
lightcurve_czt1.fits,.fits,11.14,6,HEL1OS,Aditya-L1,N/A,N/A,HEL1OS-L1-PIPELINE
lightcurve_czt2.fits,.fits,11.0,6,HEL1OS,Aditya-L1,N/A,N/A,HEL1OS-L1-PIPELINE
hel1os_cdte_spectra_cdte1.fits,.fits,21.11,2,HEL1OS,Aditya-L1,N/A,N/A,HEL1OS-L1-PIPELINE
lightcurve_cdte2.fits,.fits,11.14,6,HEL1OS,Aditya-L1,N/A,N/A,HEL1OS-L1-PIPELINE
lightcurve_cdte1.fits,.fits,11.12,6,HEL1OS,Aditya-L1,N/A,N/A,HEL1OS-L1-PIPELINE
hel1os_cdte_spectra_cdte2.fits,.fits,21.11,2,HEL1OS,Aditya-L1,N/A,N/A,HEL1OS-L1-PIPELINE
evt.fits,.fits,138.28,5,HEL1OS,Aditya-L1,N/A,N/A,HEL1OS-L1-PIPELINE
gticzt1.fits,.fits,0.01,2,HEL1OS,Aditya-L1,N/A,N/A,HEL1OS-L1-PIPELINE
hk.fits,.fits,2.47,2,HEL1OS,Aditya-L1,N/A,N/A,HEL1OS-L1-PIPELINE
gticdte2.fits,.fits,0.01,2,HEL1OS,Aditya-L1,N/A,N/A,HEL1OS-L1-PIPELINE
gticzt2.fits,.fits,0.01,2,HEL1OS,Aditya-L1,N/A,N/A,HEL1OS-L1-PIPELINE
gticdte1.fits,.fits,0.01,2,HEL1OS,Aditya-L1,N/A,N/A,HEL1OS-L1-PIPELINE
hel1os_czt_spectra_czt1.fits,.fits,14.12,2,HEL1OS,Aditya-L1,N/A,N/A,HEL1OS-L1-PIPELINE
hel1os_czt_spectra_czt2.fits,.fits,13.83,2,HEL1OS,Aditya-L1,N/A,N/A,HEL1OS-L1-PIPELINE
lightcurve_czt1.fits,.fits,11.14,6,HEL1OS,Aditya-L1,N/A,N/A,HEL1OS-L1-PIPELINE
lightcurve_czt2.fits,.fits,10.92,6,HEL1OS,Aditya-L1,N/A,N/A,HEL1OS-L1-PIPELINE
hel1os_cdte_spectra_cdte1.fits,.fits,21.11,2,HEL1OS,Aditya-L1,N/A,N/A,HEL1OS-L1-PIPELINE
lightcurve_cdte2.fits,.fits,11.13,6,HEL1OS,Aditya-L1,N/A,N/A,HEL1OS-L1-PIPELINE
lightcurve_cdte1.fits,.fits,11.13,6,HEL1OS,Aditya-L1,N/A,N/A,HEL1OS-L1-PIPELINE
hel1os_cdte_spectra_cdte2.fits,.fits,21.11,2,HEL1OS,Aditya-L1,N/A,N/A,HEL1OS-L1-PIPELINE
evt.fits,.fits,67.19,5,HEL1OS,Aditya-L1,N/A,N/A,HEL1OS-L1-PIPELINE
gticzt1.fits,.fits,0.01,2,HEL1OS,Aditya-L1,N/A,N/A,HEL1OS-L1-PIPELINE
hk.fits,.fits,2.37,2,HEL1OS,Aditya-L1,N/A,N/A,HEL1OS-L1-PIPELINE
gticdte2.fits,.fits,0.01,2,HEL1OS,Aditya-L1,N/A,N/A,HEL1OS-L1-PIPELINE
gticzt2.fits,.fits,0.01,2,HEL1OS,Aditya-L1,N/A,N/A,HEL1OS-L1-PIPELINE
gticdte1.fits,.fits,0.01,2,HEL1OS,Aditya-L1,N/A,N/A,HEL1OS-L1-PIPELINE
hel1os_czt_spectra_czt1.fits,.fits,1.55,2,HEL1OS,Aditya-L1,N/A,N/A,HEL1OS-L1-PIPELINE
hel1os_czt_spectra_czt2.fits,.fits,1.55,2,HEL1OS,Aditya-L1,N/A,N/A,HEL1OS-L1-PIPELINE
lightcurve_czt1.fits,.fits,1.25,6,HEL1OS,Aditya-L1,N/A,N/A,HEL1OS-L1-PIPELINE
lightcurve_czt2.fits,.fits,1.25,6,HEL1OS,Aditya-L1,N/A,N/A,HEL1OS-L1-PIPELINE
hel1os_cdte_spectra_cdte1.fits,.fits,2.32,2,HEL1OS,Aditya-L1,N/A,N/A,HEL1OS-L1-PIPELINE
lightcurve_cdte2.fits,.fits,1.24,6,HEL1OS,Aditya-L1,N/A,N/A,HEL1OS-L1-PIPELINE
lightcurve_cdte1.fits,.fits,1.24,6,HEL1OS,Aditya-L1,N/A,N/A,HEL1OS-L1-PIPELINE
hel1os_cdte_spectra_cdte2.fits,.fits,2.32,2,HEL1OS,Aditya-L1,N/A,N/A,HEL1OS-L1-PIPELINE
evt.fits,.fits,20.71,5,HEL1OS,Aditya-L1,N/A,N/A,HEL1OS-L1-PIPELINE
gticzt1.fits,.fits,0.01,2,HEL1OS,Aditya-L1,N/A,N/A,HEL1OS-L1-PIPELINE
hk.fits,.fits,0.32,2,HEL1OS,Aditya-L1,N/A,N/A,HEL1OS-L1-PIPELINE
gticdte2.fits,.fits,0.01,2,HEL1OS,Aditya-L1,N/A,N/A,HEL1OS-L1-PIPELINE
gticzt2.fits,.fits,0.01,2,HEL1OS,Aditya-L1,N/A,N/A,HEL1OS-L1-PIPELINE
gticdte1.fits,.fits,0.01,2,HEL1OS,Aditya-L1,N/A,N/A,HEL1OS-L1-PIPELINE
hel1os_czt_spectra_czt1.fits,.fits,1.58,2,HEL1OS,Aditya-L1,N/A,N/A,HEL1OS-L1-PIPELINE
hel1os_czt_spectra_czt2.fits,.fits,1.58,2,HEL1OS,Aditya-L1,N/A,N/A,HEL1OS-L1-PIPELINE
lightcurve_czt1.fits,.fits,1.27,6,HEL1OS,Aditya-L1,N/A,N/A,HEL1OS-L1-PIPELINE
lightcurve_czt2.fits,.fits,1.27,6,HEL1OS,Aditya-L1,N/A,N/A,HEL1OS-L1-PIPELINE
hel1os_cdte_spectra_cdte1.fits,.fits,2.36,2,HEL1OS,Aditya-L1,N/A,N/A,HEL1OS-L1-PIPELINE
lightcurve_cdte2.fits,.fits,1.27,6,HEL1OS,Aditya-L1,N/A,N/A,HEL1OS-L1-PIPELINE
lightcurve_cdte1.fits,.fits,1.25,6,HEL1OS,Aditya-L1,N/A,N/A,HEL1OS-L1-PIPELINE
hel1os_cdte_spectra_cdte2.fits,.fits,2.36,2,HEL1OS,Aditya-L1,N/A,N/A,HEL1OS-L1-PIPELINE
evt.fits,.fits,14.51,5,HEL1OS,Aditya-L1,N/A,N/A,HEL1OS-L1-PIPELINE
gticzt1.fits,.fits,0.01,2,HEL1OS,Aditya-L1,N/A,N/A,HEL1OS-L1-PIPELINE
hk.fits,.fits,0.29,2,HEL1OS,Aditya-L1,N/A,N/A,HEL1OS-L1-PIPELINE
gticdte2.fits,.fits,0.01,2,HEL1OS,Aditya-L1,N/A,N/A,HEL1OS-L1-PIPELINE
gticzt2.fits,.fits,0.01,2,HEL1OS,Aditya-L1,N/A,N/A,HEL1OS-L1-PIPELINE
gticdte1.fits,.fits,0.01,2,HEL1OS,Aditya-L1,N/A,N/A,HEL1OS-L1-PIPELINE
hel1os_czt_spectra_czt1.fits,.fits,14.12,2,HEL1OS,Aditya-L1,N/A,N/A,HEL1OS-L1-PIPELINE
hel1os_czt_spectra_czt2.fits,.fits,14.12,2,HEL1OS,Aditya-L1,N/A,N/A,HEL1OS-L1-PIPELINE
lightcurve_czt1.fits,.fits,11.14,6,HEL1OS,Aditya-L1,N/A,N/A,HEL1OS-L1-PIPELINE
lightcurve_czt2.fits,.fits,11.14,6,HEL1OS,Aditya-L1,N/A,N/A,HEL1OS-L1-PIPELINE
hel1os_cdte_spectra_cdte1.fits,.fits,21.11,2,HEL1OS,Aditya-L1,N/A,N/A,HEL1OS-L1-PIPELINE
lightcurve_cdte2.fits,.fits,11.14,6,HEL1OS,Aditya-L1,N/A,N/A,HEL1OS-L1-PIPELINE
lightcurve_cdte1.fits,.fits,11.13,6,HEL1OS,Aditya-L1,N/A,N/A,HEL1OS-L1-PIPELINE
hel1os_cdte_spectra_cdte2.fits,.fits,21.11,2,HEL1OS,Aditya-L1,N/A,N/A,HEL1OS-L1-PIPELINE
evt.fits,.fits,108.68,5,HEL1OS,Aditya-L1,N/A,N/A,HEL1OS-L1-PIPELINE
gticzt1.fits,.fits,0.01,2,HEL1OS,Aditya-L1,N/A,N/A,HEL1OS-L1-PIPELINE
hk.fits,.fits,2.33,2,HEL1OS,Aditya-L1,N/A,N/A,HEL1OS-L1-PIPELINE
gticdte2.fits,.fits,0.01,2,HEL1OS,Aditya-L1,N/A,N/A,HEL1OS-L1-PIPELINE
gticzt2.fits,.fits,0.01,2,HEL1OS,Aditya-L1,N/A,N/A,HEL1OS-L1-PIPELINE
gticdte1.fits,.fits,0.01,2,HEL1OS,Aditya-L1,N/A,N/A,HEL1OS-L1-PIPELINE
hel1os_czt_spectra_czt1.fits,.fits,12.6,2,HEL1OS,Aditya-L1,N/A,N/A,HEL1OS-L1-PIPELINE
hel1os_czt_spectra_czt2.fits,.fits,12.6,2,HEL1OS,Aditya-L1,N/A,N/A,HEL1OS-L1-PIPELINE
lightcurve_czt1.fits,.fits,9.95,6,HEL1OS,Aditya-L1,N/A,N/A,HEL1OS-L1-PIPELINE
lightcurve_czt2.fits,.fits,9.95,6,HEL1OS,Aditya-L1,N/A,N/A,HEL1OS-L1-PIPELINE
hel1os_cdte_spectra_cdte1.fits,.fits,18.82,2,HEL1OS,Aditya-L1,N/A,N/A,HEL1OS-L1-PIPELINE
lightcurve_cdte2.fits,.fits,9.93,6,HEL1OS,Aditya-L1,N/A,N/A,HEL1OS-L1-PIPELINE
lightcurve_cdte1.fits,.fits,9.91,6,HEL1OS,Aditya-L1,N/A,N/A,HEL1OS-L1-PIPELINE
hel1os_cdte_spectra_cdte2.fits,.fits,18.84,2,HEL1OS,Aditya-L1,N/A,N/A,HEL1OS-L1-PIPELINE
evt.fits,.fits,107.32,5,HEL1OS,Aditya-L1,N/A,N/A,HEL1OS-L1-PIPELINE
gticzt1.fits,.fits,0.01,2,HEL1OS,Aditya-L1,N/A,N/A,HEL1OS-L1-PIPELINE
hk.fits,.fits,2.14,2,HEL1OS,Aditya-L1,N/A,N/A,HEL1OS-L1-PIPELINE
gticdte2.fits,.fits,0.01,2,HEL1OS,Aditya-L1,N/A,N/A,HEL1OS-L1-PIPELINE
gticzt2.fits,.fits,0.01,2,HEL1OS,Aditya-L1,N/A,N/A,HEL1OS-L1-PIPELINE
gticdte1.fits,.fits,0.01,2,HEL1OS,Aditya-L1,N/A,N/A,HEL1OS-L1-PIPELINE
hel1os_czt_spectra_czt1.fits,.fits,12.56,2,HEL1OS,Aditya-L1,N/A,N/A,HEL1OS-L1-PIPELINE
hel1os_czt_spectra_czt2.fits,.fits,12.54,2,HEL1OS,Aditya-L1,N/A,N/A,HEL1OS-L1-PIPELINE
lightcurve_czt1.fits,.fits,9.92,6,HEL1OS,Aditya-L1,N/A,N/A,HEL1OS-L1-PIPELINE
lightcurve_czt2.fits,.fits,9.89,6,HEL1OS,Aditya-L1,N/A,N/A,HEL1OS-L1-PIPELINE
hel1os_cdte_spectra_cdte1.fits,.fits,18.78,2,HEL1OS,Aditya-L1,N/A,N/A,HEL1OS-L1-PIPELINE
lightcurve_cdte2.fits,.fits,9.91,6,HEL1OS,Aditya-L1,N/A,N/A,HEL1OS-L1-PIPELINE
lightcurve_cdte1.fits,.fits,9.9,6,HEL1OS,Aditya-L1,N/A,N/A,HEL1OS-L1-PIPELINE
hel1os_cdte_spectra_cdte2.fits,.fits,18.78,2,HEL1OS,Aditya-L1,N/A,N/A,HEL1OS-L1-PIPELINE
evt.fits,.fits,99.65,5,HEL1OS,Aditya-L1,N/A,N/A,HEL1OS-L1-PIPELINE
gticzt1.fits,.fits,0.01,2,HEL1OS,Aditya-L1,N/A,N/A,HEL1OS-L1-PIPELINE
hk.fits,.fits,2.08,2,HEL1OS,Aditya-L1,N/A,N/A,HEL1OS-L1-PIPELINE
gticdte2.fits,.fits,0.01,2,HEL1OS,Aditya-L1,N/A,N/A,HEL1OS-L1-PIPELINE
gticzt2.fits,.fits,0.01,2,HEL1OS,Aditya-L1,N/A,N/A,HEL1OS-L1-PIPELINE
gticdte1.fits,.fits,0.01,2,HEL1OS,Aditya-L1,N/A,N/A,HEL1OS-L1-PIPELINE
hel1os_czt_spectra_czt1.fits,.fits,12.4,2,HEL1OS,Aditya-L1,N/A,N/A,HEL1OS-L1-PIPELINE
hel1os_czt_spectra_czt2.fits,.fits,12.54,2,HEL1OS,Aditya-L1,N/A,N/A,HEL1OS-L1-PIPELINE
lightcurve_czt1.fits,.fits,9.78,6,HEL1OS,Aditya-L1,N/A,N/A,HEL1OS-L1-PIPELINE
lightcurve_czt2.fits,.fits,9.9,6,HEL1OS,Aditya-L1,N/A,N/A,HEL1OS-L1-PIPELINE
hel1os_cdte_spectra_cdte1.fits,.fits,18.78,2,HEL1OS,Aditya-L1,N/A,N/A,HEL1OS-L1-PIPELINE
lightcurve_cdte2.fits,.fits,9.91,6,HEL1OS,Aditya-L1,N/A,N/A,HEL1OS-L1-PIPELINE
lightcurve_cdte1.fits,.fits,9.9,6,HEL1OS,Aditya-L1,N/A,N/A,HEL1OS-L1-PIPELINE
hel1os_cdte_spectra_cdte2.fits,.fits,18.78,2,HEL1OS,Aditya-L1,N/A,N/A,HEL1OS-L1-PIPELINE
evt.fits,.fits,114.2,5,HEL1OS,Aditya-L1,N/A,N/A,HEL1OS-L1-PIPELINE
gticzt1.fits,.fits,0.01,2,HEL1OS,Aditya-L1,N/A,N/A,HEL1OS-L1-PIPELINE
hk.fits,.fits,2.16,2,HEL1OS,Aditya-L1,N/A,N/A,HEL1OS-L1-PIPELINE
gticdte2.fits,.fits,0.01,2,HEL1OS,Aditya-L1,N/A,N/A,HEL1OS-L1-PIPELINE
gticzt2.fits,.fits,0.01,2,HEL1OS,Aditya-L1,N/A,N/A,HEL1OS-L1-PIPELINE
gticdte1.fits,.fits,0.01,2,HEL1OS,Aditya-L1,N/A,N/A,HEL1OS-L1-PIPELINE
hel1os_czt_spectra_czt1.fits,.fits,1.44,2,HEL1OS,Aditya-L1,N/A,N/A,HEL1OS-L1-PIPELINE
hel1os_czt_spectra_czt2.fits,.fits,1.51,2,HEL1OS,Aditya-L1,N/A,N/A,HEL1OS-L1-PIPELINE
lightcurve_czt1.fits,.fits,1.16,6,HEL1OS,Aditya-L1,N/A,N/A,HEL1OS-L1-PIPELINE
lightcurve_czt2.fits,.fits,1.21,6,HEL1OS,Aditya-L1,N/A,N/A,HEL1OS-L1-PIPELINE
hel1os_cdte_spectra_cdte1.fits,.fits,2.26,2,HEL1OS,Aditya-L1,N/A,N/A,HEL1OS-L1-PIPELINE
lightcurve_cdte2.fits,.fits,1.2,6,HEL1OS,Aditya-L1,N/A,N/A,HEL1OS-L1-PIPELINE
lightcurve_cdte1.fits,.fits,1.2,6,HEL1OS,Aditya-L1,N/A,N/A,HEL1OS-L1-PIPELINE
hel1os_cdte_spectra_cdte2.fits,.fits,2.26,2,HEL1OS,Aditya-L1,N/A,N/A,HEL1OS-L1-PIPELINE
evt.fits,.fits,13.66,5,HEL1OS,Aditya-L1,N/A,N/A,HEL1OS-L1-PIPELINE
gticzt1.fits,.fits,0.01,2,HEL1OS,Aditya-L1,N/A,N/A,HEL1OS-L1-PIPELINE
hk.fits,.fits,0.27,2,HEL1OS,Aditya-L1,N/A,N/A,HEL1OS-L1-PIPELINE
gticdte2.fits,.fits,0.01,2,HEL1OS,Aditya-L1,N/A,N/A,HEL1OS-L1-PIPELINE
gticzt2.fits,.fits,0.01,2,HEL1OS,Aditya-L1,N/A,N/A,HEL1OS-L1-PIPELINE
gticdte1.fits,.fits,0.01,2,HEL1OS,Aditya-L1,N/A,N/A,HEL1OS-L1-PIPELINE
hel1os_czt_spectra_czt1.fits,.fits,12.4,2,HEL1OS,Aditya-L1,N/A,N/A,HEL1OS-L1-PIPELINE
hel1os_czt_spectra_czt2.fits,.fits,12.57,2,HEL1OS,Aditya-L1,N/A,N/A,HEL1OS-L1-PIPELINE
lightcurve_czt1.fits,.fits,9.78,6,HEL1OS,Aditya-L1,N/A,N/A,HEL1OS-L1-PIPELINE
lightcurve_czt2.fits,.fits,9.92,6,HEL1OS,Aditya-L1,N/A,N/A,HEL1OS-L1-PIPELINE
hel1os_cdte_spectra_cdte1.fits,.fits,18.79,2,HEL1OS,Aditya-L1,N/A,N/A,HEL1OS-L1-PIPELINE
lightcurve_cdte2.fits,.fits,9.91,6,HEL1OS,Aditya-L1,N/A,N/A,HEL1OS-L1-PIPELINE
lightcurve_cdte1.fits,.fits,9.91,6,HEL1OS,Aditya-L1,N/A,N/A,HEL1OS-L1-PIPELINE
hel1os_cdte_spectra_cdte2.fits,.fits,18.79,2,HEL1OS,Aditya-L1,N/A,N/A,HEL1OS-L1-PIPELINE
evt.fits,.fits,125.1,5,HEL1OS,Aditya-L1,N/A,N/A,HEL1OS-L1-PIPELINE
gticzt1.fits,.fits,0.01,2,HEL1OS,Aditya-L1,N/A,N/A,HEL1OS-L1-PIPELINE
hk.fits,.fits,2.25,2,HEL1OS,Aditya-L1,N/A,N/A,HEL1OS-L1-PIPELINE
gticdte2.fits,.fits,0.01,2,HEL1OS,Aditya-L1,N/A,N/A,HEL1OS-L1-PIPELINE
gticzt2.fits,.fits,0.01,2,HEL1OS,Aditya-L1,N/A,N/A,HEL1OS-L1-PIPELINE
gticdte1.fits,.fits,0.01,2,HEL1OS,Aditya-L1,N/A,N/A,HEL1OS-L1-PIPELINE
hel1os_czt_spectra_czt1.fits,.fits,5.54,2,HEL1OS,Aditya-L1,N/A,N/A,HEL1OS-L1-PIPELINE
hel1os_czt_spectra_czt2.fits,.fits,5.54,2,HEL1OS,Aditya-L1,N/A,N/A,HEL1OS-L1-PIPELINE
lightcurve_czt1.fits,.fits,4.38,6,HEL1OS,Aditya-L1,N/A,N/A,HEL1OS-L1-PIPELINE
lightcurve_czt2.fits,.fits,4.38,6,HEL1OS,Aditya-L1,N/A,N/A,HEL1OS-L1-PIPELINE
hel1os_cdte_spectra_cdte1.fits,.fits,8.28,2,HEL1OS,Aditya-L1,N/A,N/A,HEL1OS-L1-PIPELINE
lightcurve_cdte2.fits,.fits,4.38,6,HEL1OS,Aditya-L1,N/A,N/A,HEL1OS-L1-PIPELINE
lightcurve_cdte1.fits,.fits,4.35,6,HEL1OS,Aditya-L1,N/A,N/A,HEL1OS-L1-PIPELINE
hel1os_cdte_spectra_cdte2.fits,.fits,8.28,2,HEL1OS,Aditya-L1,N/A,N/A,HEL1OS-L1-PIPELINE
evt.fits,.fits,48.69,5,HEL1OS,Aditya-L1,N/A,N/A,HEL1OS-L1-PIPELINE
gticzt1.fits,.fits,0.01,2,HEL1OS,Aditya-L1,N/A,N/A,HEL1OS-L1-PIPELINE
hk.fits,.fits,0.94,2,HEL1OS,Aditya-L1,N/A,N/A,HEL1OS-L1-PIPELINE
gticdte2.fits,.fits,0.01,2,HEL1OS,Aditya-L1,N/A,N/A,HEL1OS-L1-PIPELINE
gticzt2.fits,.fits,0.01,2,HEL1OS,Aditya-L1,N/A,N/A,HEL1OS-L1-PIPELINE
gticdte1.fits,.fits,0.01,2,HEL1OS,Aditya-L1,N/A,N/A,HEL1OS-L1-PIPELINE
hel1os_czt_spectra_czt1.fits,.fits,12.57,2,HEL1OS,Aditya-L1,N/A,N/A,HEL1OS-L1-PIPELINE
hel1os_czt_spectra_czt2.fits,.fits,12.57,2,HEL1OS,Aditya-L1,N/A,N/A,HEL1OS-L1-PIPELINE
lightcurve_czt1.fits,.fits,9.92,6,HEL1OS,Aditya-L1,N/A,N/A,HEL1OS-L1-PIPELINE
lightcurve_czt2.fits,.fits,9.92,6,HEL1OS,Aditya-L1,N/A,N/A,HEL1OS-L1-PIPELINE
hel1os_cdte_spectra_cdte1.fits,.fits,18.79,2,HEL1OS,Aditya-L1,N/A,N/A,HEL1OS-L1-PIPELINE
lightcurve_cdte2.fits,.fits,9.9,6,HEL1OS,Aditya-L1,N/A,N/A,HEL1OS-L1-PIPELINE
lightcurve_cdte1.fits,.fits,9.9,6,HEL1OS,Aditya-L1,N/A,N/A,HEL1OS-L1-PIPELINE
hel1os_cdte_spectra_cdte2.fits,.fits,18.79,2,HEL1OS,Aditya-L1,N/A,N/A,HEL1OS-L1-PIPELINE
evt.fits,.fits,110.18,5,HEL1OS,Aditya-L1,N/A,N/A,HEL1OS-L1-PIPELINE
gticzt1.fits,.fits,0.01,2,HEL1OS,Aditya-L1,N/A,N/A,HEL1OS-L1-PIPELINE
hk.fits,.fits,2.11,2,HEL1OS,Aditya-L1,N/A,N/A,HEL1OS-L1-PIPELINE
gticdte2.fits,.fits,0.01,2,HEL1OS,Aditya-L1,N/A,N/A,HEL1OS-L1-PIPELINE
gticzt2.fits,.fits,0.01,2,HEL1OS,Aditya-L1,N/A,N/A,HEL1OS-L1-PIPELINE
gticdte1.fits,.fits,0.01,2,HEL1OS,Aditya-L1,N/A,N/A,HEL1OS-L1-PIPELINE
hel1os_czt_spectra_czt1.fits,.fits,14.12,2,HEL1OS,Aditya-L1,N/A,N/A,HEL1OS-L1-PIPELINE
hel1os_czt_spectra_czt2.fits,.fits,14.12,2,HEL1OS,Aditya-L1,N/A,N/A,HEL1OS-L1-PIPELINE
lightcurve_czt1.fits,.fits,11.14,6,HEL1OS,Aditya-L1,N/A,N/A,HEL1OS-L1-PIPELINE
lightcurve_czt2.fits,.fits,11.14,6,HEL1OS,Aditya-L1,N/A,N/A,HEL1OS-L1-PIPELINE
hel1os_cdte_spectra_cdte1.fits,.fits,21.11,2,HEL1OS,Aditya-L1,N/A,N/A,HEL1OS-L1-PIPELINE
lightcurve_cdte2.fits,.fits,11.13,6,HEL1OS,Aditya-L1,N/A,N/A,HEL1OS-L1-PIPELINE
lightcurve_cdte1.fits,.fits,11.13,6,HEL1OS,Aditya-L1,N/A,N/A,HEL1OS-L1-PIPELINE
hel1os_cdte_spectra_cdte2.fits,.fits,21.11,2,HEL1OS,Aditya-L1,N/A,N/A,HEL1OS-L1-PIPELINE
evt.fits,.fits,122.22,5,HEL1OS,Aditya-L1,N/A,N/A,HEL1OS-L1-PIPELINE
gticzt1.fits,.fits,0.01,2,HEL1OS,Aditya-L1,N/A,N/A,HEL1OS-L1-PIPELINE
hk.fits,.fits,2.38,2,HEL1OS,Aditya-L1,N/A,N/A,HEL1OS-L1-PIPELINE
gticdte2.fits,.fits,0.01,2,HEL1OS,Aditya-L1,N/A,N/A,HEL1OS-L1-PIPELINE
gticzt2.fits,.fits,0.01,2,HEL1OS,Aditya-L1,N/A,N/A,HEL1OS-L1-PIPELINE
gticdte1.fits,.fits,0.01,2,HEL1OS,Aditya-L1,N/A,N/A,HEL1OS-L1-PIPELINE
hel1os_czt_spectra_czt1.fits,.fits,1.55,2,HEL1OS,Aditya-L1,N/A,N/A,HEL1OS-L1-PIPELINE
hel1os_czt_spectra_czt2.fits,.fits,1.29,2,HEL1OS,Aditya-L1,N/A,N/A,HEL1OS-L1-PIPELINE
lightcurve_czt1.fits,.fits,1.25,6,HEL1OS,Aditya-L1,N/A,N/A,HEL1OS-L1-PIPELINE
lightcurve_czt2.fits,.fits,1.03,6,HEL1OS,Aditya-L1,N/A,N/A,HEL1OS-L1-PIPELINE
hel1os_cdte_spectra_cdte1.fits,.fits,2.32,2,HEL1OS,Aditya-L1,N/A,N/A,HEL1OS-L1-PIPELINE
lightcurve_cdte2.fits,.fits,1.23,6,HEL1OS,Aditya-L1,N/A,N/A,HEL1OS-L1-PIPELINE
lightcurve_cdte1.fits,.fits,1.24,6,HEL1OS,Aditya-L1,N/A,N/A,HEL1OS-L1-PIPELINE
hel1os_cdte_spectra_cdte2.fits,.fits,2.32,2,HEL1OS,Aditya-L1,N/A,N/A,HEL1OS-L1-PIPELINE
evt.fits,.fits,10.15,5,HEL1OS,Aditya-L1,N/A,N/A,HEL1OS-L1-PIPELINE
gticzt1.fits,.fits,0.01,2,HEL1OS,Aditya-L1,N/A,N/A,HEL1OS-L1-PIPELINE
hk.fits,.fits,0.27,2,HEL1OS,Aditya-L1,N/A,N/A,HEL1OS-L1-PIPELINE
gticdte2.fits,.fits,0.01,2,HEL1OS,Aditya-L1,N/A,N/A,HEL1OS-L1-PIPELINE
gticzt2.fits,.fits,0.01,2,HEL1OS,Aditya-L1,N/A,N/A,HEL1OS-L1-PIPELINE
gticdte1.fits,.fits,0.01,2,HEL1OS,Aditya-L1,N/A,N/A,HEL1OS-L1-PIPELINE
hel1os_czt_spectra_czt1.fits,.fits,5.54,2,HEL1OS,Aditya-L1,N/A,N/A,HEL1OS-L1-PIPELINE
hel1os_czt_spectra_czt2.fits,.fits,5.54,2,HEL1OS,Aditya-L1,N/A,N/A,HEL1OS-L1-PIPELINE
lightcurve_czt1.fits,.fits,4.38,6,HEL1OS,Aditya-L1,N/A,N/A,HEL1OS-L1-PIPELINE
lightcurve_czt2.fits,.fits,4.38,6,HEL1OS,Aditya-L1,N/A,N/A,HEL1OS-L1-PIPELINE
hel1os_cdte_spectra_cdte1.fits,.fits,8.27,2,HEL1OS,Aditya-L1,N/A,N/A,HEL1OS-L1-PIPELINE
lightcurve_cdte2.fits,.fits,4.38,6,HEL1OS,Aditya-L1,N/A,N/A,HEL1OS-L1-PIPELINE
lightcurve_cdte1.fits,.fits,4.35,6,HEL1OS,Aditya-L1,N/A,N/A,HEL1OS-L1-PIPELINE
hel1os_cdte_spectra_cdte2.fits,.fits,8.28,2,HEL1OS,Aditya-L1,N/A,N/A,HEL1OS-L1-PIPELINE
evt.fits,.fits,48.69,5,HEL1OS,Aditya-L1,N/A,N/A,HEL1OS-L1-PIPELINE
gticzt1.fits,.fits,0.01,2,HEL1OS,Aditya-L1,N/A,N/A,HEL1OS-L1-PIPELINE
hk.fits,.fits,0.94,2,HEL1OS,Aditya-L1,N/A,N/A,HEL1OS-L1-PIPELINE
gticdte2.fits,.fits,0.01,2,HEL1OS,Aditya-L1,N/A,N/A,HEL1OS-L1-PIPELINE
gticzt2.fits,.fits,0.01,2,HEL1OS,Aditya-L1,N/A,N/A,HEL1OS-L1-PIPELINE
gticdte1.fits,.fits,0.01,2,HEL1OS,Aditya-L1,N/A,N/A,HEL1OS-L1-PIPELINE
hel1os_czt_spectra_czt1.fits,.fits,13.86,2,HEL1OS,Aditya-L1,N/A,N/A,HEL1OS-L1-PIPELINE
hel1os_czt_spectra_czt2.fits,.fits,14.12,2,HEL1OS,Aditya-L1,N/A,N/A,HEL1OS-L1-PIPELINE
lightcurve_czt1.fits,.fits,10.93,6,HEL1OS,Aditya-L1,N/A,N/A,HEL1OS-L1-PIPELINE
lightcurve_czt2.fits,.fits,11.14,6,HEL1OS,Aditya-L1,N/A,N/A,HEL1OS-L1-PIPELINE
hel1os_cdte_spectra_cdte1.fits,.fits,21.12,2,HEL1OS,Aditya-L1,N/A,N/A,HEL1OS-L1-PIPELINE
lightcurve_cdte2.fits,.fits,11.13,6,HEL1OS,Aditya-L1,N/A,N/A,HEL1OS-L1-PIPELINE
lightcurve_cdte1.fits,.fits,11.13,6,HEL1OS,Aditya-L1,N/A,N/A,HEL1OS-L1-PIPELINE
hel1os_cdte_spectra_cdte2.fits,.fits,21.12,2,HEL1OS,Aditya-L1,N/A,N/A,HEL1OS-L1-PIPELINE
evt.fits,.fits,110.25,5,HEL1OS,Aditya-L1,N/A,N/A,HEL1OS-L1-PIPELINE
gticzt1.fits,.fits,0.01,2,HEL1OS,Aditya-L1,N/A,N/A,HEL1OS-L1-PIPELINE
hk.fits,.fits,2.33,2,HEL1OS,Aditya-L1,N/A,N/A,HEL1OS-L1-PIPELINE
gticdte2.fits,.fits,0.01,2,HEL1OS,Aditya-L1,N/A,N/A,HEL1OS-L1-PIPELINE
gticzt2.fits,.fits,0.01,2,HEL1OS,Aditya-L1,N/A,N/A,HEL1OS-L1-PIPELINE
gticdte1.fits,.fits,0.01,2,HEL1OS,Aditya-L1,N/A,N/A,HEL1OS-L1-PIPELINE
hel1os_czt_spectra_czt1.fits,.fits,7.93,2,HEL1OS,Aditya-L1,N/A,N/A,HEL1OS-L1-PIPELINE
hel1os_czt_spectra_czt2.fits,.fits,7.93,2,HEL1OS,Aditya-L1,N/A,N/A,HEL1OS-L1-PIPELINE
lightcurve_czt1.fits,.fits,6.26,6,HEL1OS,Aditya-L1,N/A,N/A,HEL1OS-L1-PIPELINE
lightcurve_czt2.fits,.fits,6.26,6,HEL1OS,Aditya-L1,N/A,N/A,HEL1OS-L1-PIPELINE
hel1os_cdte_spectra_cdte1.fits,.fits,11.84,2,HEL1OS,Aditya-L1,N/A,N/A,HEL1OS-L1-PIPELINE
lightcurve_cdte2.fits,.fits,6.26,6,HEL1OS,Aditya-L1,N/A,N/A,HEL1OS-L1-PIPELINE
lightcurve_cdte1.fits,.fits,6.23,6,HEL1OS,Aditya-L1,N/A,N/A,HEL1OS-L1-PIPELINE
hel1os_cdte_spectra_cdte2.fits,.fits,11.86,2,HEL1OS,Aditya-L1,N/A,N/A,HEL1OS-L1-PIPELINE
evt.fits,.fits,64.8,5,HEL1OS,Aditya-L1,N/A,N/A,HEL1OS-L1-PIPELINE
gticzt1.fits,.fits,0.01,2,HEL1OS,Aditya-L1,N/A,N/A,HEL1OS-L1-PIPELINE
hk.fits,.fits,1.36,2,HEL1OS,Aditya-L1,N/A,N/A,HEL1OS-L1-PIPELINE
gticdte2.fits,.fits,0.01,2,HEL1OS,Aditya-L1,N/A,N/A,HEL1OS-L1-PIPELINE
gticzt2.fits,.fits,0.01,2,HEL1OS,Aditya-L1,N/A,N/A,HEL1OS-L1-PIPELINE
gticdte1.fits,.fits,0.01,2,HEL1OS,Aditya-L1,N/A,N/A,HEL1OS-L1-PIPELINE
hel1os_czt_spectra_czt1.fits,.fits,14.12,2,HEL1OS,Aditya-L1,N/A,N/A,HEL1OS-L1-PIPELINE
hel1os_czt_spectra_czt2.fits,.fits,14.12,2,HEL1OS,Aditya-L1,N/A,N/A,HEL1OS-L1-PIPELINE
lightcurve_czt1.fits,.fits,11.14,6,HEL1OS,Aditya-L1,N/A,N/A,HEL1OS-L1-PIPELINE
lightcurve_czt2.fits,.fits,11.14,6,HEL1OS,Aditya-L1,N/A,N/A,HEL1OS-L1-PIPELINE
hel1os_cdte_spectra_cdte1.fits,.fits,21.1,2,HEL1OS,Aditya-L1,N/A,N/A,HEL1OS-L1-PIPELINE
lightcurve_cdte2.fits,.fits,11.14,6,HEL1OS,Aditya-L1,N/A,N/A,HEL1OS-L1-PIPELINE
lightcurve_cdte1.fits,.fits,11.11,6,HEL1OS,Aditya-L1,N/A,N/A,HEL1OS-L1-PIPELINE
hel1os_cdte_spectra_cdte2.fits,.fits,21.11,2,HEL1OS,Aditya-L1,N/A,N/A,HEL1OS-L1-PIPELINE
evt.fits,.fits,114.63,5,HEL1OS,Aditya-L1,N/A,N/A,HEL1OS-L1-PIPELINE
gticzt1.fits,.fits,0.01,2,HEL1OS,Aditya-L1,N/A,N/A,HEL1OS-L1-PIPELINE
hk.fits,.fits,2.36,2,HEL1OS,Aditya-L1,N/A,N/A,HEL1OS-L1-PIPELINE
gticdte2.fits,.fits,0.01,2,HEL1OS,Aditya-L1,N/A,N/A,HEL1OS-L1-PIPELINE
gticzt2.fits,.fits,0.01,2,HEL1OS,Aditya-L1,N/A,N/A,HEL1OS-L1-PIPELINE
gticdte1.fits,.fits,0.01,2,HEL1OS,Aditya-L1,N/A,N/A,HEL1OS-L1-PIPELINE
hel1os_czt_spectra_czt1.fits,.fits,5.52,2,HEL1OS,Aditya-L1,N/A,N/A,HEL1OS-L1-PIPELINE
hel1os_czt_spectra_czt2.fits,.fits,5.52,2,HEL1OS,Aditya-L1,N/A,N/A,HEL1OS-L1-PIPELINE
lightcurve_czt1.fits,.fits,4.37,6,HEL1OS,Aditya-L1,N/A,N/A,HEL1OS-L1-PIPELINE
lightcurve_czt2.fits,.fits,4.37,6,HEL1OS,Aditya-L1,N/A,N/A,HEL1OS-L1-PIPELINE
hel1os_cdte_spectra_cdte1.fits,.fits,8.25,2,HEL1OS,Aditya-L1,N/A,N/A,HEL1OS-L1-PIPELINE
lightcurve_cdte2.fits,.fits,4.37,6,HEL1OS,Aditya-L1,N/A,N/A,HEL1OS-L1-PIPELINE
lightcurve_cdte1.fits,.fits,4.34,6,HEL1OS,Aditya-L1,N/A,N/A,HEL1OS-L1-PIPELINE
hel1os_cdte_spectra_cdte2.fits,.fits,8.25,2,HEL1OS,Aditya-L1,N/A,N/A,HEL1OS-L1-PIPELINE
evt.fits,.fits,48.51,5,HEL1OS,Aditya-L1,N/A,N/A,HEL1OS-L1-PIPELINE
gticzt1.fits,.fits,0.01,2,HEL1OS,Aditya-L1,N/A,N/A,HEL1OS-L1-PIPELINE
hk.fits,.fits,0.94,2,HEL1OS,Aditya-L1,N/A,N/A,HEL1OS-L1-PIPELINE
gticdte2.fits,.fits,0.01,2,HEL1OS,Aditya-L1,N/A,N/A,HEL1OS-L1-PIPELINE
gticzt2.fits,.fits,0.01,2,HEL1OS,Aditya-L1,N/A,N/A,HEL1OS-L1-PIPELINE
gticdte1.fits,.fits,0.01,2,HEL1OS,Aditya-L1,N/A,N/A,HEL1OS-L1-PIPELINE
hel1os_czt_spectra_czt1.fits,.fits,8.6,2,HEL1OS,Aditya-L1,N/A,N/A,HEL1OS-L1-PIPELINE
hel1os_czt_spectra_czt2.fits,.fits,8.6,2,HEL1OS,Aditya-L1,N/A,N/A,HEL1OS-L1-PIPELINE
lightcurve_czt1.fits,.fits,6.79,6,HEL1OS,Aditya-L1,N/A,N/A,HEL1OS-L1-PIPELINE
lightcurve_czt2.fits,.fits,6.79,6,HEL1OS,Aditya-L1,N/A,N/A,HEL1OS-L1-PIPELINE
hel1os_cdte_spectra_cdte1.fits,.fits,12.85,2,HEL1OS,Aditya-L1,N/A,N/A,HEL1OS-L1-PIPELINE
lightcurve_cdte2.fits,.fits,6.79,6,HEL1OS,Aditya-L1,N/A,N/A,HEL1OS-L1-PIPELINE
lightcurve_cdte1.fits,.fits,6.76,6,HEL1OS,Aditya-L1,N/A,N/A,HEL1OS-L1-PIPELINE
hel1os_cdte_spectra_cdte2.fits,.fits,12.85,2,HEL1OS,Aditya-L1,N/A,N/A,HEL1OS-L1-PIPELINE
evt.fits,.fits,80.86,5,HEL1OS,Aditya-L1,N/A,N/A,HEL1OS-L1-PIPELINE
gticzt1.fits,.fits,0.01,2,HEL1OS,Aditya-L1,N/A,N/A,HEL1OS-L1-PIPELINE
hk.fits,.fits,1.5,2,HEL1OS,Aditya-L1,N/A,N/A,HEL1OS-L1-PIPELINE
gticdte2.fits,.fits,0.01,2,HEL1OS,Aditya-L1,N/A,N/A,HEL1OS-L1-PIPELINE
gticzt2.fits,.fits,0.01,2,HEL1OS,Aditya-L1,N/A,N/A,HEL1OS-L1-PIPELINE
gticdte1.fits,.fits,0.01,2,HEL1OS,Aditya-L1,N/A,N/A,HEL1OS-L1-PIPELINE
hel1os_czt_spectra_czt1.fits,.fits,1.3,2,HEL1OS,Aditya-L1,N/A,N/A,HEL1OS-L1-PIPELINE
hel1os_czt_spectra_czt2.fits,.fits,1.56,2,HEL1OS,Aditya-L1,N/A,N/A,HEL1OS-L1-PIPELINE
lightcurve_czt1.fits,.fits,1.05,6,HEL1OS,Aditya-L1,N/A,N/A,HEL1OS-L1-PIPELINE
lightcurve_czt2.fits,.fits,1.25,6,HEL1OS,Aditya-L1,N/A,N/A,HEL1OS-L1-PIPELINE
hel1os_cdte_spectra_cdte1.fits,.fits,2.33,2,HEL1OS,Aditya-L1,N/A,N/A,HEL1OS-L1-PIPELINE
lightcurve_cdte2.fits,.fits,1.25,6,HEL1OS,Aditya-L1,N/A,N/A,HEL1OS-L1-PIPELINE
lightcurve_cdte1.fits,.fits,1.25,6,HEL1OS,Aditya-L1,N/A,N/A,HEL1OS-L1-PIPELINE
hel1os_cdte_spectra_cdte2.fits,.fits,2.33,2,HEL1OS,Aditya-L1,N/A,N/A,HEL1OS-L1-PIPELINE
evt.fits,.fits,13.45,5,HEL1OS,Aditya-L1,N/A,N/A,HEL1OS-L1-PIPELINE
gticzt1.fits,.fits,0.01,2,HEL1OS,Aditya-L1,N/A,N/A,HEL1OS-L1-PIPELINE
hk.fits,.fits,0.29,2,HEL1OS,Aditya-L1,N/A,N/A,HEL1OS-L1-PIPELINE
gticdte2.fits,.fits,0.01,2,HEL1OS,Aditya-L1,N/A,N/A,HEL1OS-L1-PIPELINE
gticzt2.fits,.fits,0.01,2,HEL1OS,Aditya-L1,N/A,N/A,HEL1OS-L1-PIPELINE
gticdte1.fits,.fits,0.01,2,HEL1OS,Aditya-L1,N/A,N/A,HEL1OS-L1-PIPELINE
hel1os_czt_spectra_czt1.fits,.fits,1.83,2,HEL1OS,Aditya-L1,N/A,N/A,HEL1OS-L1-PIPELINE
hel1os_czt_spectra_czt2.fits,.fits,1.68,2,HEL1OS,Aditya-L1,N/A,N/A,HEL1OS-L1-PIPELINE
lightcurve_czt1.fits,.fits,1.46,6,HEL1OS,Aditya-L1,N/A,N/A,HEL1OS-L1-PIPELINE
lightcurve_czt2.fits,.fits,1.35,6,HEL1OS,Aditya-L1,N/A,N/A,HEL1OS-L1-PIPELINE
hel1os_cdte_spectra_cdte1.fits,.fits,2.91,2,HEL1OS,Aditya-L1,N/A,N/A,HEL1OS-L1-PIPELINE
lightcurve_cdte2.fits,.fits,1.55,6,HEL1OS,Aditya-L1,N/A,N/A,HEL1OS-L1-PIPELINE
lightcurve_cdte1.fits,.fits,1.54,6,HEL1OS,Aditya-L1,N/A,N/A,HEL1OS-L1-PIPELINE
hel1os_cdte_spectra_cdte2.fits,.fits,2.91,2,HEL1OS,Aditya-L1,N/A,N/A,HEL1OS-L1-PIPELINE
evt.fits,.fits,16.02,5,HEL1OS,Aditya-L1,N/A,N/A,HEL1OS-L1-PIPELINE
gticzt1.fits,.fits,0.01,2,HEL1OS,Aditya-L1,N/A,N/A,HEL1OS-L1-PIPELINE
hk.fits,.fits,0.3,2,HEL1OS,Aditya-L1,N/A,N/A,HEL1OS-L1-PIPELINE
gticdte2.fits,.fits,0.01,2,HEL1OS,Aditya-L1,N/A,N/A,HEL1OS-L1-PIPELINE
gticzt2.fits,.fits,0.01,2,HEL1OS,Aditya-L1,N/A,N/A,HEL1OS-L1-PIPELINE
gticdte1.fits,.fits,0.01,2,HEL1OS,Aditya-L1,N/A,N/A,HEL1OS-L1-PIPELINE
hel1os_czt_spectra_czt1.fits,.fits,12.54,2,HEL1OS,Aditya-L1,N/A,N/A,HEL1OS-L1-PIPELINE
hel1os_czt_spectra_czt2.fits,.fits,12.57,2,HEL1OS,Aditya-L1,N/A,N/A,HEL1OS-L1-PIPELINE
lightcurve_czt1.fits,.fits,9.9,6,HEL1OS,Aditya-L1,N/A,N/A,HEL1OS-L1-PIPELINE
lightcurve_czt2.fits,.fits,9.92,6,HEL1OS,Aditya-L1,N/A,N/A,HEL1OS-L1-PIPELINE
hel1os_cdte_spectra_cdte1.fits,.fits,18.79,2,HEL1OS,Aditya-L1,N/A,N/A,HEL1OS-L1-PIPELINE
lightcurve_cdte2.fits,.fits,9.91,6,HEL1OS,Aditya-L1,N/A,N/A,HEL1OS-L1-PIPELINE
lightcurve_cdte1.fits,.fits,9.92,6,HEL1OS,Aditya-L1,N/A,N/A,HEL1OS-L1-PIPELINE
hel1os_cdte_spectra_cdte2.fits,.fits,18.8,2,HEL1OS,Aditya-L1,N/A,N/A,HEL1OS-L1-PIPELINE
evt.fits,.fits,95.0,5,HEL1OS,Aditya-L1,N/A,N/A,HEL1OS-L1-PIPELINE
gticzt1.fits,.fits,0.01,2,HEL1OS,Aditya-L1,N/A,N/A,HEL1OS-L1-PIPELINE
hk.fits,.fits,2.07,2,HEL1OS,Aditya-L1,N/A,N/A,HEL1OS-L1-PIPELINE
gticdte2.fits,.fits,0.01,2,HEL1OS,Aditya-L1,N/A,N/A,HEL1OS-L1-PIPELINE
gticzt2.fits,.fits,0.01,2,HEL1OS,Aditya-L1,N/A,N/A,HEL1OS-L1-PIPELINE
gticdte1.fits,.fits,0.01,2,HEL1OS,Aditya-L1,N/A,N/A,HEL1OS-L1-PIPELINE
hel1os_czt_spectra_czt1.fits,.fits,14.12,2,HEL1OS,Aditya-L1,N/A,N/A,HEL1OS-L1-PIPELINE
hel1os_czt_spectra_czt2.fits,.fits,14.12,2,HEL1OS,Aditya-L1,N/A,N/A,HEL1OS-L1-PIPELINE
lightcurve_czt1.fits,.fits,11.14,6,HEL1OS,Aditya-L1,N/A,N/A,HEL1OS-L1-PIPELINE
lightcurve_czt2.fits,.fits,11.14,6,HEL1OS,Aditya-L1,N/A,N/A,HEL1OS-L1-PIPELINE
hel1os_cdte_spectra_cdte1.fits,.fits,21.11,2,HEL1OS,Aditya-L1,N/A,N/A,HEL1OS-L1-PIPELINE
lightcurve_cdte2.fits,.fits,11.13,6,HEL1OS,Aditya-L1,N/A,N/A,HEL1OS-L1-PIPELINE
lightcurve_cdte1.fits,.fits,11.13,6,HEL1OS,Aditya-L1,N/A,N/A,HEL1OS-L1-PIPELINE
hel1os_cdte_spectra_cdte2.fits,.fits,21.11,2,HEL1OS,Aditya-L1,N/A,N/A,HEL1OS-L1-PIPELINE
evt.fits,.fits,110.73,5,HEL1OS,Aditya-L1,N/A,N/A,HEL1OS-L1-PIPELINE
gticzt1.fits,.fits,0.01,2,HEL1OS,Aditya-L1,N/A,N/A,HEL1OS-L1-PIPELINE
hk.fits,.fits,2.33,2,HEL1OS,Aditya-L1,N/A,N/A,HEL1OS-L1-PIPELINE
gticdte2.fits,.fits,0.01,2,HEL1OS,Aditya-L1,N/A,N/A,HEL1OS-L1-PIPELINE
gticzt2.fits,.fits,0.01,2,HEL1OS,Aditya-L1,N/A,N/A,HEL1OS-L1-PIPELINE
gticdte1.fits,.fits,0.01,2,HEL1OS,Aditya-L1,N/A,N/A,HEL1OS-L1-PIPELINE
hel1os_czt_spectra_czt1.fits,.fits,2.27,2,HEL1OS,Aditya-L1,N/A,N/A,HEL1OS-L1-PIPELINE
hel1os_czt_spectra_czt2.fits,.fits,2.08,2,HEL1OS,Aditya-L1,N/A,N/A,HEL1OS-L1-PIPELINE
lightcurve_czt1.fits,.fits,1.8,6,HEL1OS,Aditya-L1,N/A,N/A,HEL1OS-L1-PIPELINE
lightcurve_czt2.fits,.fits,1.66,6,HEL1OS,Aditya-L1,N/A,N/A,HEL1OS-L1-PIPELINE
hel1os_cdte_spectra_cdte1.fits,.fits,3.38,2,HEL1OS,Aditya-L1,N/A,N/A,HEL1OS-L1-PIPELINE
lightcurve_cdte2.fits,.fits,1.8,6,HEL1OS,Aditya-L1,N/A,N/A,HEL1OS-L1-PIPELINE
lightcurve_cdte1.fits,.fits,1.8,6,HEL1OS,Aditya-L1,N/A,N/A,HEL1OS-L1-PIPELINE
hel1os_cdte_spectra_cdte2.fits,.fits,3.38,2,HEL1OS,Aditya-L1,N/A,N/A,HEL1OS-L1-PIPELINE
evt.fits,.fits,152.6,5,HEL1OS,Aditya-L1,N/A,N/A,HEL1OS-L1-PIPELINE
gticzt1.fits,.fits,0.01,2,HEL1OS,Aditya-L1,N/A,N/A,HEL1OS-L1-PIPELINE
hk.fits,.fits,1.47,2,HEL1OS,Aditya-L1,N/A,N/A,HEL1OS-L1-PIPELINE
gticdte2.fits,.fits,0.01,2,HEL1OS,Aditya-L1,N/A,N/A,HEL1OS-L1-PIPELINE
gticzt2.fits,.fits,0.01,2,HEL1OS,Aditya-L1,N/A,N/A,HEL1OS-L1-PIPELINE
gticdte1.fits,.fits,0.01,2,HEL1OS,Aditya-L1,N/A,N/A,HEL1OS-L1-PIPELINE
hel1os_czt_spectra_czt1.fits,.fits,6.3,2,HEL1OS,Aditya-L1,N/A,N/A,HEL1OS-L1-PIPELINE
hel1os_czt_spectra_czt2.fits,.fits,6.3,2,HEL1OS,Aditya-L1,N/A,N/A,HEL1OS-L1-PIPELINE
lightcurve_czt1.fits,.fits,4.99,6,HEL1OS,Aditya-L1,N/A,N/A,HEL1OS-L1-PIPELINE
lightcurve_czt2.fits,.fits,4.99,6,HEL1OS,Aditya-L1,N/A,N/A,HEL1OS-L1-PIPELINE
hel1os_cdte_spectra_cdte1.fits,.fits,9.42,2,HEL1OS,Aditya-L1,N/A,N/A,HEL1OS-L1-PIPELINE
lightcurve_cdte2.fits,.fits,4.99,6,HEL1OS,Aditya-L1,N/A,N/A,HEL1OS-L1-PIPELINE
lightcurve_cdte1.fits,.fits,4.99,6,HEL1OS,Aditya-L1,N/A,N/A,HEL1OS-L1-PIPELINE
hel1os_cdte_spectra_cdte2.fits,.fits,9.42,2,HEL1OS,Aditya-L1,N/A,N/A,HEL1OS-L1-PIPELINE
evt.fits,.fits,74.1,5,HEL1OS,Aditya-L1,N/A,N/A,HEL1OS-L1-PIPELINE
gticzt1.fits,.fits,0.01,2,HEL1OS,Aditya-L1,N/A,N/A,HEL1OS-L1-PIPELINE
hk.fits,.fits,1.31,2,HEL1OS,Aditya-L1,N/A,N/A,HEL1OS-L1-PIPELINE
gticdte2.fits,.fits,0.01,2,HEL1OS,Aditya-L1,N/A,N/A,HEL1OS-L1-PIPELINE
gticzt2.fits,.fits,0.01,2,HEL1OS,Aditya-L1,N/A,N/A,HEL1OS-L1-PIPELINE
gticdte1.fits,.fits,0.01,2,HEL1OS,Aditya-L1,N/A,N/A,HEL1OS-L1-PIPELINE
hel1os_czt_spectra_czt1.fits,.fits,12.96,2,HEL1OS,Aditya-L1,N/A,N/A,HEL1OS-L1-PIPELINE
hel1os_czt_spectra_czt2.fits,.fits,12.96,2,HEL1OS,Aditya-L1,N/A,N/A,HEL1OS-L1-PIPELINE
lightcurve_czt1.fits,.fits,10.22,6,HEL1OS,Aditya-L1,N/A,N/A,HEL1OS-L1-PIPELINE
lightcurve_czt2.fits,.fits,10.22,6,HEL1OS,Aditya-L1,N/A,N/A,HEL1OS-L1-PIPELINE
hel1os_cdte_spectra_cdte1.fits,.fits,19.37,2,HEL1OS,Aditya-L1,N/A,N/A,HEL1OS-L1-PIPELINE
lightcurve_cdte2.fits,.fits,10.22,6,HEL1OS,Aditya-L1,N/A,N/A,HEL1OS-L1-PIPELINE
lightcurve_cdte1.fits,.fits,10.21,6,HEL1OS,Aditya-L1,N/A,N/A,HEL1OS-L1-PIPELINE
hel1os_cdte_spectra_cdte2.fits,.fits,19.38,2,HEL1OS,Aditya-L1,N/A,N/A,HEL1OS-L1-PIPELINE
evt.fits,.fits,121.79,5,HEL1OS,Aditya-L1,N/A,N/A,HEL1OS-L1-PIPELINE
gticzt1.fits,.fits,0.01,2,HEL1OS,Aditya-L1,N/A,N/A,HEL1OS-L1-PIPELINE
hk.fits,.fits,2.24,2,HEL1OS,Aditya-L1,N/A,N/A,HEL1OS-L1-PIPELINE
gticdte2.fits,.fits,0.01,2,HEL1OS,Aditya-L1,N/A,N/A,HEL1OS-L1-PIPELINE
gticzt2.fits,.fits,0.01,2,HEL1OS,Aditya-L1,N/A,N/A,HEL1OS-L1-PIPELINE
gticdte1.fits,.fits,0.01,2,HEL1OS,Aditya-L1,N/A,N/A,HEL1OS-L1-PIPELINE
hel1os_czt_spectra_czt1.fits,.fits,0.89,2,HEL1OS,Aditya-L1,N/A,N/A,HEL1OS-L1-PIPELINE
hel1os_czt_spectra_czt2.fits,.fits,1.06,2,HEL1OS,Aditya-L1,N/A,N/A,HEL1OS-L1-PIPELINE
lightcurve_czt1.fits,.fits,0.72,6,HEL1OS,Aditya-L1,N/A,N/A,HEL1OS-L1-PIPELINE
lightcurve_czt2.fits,.fits,0.85,6,HEL1OS,Aditya-L1,N/A,N/A,HEL1OS-L1-PIPELINE
hel1os_cdte_spectra_cdte1.fits,.fits,1.75,2,HEL1OS,Aditya-L1,N/A,N/A,HEL1OS-L1-PIPELINE
lightcurve_cdte2.fits,.fits,0.95,6,HEL1OS,Aditya-L1,N/A,N/A,HEL1OS-L1-PIPELINE
lightcurve_cdte1.fits,.fits,0.93,6,HEL1OS,Aditya-L1,N/A,N/A,HEL1OS-L1-PIPELINE
hel1os_cdte_spectra_cdte2.fits,.fits,1.76,2,HEL1OS,Aditya-L1,N/A,N/A,HEL1OS-L1-PIPELINE
evt.fits,.fits,10.67,5,HEL1OS,Aditya-L1,N/A,N/A,HEL1OS-L1-PIPELINE
gticzt1.fits,.fits,0.01,2,HEL1OS,Aditya-L1,N/A,N/A,HEL1OS-L1-PIPELINE
hk.fits,.fits,0.22,2,HEL1OS,Aditya-L1,N/A,N/A,HEL1OS-L1-PIPELINE
gticdte2.fits,.fits,0.01,2,HEL1OS,Aditya-L1,N/A,N/A,HEL1OS-L1-PIPELINE
gticzt2.fits,.fits,0.01,2,HEL1OS,Aditya-L1,N/A,N/A,HEL1OS-L1-PIPELINE
gticdte1.fits,.fits,0.01,2,HEL1OS,Aditya-L1,N/A,N/A,HEL1OS-L1-PIPELINE
hel1os_czt_spectra_czt1.fits,.fits,14.1,2,HEL1OS,Aditya-L1,N/A,N/A,HEL1OS-L1-PIPELINE
hel1os_czt_spectra_czt2.fits,.fits,13.83,2,HEL1OS,Aditya-L1,N/A,N/A,HEL1OS-L1-PIPELINE
lightcurve_czt1.fits,.fits,11.13,6,HEL1OS,Aditya-L1,N/A,N/A,HEL1OS-L1-PIPELINE
lightcurve_czt2.fits,.fits,10.92,6,HEL1OS,Aditya-L1,N/A,N/A,HEL1OS-L1-PIPELINE
hel1os_cdte_spectra_cdte1.fits,.fits,21.11,2,HEL1OS,Aditya-L1,N/A,N/A,HEL1OS-L1-PIPELINE
lightcurve_cdte2.fits,.fits,11.14,6,HEL1OS,Aditya-L1,N/A,N/A,HEL1OS-L1-PIPELINE
lightcurve_cdte1.fits,.fits,11.13,6,HEL1OS,Aditya-L1,N/A,N/A,HEL1OS-L1-PIPELINE
hel1os_cdte_spectra_cdte2.fits,.fits,21.11,2,HEL1OS,Aditya-L1,N/A,N/A,HEL1OS-L1-PIPELINE
evt.fits,.fits,189.48,5,HEL1OS,Aditya-L1,N/A,N/A,HEL1OS-L1-PIPELINE
gticzt1.fits,.fits,0.01,2,HEL1OS,Aditya-L1,N/A,N/A,HEL1OS-L1-PIPELINE
hk.fits,.fits,2.94,2,HEL1OS,Aditya-L1,N/A,N/A,HEL1OS-L1-PIPELINE
gticdte2.fits,.fits,0.01,2,HEL1OS,Aditya-L1,N/A,N/A,HEL1OS-L1-PIPELINE
gticzt2.fits,.fits,0.01,2,HEL1OS,Aditya-L1,N/A,N/A,HEL1OS-L1-PIPELINE
gticdte1.fits,.fits,0.01,2,HEL1OS,Aditya-L1,N/A,N/A,HEL1OS-L1-PIPELINE
hel1os_czt_spectra_czt1.fits,.fits,0.55,2,HEL1OS,Aditya-L1,N/A,N/A,HEL1OS-L1-PIPELINE
hel1os_czt_spectra_czt2.fits,.fits,0.55,2,HEL1OS,Aditya-L1,N/A,N/A,HEL1OS-L1-PIPELINE
lightcurve_czt1.fits,.fits,0.46,6,HEL1OS,Aditya-L1,N/A,N/A,HEL1OS-L1-PIPELINE
lightcurve_czt2.fits,.fits,0.46,6,HEL1OS,Aditya-L1,N/A,N/A,HEL1OS-L1-PIPELINE
hel1os_cdte_spectra_cdte1.fits,.fits,0.82,2,HEL1OS,Aditya-L1,N/A,N/A,HEL1OS-L1-PIPELINE
lightcurve_cdte2.fits,.fits,0.46,6,HEL1OS,Aditya-L1,N/A,N/A,HEL1OS-L1-PIPELINE
lightcurve_cdte1.fits,.fits,0.46,6,HEL1OS,Aditya-L1,N/A,N/A,HEL1OS-L1-PIPELINE
hel1os_cdte_spectra_cdte2.fits,.fits,0.82,2,HEL1OS,Aditya-L1,N/A,N/A,HEL1OS-L1-PIPELINE
evt.fits,.fits,45.52,5,HEL1OS,Aditya-L1,N/A,N/A,HEL1OS-L1-PIPELINE
gticzt1.fits,.fits,0.01,2,HEL1OS,Aditya-L1,N/A,N/A,HEL1OS-L1-PIPELINE
hk.fits,.fits,0.62,2,HEL1OS,Aditya-L1,N/A,N/A,HEL1OS-L1-PIPELINE
gticdte2.fits,.fits,0.01,2,HEL1OS,Aditya-L1,N/A,N/A,HEL1OS-L1-PIPELINE
gticzt2.fits,.fits,0.01,2,HEL1OS,Aditya-L1,N/A,N/A,HEL1OS-L1-PIPELINE
gticdte1.fits,.fits,0.01,2,HEL1OS,Aditya-L1,N/A,N/A,HEL1OS-L1-PIPELINE
hel1os_czt_spectra_czt1.fits,.fits,7.94,2,HEL1OS,Aditya-L1,N/A,N/A,HEL1OS-L1-PIPELINE
hel1os_czt_spectra_czt2.fits,.fits,7.75,2,HEL1OS,Aditya-L1,N/A,N/A,HEL1OS-L1-PIPELINE
lightcurve_czt1.fits,.fits,6.28,6,HEL1OS,Aditya-L1,N/A,N/A,HEL1OS-L1-PIPELINE
lightcurve_czt2.fits,.fits,6.13,6,HEL1OS,Aditya-L1,N/A,N/A,HEL1OS-L1-PIPELINE
hel1os_cdte_spectra_cdte1.fits,.fits,11.87,2,HEL1OS,Aditya-L1,N/A,N/A,HEL1OS-L1-PIPELINE
lightcurve_cdte2.fits,.fits,6.27,6,HEL1OS,Aditya-L1,N/A,N/A,HEL1OS-L1-PIPELINE
lightcurve_cdte1.fits,.fits,6.26,6,HEL1OS,Aditya-L1,N/A,N/A,HEL1OS-L1-PIPELINE
hel1os_cdte_spectra_cdte2.fits,.fits,11.87,2,HEL1OS,Aditya-L1,N/A,N/A,HEL1OS-L1-PIPELINE
evt.fits,.fits,97.1,5,HEL1OS,Aditya-L1,N/A,N/A,HEL1OS-L1-PIPELINE
gticzt1.fits,.fits,0.01,2,HEL1OS,Aditya-L1,N/A,N/A,HEL1OS-L1-PIPELINE
hk.fits,.fits,1.57,2,HEL1OS,Aditya-L1,N/A,N/A,HEL1OS-L1-PIPELINE
gticdte2.fits,.fits,0.01,2,HEL1OS,Aditya-L1,N/A,N/A,HEL1OS-L1-PIPELINE
gticzt2.fits,.fits,0.01,2,HEL1OS,Aditya-L1,N/A,N/A,HEL1OS-L1-PIPELINE
gticdte1.fits,.fits,0.01,2,HEL1OS,Aditya-L1,N/A,N/A,HEL1OS-L1-PIPELINE
hel1os_czt_spectra_czt1.fits,.fits,12.66,2,HEL1OS,Aditya-L1,N/A,N/A,HEL1OS-L1-PIPELINE
hel1os_czt_spectra_czt2.fits,.fits,12.94,2,HEL1OS,Aditya-L1,N/A,N/A,HEL1OS-L1-PIPELINE
lightcurve_czt1.fits,.fits,9.99,6,HEL1OS,Aditya-L1,N/A,N/A,HEL1OS-L1-PIPELINE
lightcurve_czt2.fits,.fits,10.22,6,HEL1OS,Aditya-L1,N/A,N/A,HEL1OS-L1-PIPELINE
hel1os_cdte_spectra_cdte1.fits,.fits,19.34,2,HEL1OS,Aditya-L1,N/A,N/A,HEL1OS-L1-PIPELINE
lightcurve_cdte2.fits,.fits,10.21,6,HEL1OS,Aditya-L1,N/A,N/A,HEL1OS-L1-PIPELINE
lightcurve_cdte1.fits,.fits,10.19,6,HEL1OS,Aditya-L1,N/A,N/A,HEL1OS-L1-PIPELINE
hel1os_cdte_spectra_cdte2.fits,.fits,19.35,2,HEL1OS,Aditya-L1,N/A,N/A,HEL1OS-L1-PIPELINE
evt.fits,.fits,608.5,5,HEL1OS,Aditya-L1,N/A,N/A,HEL1OS-L1-PIPELINE
gticzt1.fits,.fits,0.01,2,HEL1OS,Aditya-L1,N/A,N/A,HEL1OS-L1-PIPELINE
hk.fits,.fits,6.09,2,HEL1OS,Aditya-L1,N/A,N/A,HEL1OS-L1-PIPELINE
gticdte2.fits,.fits,0.01,2,HEL1OS,Aditya-L1,N/A,N/A,HEL1OS-L1-PIPELINE
gticzt2.fits,.fits,0.01,2,HEL1OS,Aditya-L1,N/A,N/A,HEL1OS-L1-PIPELINE
gticdte1.fits,.fits,0.01,2,HEL1OS,Aditya-L1,N/A,N/A,HEL1OS-L1-PIPELINE
hel1os_czt_spectra_czt1.fits,.fits,10.07,2,HEL1OS,Aditya-L1,N/A,N/A,HEL1OS-L1-PIPELINE
hel1os_czt_spectra_czt2.fits,.fits,9.92,2,HEL1OS,Aditya-L1,N/A,N/A,HEL1OS-L1-PIPELINE
lightcurve_czt1.fits,.fits,7.95,6,HEL1OS,Aditya-L1,N/A,N/A,HEL1OS-L1-PIPELINE
lightcurve_czt2.fits,.fits,7.83,6,HEL1OS,Aditya-L1,N/A,N/A,HEL1OS-L1-PIPELINE
hel1os_cdte_spectra_cdte1.fits,.fits,15.08,2,HEL1OS,Aditya-L1,N/A,N/A,HEL1OS-L1-PIPELINE
lightcurve_cdte2.fits,.fits,7.96,6,HEL1OS,Aditya-L1,N/A,N/A,HEL1OS-L1-PIPELINE
lightcurve_cdte1.fits,.fits,7.95,6,HEL1OS,Aditya-L1,N/A,N/A,HEL1OS-L1-PIPELINE
hel1os_cdte_spectra_cdte2.fits,.fits,15.08,2,HEL1OS,Aditya-L1,N/A,N/A,HEL1OS-L1-PIPELINE
evt.fits,.fits,116.75,5,HEL1OS,Aditya-L1,N/A,N/A,HEL1OS-L1-PIPELINE
gticzt1.fits,.fits,0.01,2,HEL1OS,Aditya-L1,N/A,N/A,HEL1OS-L1-PIPELINE
hk.fits,.fits,1.96,2,HEL1OS,Aditya-L1,N/A,N/A,HEL1OS-L1-PIPELINE
gticdte2.fits,.fits,0.01,2,HEL1OS,Aditya-L1,N/A,N/A,HEL1OS-L1-PIPELINE
gticzt2.fits,.fits,0.01,2,HEL1OS,Aditya-L1,N/A,N/A,HEL1OS-L1-PIPELINE
gticdte1.fits,.fits,0.01,2,HEL1OS,Aditya-L1,N/A,N/A,HEL1OS-L1-PIPELINE
hel1os_czt_spectra_czt1.fits,.fits,0.89,2,HEL1OS,Aditya-L1,N/A,N/A,HEL1OS-L1-PIPELINE
hel1os_czt_spectra_czt2.fits,.fits,1.04,2,HEL1OS,Aditya-L1,N/A,N/A,HEL1OS-L1-PIPELINE
lightcurve_czt1.fits,.fits,0.73,6,HEL1OS,Aditya-L1,N/A,N/A,HEL1OS-L1-PIPELINE
lightcurve_czt2.fits,.fits,0.84,6,HEL1OS,Aditya-L1,N/A,N/A,HEL1OS-L1-PIPELINE
hel1os_cdte_spectra_cdte1.fits,.fits,1.73,2,HEL1OS,Aditya-L1,N/A,N/A,HEL1OS-L1-PIPELINE
lightcurve_cdte2.fits,.fits,0.93,6,HEL1OS,Aditya-L1,N/A,N/A,HEL1OS-L1-PIPELINE
lightcurve_cdte1.fits,.fits,0.92,6,HEL1OS,Aditya-L1,N/A,N/A,HEL1OS-L1-PIPELINE
hel1os_cdte_spectra_cdte2.fits,.fits,1.73,2,HEL1OS,Aditya-L1,N/A,N/A,HEL1OS-L1-PIPELINE
evt.fits,.fits,9.35,5,HEL1OS,Aditya-L1,N/A,N/A,HEL1OS-L1-PIPELINE
gticzt1.fits,.fits,0.01,2,HEL1OS,Aditya-L1,N/A,N/A,HEL1OS-L1-PIPELINE
hk.fits,.fits,0.21,2,HEL1OS,Aditya-L1,N/A,N/A,HEL1OS-L1-PIPELINE
gticdte2.fits,.fits,0.01,2,HEL1OS,Aditya-L1,N/A,N/A,HEL1OS-L1-PIPELINE
gticzt2.fits,.fits,0.01,2,HEL1OS,Aditya-L1,N/A,N/A,HEL1OS-L1-PIPELINE
gticdte1.fits,.fits,0.01,2,HEL1OS,Aditya-L1,N/A,N/A,HEL1OS-L1-PIPELINE
hel1os_czt_spectra_czt1.fits,.fits,12.95,2,HEL1OS,Aditya-L1,N/A,N/A,HEL1OS-L1-PIPELINE
hel1os_czt_spectra_czt2.fits,.fits,12.78,2,HEL1OS,Aditya-L1,N/A,N/A,HEL1OS-L1-PIPELINE
lightcurve_czt1.fits,.fits,10.22,6,HEL1OS,Aditya-L1,N/A,N/A,HEL1OS-L1-PIPELINE
lightcurve_czt2.fits,.fits,10.08,6,HEL1OS,Aditya-L1,N/A,N/A,HEL1OS-L1-PIPELINE
hel1os_cdte_spectra_cdte1.fits,.fits,19.37,2,HEL1OS,Aditya-L1,N/A,N/A,HEL1OS-L1-PIPELINE
lightcurve_cdte2.fits,.fits,10.21,6,HEL1OS,Aditya-L1,N/A,N/A,HEL1OS-L1-PIPELINE
lightcurve_cdte1.fits,.fits,10.21,6,HEL1OS,Aditya-L1,N/A,N/A,HEL1OS-L1-PIPELINE
hel1os_cdte_spectra_cdte2.fits,.fits,19.37,2,HEL1OS,Aditya-L1,N/A,N/A,HEL1OS-L1-PIPELINE
evt.fits,.fits,108.84,5,HEL1OS,Aditya-L1,N/A,N/A,HEL1OS-L1-PIPELINE
gticzt1.fits,.fits,0.01,2,HEL1OS,Aditya-L1,N/A,N/A,HEL1OS-L1-PIPELINE
hk.fits,.fits,2.17,2,HEL1OS,Aditya-L1,N/A,N/A,HEL1OS-L1-PIPELINE
gticdte2.fits,.fits,0.01,2,HEL1OS,Aditya-L1,N/A,N/A,HEL1OS-L1-PIPELINE
gticzt2.fits,.fits,0.01,2,HEL1OS,Aditya-L1,N/A,N/A,HEL1OS-L1-PIPELINE
gticdte1.fits,.fits,0.01,2,HEL1OS,Aditya-L1,N/A,N/A,HEL1OS-L1-PIPELINE
hel1os_czt_spectra_czt1.fits,.fits,13.57,2,HEL1OS,Aditya-L1,N/A,N/A,HEL1OS-L1-PIPELINE
hel1os_czt_spectra_czt2.fits,.fits,13.57,2,HEL1OS,Aditya-L1,N/A,N/A,HEL1OS-L1-PIPELINE
lightcurve_czt1.fits,.fits,10.71,6,HEL1OS,Aditya-L1,N/A,N/A,HEL1OS-L1-PIPELINE
lightcurve_czt2.fits,.fits,10.71,6,HEL1OS,Aditya-L1,N/A,N/A,HEL1OS-L1-PIPELINE
hel1os_cdte_spectra_cdte1.fits,.fits,20.29,2,HEL1OS,Aditya-L1,N/A,N/A,HEL1OS-L1-PIPELINE
lightcurve_cdte2.fits,.fits,10.7,6,HEL1OS,Aditya-L1,N/A,N/A,HEL1OS-L1-PIPELINE
lightcurve_cdte1.fits,.fits,10.71,6,HEL1OS,Aditya-L1,N/A,N/A,HEL1OS-L1-PIPELINE
hel1os_cdte_spectra_cdte2.fits,.fits,20.29,2,HEL1OS,Aditya-L1,N/A,N/A,HEL1OS-L1-PIPELINE
evt.fits,.fits,575.55,5,HEL1OS,Aditya-L1,N/A,N/A,HEL1OS-L1-PIPELINE
gticzt1.fits,.fits,0.01,2,HEL1OS,Aditya-L1,N/A,N/A,HEL1OS-L1-PIPELINE
hk.fits,.fits,7.98,2,HEL1OS,Aditya-L1,N/A,N/A,HEL1OS-L1-PIPELINE
gticdte2.fits,.fits,0.01,2,HEL1OS,Aditya-L1,N/A,N/A,HEL1OS-L1-PIPELINE
gticzt2.fits,.fits,0.01,2,HEL1OS,Aditya-L1,N/A,N/A,HEL1OS-L1-PIPELINE
gticdte1.fits,.fits,0.01,2,HEL1OS,Aditya-L1,N/A,N/A,HEL1OS-L1-PIPELINE
hel1os_czt_spectra_czt1.fits,.fits,13.86,2,HEL1OS,Aditya-L1,N/A,N/A,HEL1OS-L1-PIPELINE
hel1os_czt_spectra_czt2.fits,.fits,13.95,2,HEL1OS,Aditya-L1,N/A,N/A,HEL1OS-L1-PIPELINE
lightcurve_czt1.fits,.fits,10.93,6,HEL1OS,Aditya-L1,N/A,N/A,HEL1OS-L1-PIPELINE
lightcurve_czt2.fits,.fits,11.0,6,HEL1OS,Aditya-L1,N/A,N/A,HEL1OS-L1-PIPELINE
hel1os_cdte_spectra_cdte1.fits,.fits,21.11,2,HEL1OS,Aditya-L1,N/A,N/A,HEL1OS-L1-PIPELINE
lightcurve_cdte2.fits,.fits,11.13,6,HEL1OS,Aditya-L1,N/A,N/A,HEL1OS-L1-PIPELINE
lightcurve_cdte1.fits,.fits,11.13,6,HEL1OS,Aditya-L1,N/A,N/A,HEL1OS-L1-PIPELINE
hel1os_cdte_spectra_cdte2.fits,.fits,21.1,2,HEL1OS,Aditya-L1,N/A,N/A,HEL1OS-L1-PIPELINE
evt.fits,.fits,108.56,5,HEL1OS,Aditya-L1,N/A,N/A,HEL1OS-L1-PIPELINE
gticzt1.fits,.fits,0.01,2,HEL1OS,Aditya-L1,N/A,N/A,HEL1OS-L1-PIPELINE
hk.fits,.fits,2.35,2,HEL1OS,Aditya-L1,N/A,N/A,HEL1OS-L1-PIPELINE
gticdte2.fits,.fits,0.01,2,HEL1OS,Aditya-L1,N/A,N/A,HEL1OS-L1-PIPELINE
gticzt2.fits,.fits,0.01,2,HEL1OS,Aditya-L1,N/A,N/A,HEL1OS-L1-PIPELINE
gticdte1.fits,.fits,0.01,2,HEL1OS,Aditya-L1,N/A,N/A,HEL1OS-L1-PIPELINE
hel1os_czt_spectra_czt1.fits,.fits,1.51,2,HEL1OS,Aditya-L1,N/A,N/A,HEL1OS-L1-PIPELINE
hel1os_czt_spectra_czt2.fits,.fits,1.51,2,HEL1OS,Aditya-L1,N/A,N/A,HEL1OS-L1-PIPELINE
lightcurve_czt1.fits,.fits,1.21,6,HEL1OS,Aditya-L1,N/A,N/A,HEL1OS-L1-PIPELINE
lightcurve_czt2.fits,.fits,1.21,6,HEL1OS,Aditya-L1,N/A,N/A,HEL1OS-L1-PIPELINE
hel1os_cdte_spectra_cdte1.fits,.fits,2.26,2,HEL1OS,Aditya-L1,N/A,N/A,HEL1OS-L1-PIPELINE
lightcurve_cdte2.fits,.fits,1.21,6,HEL1OS,Aditya-L1,N/A,N/A,HEL1OS-L1-PIPELINE
lightcurve_cdte1.fits,.fits,1.21,6,HEL1OS,Aditya-L1,N/A,N/A,HEL1OS-L1-PIPELINE
hel1os_cdte_spectra_cdte2.fits,.fits,2.26,2,HEL1OS,Aditya-L1,N/A,N/A,HEL1OS-L1-PIPELINE
evt.fits,.fits,37.41,5,HEL1OS,Aditya-L1,N/A,N/A,HEL1OS-L1-PIPELINE
gticzt1.fits,.fits,0.01,2,HEL1OS,Aditya-L1,N/A,N/A,HEL1OS-L1-PIPELINE
hk.fits,.fits,0.56,2,HEL1OS,Aditya-L1,N/A,N/A,HEL1OS-L1-PIPELINE
gticdte2.fits,.fits,0.01,2,HEL1OS,Aditya-L1,N/A,N/A,HEL1OS-L1-PIPELINE
gticzt2.fits,.fits,0.01,2,HEL1OS,Aditya-L1,N/A,N/A,HEL1OS-L1-PIPELINE
gticdte1.fits,.fits,0.01,2,HEL1OS,Aditya-L1,N/A,N/A,HEL1OS-L1-PIPELINE
hel1os_czt_spectra_czt1.fits,.fits,12.95,2,HEL1OS,Aditya-L1,N/A,N/A,HEL1OS-L1-PIPELINE
hel1os_czt_spectra_czt2.fits,.fits,12.95,2,HEL1OS,Aditya-L1,N/A,N/A,HEL1OS-L1-PIPELINE
lightcurve_czt1.fits,.fits,10.22,6,HEL1OS,Aditya-L1,N/A,N/A,HEL1OS-L1-PIPELINE
lightcurve_czt2.fits,.fits,10.22,6,HEL1OS,Aditya-L1,N/A,N/A,HEL1OS-L1-PIPELINE
hel1os_cdte_spectra_cdte1.fits,.fits,19.36,2,HEL1OS,Aditya-L1,N/A,N/A,HEL1OS-L1-PIPELINE
lightcurve_cdte2.fits,.fits,10.21,6,HEL1OS,Aditya-L1,N/A,N/A,HEL1OS-L1-PIPELINE
lightcurve_cdte1.fits,.fits,10.21,6,HEL1OS,Aditya-L1,N/A,N/A,HEL1OS-L1-PIPELINE
hel1os_cdte_spectra_cdte2.fits,.fits,19.36,2,HEL1OS,Aditya-L1,N/A,N/A,HEL1OS-L1-PIPELINE
evt.fits,.fits,122.1,5,HEL1OS,Aditya-L1,N/A,N/A,HEL1OS-L1-PIPELINE
gticzt1.fits,.fits,0.01,2,HEL1OS,Aditya-L1,N/A,N/A,HEL1OS-L1-PIPELINE
hk.fits,.fits,2.27,2,HEL1OS,Aditya-L1,N/A,N/A,HEL1OS-L1-PIPELINE
gticdte2.fits,.fits,0.01,2,HEL1OS,Aditya-L1,N/A,N/A,HEL1OS-L1-PIPELINE
gticzt2.fits,.fits,0.01,2,HEL1OS,Aditya-L1,N/A,N/A,HEL1OS-L1-PIPELINE
gticdte1.fits,.fits,0.01,2,HEL1OS,Aditya-L1,N/A,N/A,HEL1OS-L1-PIPELINE
hel1os_czt_spectra_czt1.fits,.fits,0.59,2,HEL1OS,Aditya-L1,N/A,N/A,HEL1OS-L1-PIPELINE
hel1os_czt_spectra_czt2.fits,.fits,1.12,2,HEL1OS,Aditya-L1,N/A,N/A,HEL1OS-L1-PIPELINE
lightcurve_czt1.fits,.fits,0.48,6,HEL1OS,Aditya-L1,N/A,N/A,HEL1OS-L1-PIPELINE
lightcurve_czt2.fits,.fits,0.91,6,HEL1OS,Aditya-L1,N/A,N/A,HEL1OS-L1-PIPELINE
hel1os_cdte_spectra_cdte1.fits,.fits,1.67,2,HEL1OS,Aditya-L1,N/A,N/A,HEL1OS-L1-PIPELINE
lightcurve_cdte2.fits,.fits,0.9,6,HEL1OS,Aditya-L1,N/A,N/A,HEL1OS-L1-PIPELINE
lightcurve_cdte1.fits,.fits,0.9,6,HEL1OS,Aditya-L1,N/A,N/A,HEL1OS-L1-PIPELINE
hel1os_cdte_spectra_cdte2.fits,.fits,1.67,2,HEL1OS,Aditya-L1,N/A,N/A,HEL1OS-L1-PIPELINE
evt.fits,.fits,8.04,5,HEL1OS,Aditya-L1,N/A,N/A,HEL1OS-L1-PIPELINE
gticzt1.fits,.fits,0.01,2,HEL1OS,Aditya-L1,N/A,N/A,HEL1OS-L1-PIPELINE
hk.fits,.fits,0.2,2,HEL1OS,Aditya-L1,N/A,N/A,HEL1OS-L1-PIPELINE
gticdte2.fits,.fits,0.01,2,HEL1OS,Aditya-L1,N/A,N/A,HEL1OS-L1-PIPELINE
gticzt2.fits,.fits,0.01,2,HEL1OS,Aditya-L1,N/A,N/A,HEL1OS-L1-PIPELINE
gticdte1.fits,.fits,0.01,2,HEL1OS,Aditya-L1,N/A,N/A,HEL1OS-L1-PIPELINE
hel1os_czt_spectra_czt1.fits,.fits,14.1,2,HEL1OS,Aditya-L1,N/A,N/A,HEL1OS-L1-PIPELINE
hel1os_czt_spectra_czt2.fits,.fits,13.83,2,HEL1OS,Aditya-L1,N/A,N/A,HEL1OS-L1-PIPELINE
lightcurve_czt1.fits,.fits,11.13,6,HEL1OS,Aditya-L1,N/A,N/A,HEL1OS-L1-PIPELINE
lightcurve_czt2.fits,.fits,10.92,6,HEL1OS,Aditya-L1,N/A,N/A,HEL1OS-L1-PIPELINE
hel1os_cdte_spectra_cdte1.fits,.fits,21.11,2,HEL1OS,Aditya-L1,N/A,N/A,HEL1OS-L1-PIPELINE
lightcurve_cdte2.fits,.fits,11.13,6,HEL1OS,Aditya-L1,N/A,N/A,HEL1OS-L1-PIPELINE
lightcurve_cdte1.fits,.fits,11.12,6,HEL1OS,Aditya-L1,N/A,N/A,HEL1OS-L1-PIPELINE
hel1os_cdte_spectra_cdte2.fits,.fits,21.12,2,HEL1OS,Aditya-L1,N/A,N/A,HEL1OS-L1-PIPELINE
evt.fits,.fits,157.71,5,HEL1OS,Aditya-L1,N/A,N/A,HEL1OS-L1-PIPELINE
gticzt1.fits,.fits,0.01,2,HEL1OS,Aditya-L1,N/A,N/A,HEL1OS-L1-PIPELINE
hk.fits,.fits,2.64,2,HEL1OS,Aditya-L1,N/A,N/A,HEL1OS-L1-PIPELINE
gticdte2.fits,.fits,0.01,2,HEL1OS,Aditya-L1,N/A,N/A,HEL1OS-L1-PIPELINE
gticzt2.fits,.fits,0.01,2,HEL1OS,Aditya-L1,N/A,N/A,HEL1OS-L1-PIPELINE
gticdte1.fits,.fits,0.01,2,HEL1OS,Aditya-L1,N/A,N/A,HEL1OS-L1-PIPELINE
hel1os_czt_spectra_czt1.fits,.fits,6.6,2,HEL1OS,Aditya-L1,N/A,N/A,HEL1OS-L1-PIPELINE
hel1os_czt_spectra_czt2.fits,.fits,6.75,2,HEL1OS,Aditya-L1,N/A,N/A,HEL1OS-L1-PIPELINE
lightcurve_czt1.fits,.fits,5.22,6,HEL1OS,Aditya-L1,N/A,N/A,HEL1OS-L1-PIPELINE
lightcurve_czt2.fits,.fits,5.34,6,HEL1OS,Aditya-L1,N/A,N/A,HEL1OS-L1-PIPELINE
hel1os_cdte_spectra_cdte1.fits,.fits,10.27,2,HEL1OS,Aditya-L1,N/A,N/A,HEL1OS-L1-PIPELINE
lightcurve_cdte2.fits,.fits,5.42,6,HEL1OS,Aditya-L1,N/A,N/A,HEL1OS-L1-PIPELINE
lightcurve_cdte1.fits,.fits,5.42,6,HEL1OS,Aditya-L1,N/A,N/A,HEL1OS-L1-PIPELINE
hel1os_cdte_spectra_cdte2.fits,.fits,10.27,2,HEL1OS,Aditya-L1,N/A,N/A,HEL1OS-L1-PIPELINE
evt.fits,.fits,72.1,5,HEL1OS,Aditya-L1,N/A,N/A,HEL1OS-L1-PIPELINE
gticzt1.fits,.fits,0.01,2,HEL1OS,Aditya-L1,N/A,N/A,HEL1OS-L1-PIPELINE
hk.fits,.fits,1.28,2,HEL1OS,Aditya-L1,N/A,N/A,HEL1OS-L1-PIPELINE
gticdte2.fits,.fits,0.01,2,HEL1OS,Aditya-L1,N/A,N/A,HEL1OS-L1-PIPELINE
gticzt2.fits,.fits,0.01,2,HEL1OS,Aditya-L1,N/A,N/A,HEL1OS-L1-PIPELINE
gticdte1.fits,.fits,0.01,2,HEL1OS,Aditya-L1,N/A,N/A,HEL1OS-L1-PIPELINE
hel1os_czt_spectra_czt1.fits,.fits,14.12,2,HEL1OS,Aditya-L1,N/A,N/A,HEL1OS-L1-PIPELINE
hel1os_czt_spectra_czt2.fits,.fits,14.12,2,HEL1OS,Aditya-L1,N/A,N/A,HEL1OS-L1-PIPELINE
lightcurve_czt1.fits,.fits,11.14,6,HEL1OS,Aditya-L1,N/A,N/A,HEL1OS-L1-PIPELINE
lightcurve_czt2.fits,.fits,11.14,6,HEL1OS,Aditya-L1,N/A,N/A,HEL1OS-L1-PIPELINE
hel1os_cdte_spectra_cdte1.fits,.fits,21.12,2,HEL1OS,Aditya-L1,N/A,N/A,HEL1OS-L1-PIPELINE
lightcurve_cdte2.fits,.fits,11.13,6,HEL1OS,Aditya-L1,N/A,N/A,HEL1OS-L1-PIPELINE
lightcurve_cdte1.fits,.fits,11.14,6,HEL1OS,Aditya-L1,N/A,N/A,HEL1OS-L1-PIPELINE
hel1os_cdte_spectra_cdte2.fits,.fits,21.12,2,HEL1OS,Aditya-L1,N/A,N/A,HEL1OS-L1-PIPELINE
evt.fits,.fits,134.16,5,HEL1OS,Aditya-L1,N/A,N/A,HEL1OS-L1-PIPELINE
gticzt1.fits,.fits,0.01,2,HEL1OS,Aditya-L1,N/A,N/A,HEL1OS-L1-PIPELINE
hk.fits,.fits,2.51,2,HEL1OS,Aditya-L1,N/A,N/A,HEL1OS-L1-PIPELINE
gticdte2.fits,.fits,0.01,2,HEL1OS,Aditya-L1,N/A,N/A,HEL1OS-L1-PIPELINE
gticzt2.fits,.fits,0.01,2,HEL1OS,Aditya-L1,N/A,N/A,HEL1OS-L1-PIPELINE
gticdte1.fits,.fits,0.01,2,HEL1OS,Aditya-L1,N/A,N/A,HEL1OS-L1-PIPELINE
hel1os_czt_spectra_czt1.fits,.fits,12.74,2,HEL1OS,Aditya-L1,N/A,N/A,HEL1OS-L1-PIPELINE
hel1os_czt_spectra_czt2.fits,.fits,12.57,2,HEL1OS,Aditya-L1,N/A,N/A,HEL1OS-L1-PIPELINE
lightcurve_czt1.fits,.fits,10.06,6,HEL1OS,Aditya-L1,N/A,N/A,HEL1OS-L1-PIPELINE
lightcurve_czt2.fits,.fits,9.92,6,HEL1OS,Aditya-L1,N/A,N/A,HEL1OS-L1-PIPELINE
hel1os_cdte_spectra_cdte1.fits,.fits,19.06,2,HEL1OS,Aditya-L1,N/A,N/A,HEL1OS-L1-PIPELINE
lightcurve_cdte2.fits,.fits,10.06,6,HEL1OS,Aditya-L1,N/A,N/A,HEL1OS-L1-PIPELINE
lightcurve_cdte1.fits,.fits,10.05,6,HEL1OS,Aditya-L1,N/A,N/A,HEL1OS-L1-PIPELINE
hel1os_cdte_spectra_cdte2.fits,.fits,19.06,2,HEL1OS,Aditya-L1,N/A,N/A,HEL1OS-L1-PIPELINE
evt.fits,.fits,500.63,5,HEL1OS,Aditya-L1,N/A,N/A,HEL1OS-L1-PIPELINE
gticzt1.fits,.fits,0.01,2,HEL1OS,Aditya-L1,N/A,N/A,HEL1OS-L1-PIPELINE
hk.fits,.fits,5.2,2,HEL1OS,Aditya-L1,N/A,N/A,HEL1OS-L1-PIPELINE
gticdte2.fits,.fits,0.01,2,HEL1OS,Aditya-L1,N/A,N/A,HEL1OS-L1-PIPELINE
gticzt2.fits,.fits,0.01,2,HEL1OS,Aditya-L1,N/A,N/A,HEL1OS-L1-PIPELINE
gticdte1.fits,.fits,0.01,2,HEL1OS,Aditya-L1,N/A,N/A,HEL1OS-L1-PIPELINE
hel1os_czt_spectra_czt1.fits,.fits,4.03,2,HEL1OS,Aditya-L1,N/A,N/A,HEL1OS-L1-PIPELINE
hel1os_czt_spectra_czt2.fits,.fits,4.03,2,HEL1OS,Aditya-L1,N/A,N/A,HEL1OS-L1-PIPELINE
lightcurve_czt1.fits,.fits,3.19,6,HEL1OS,Aditya-L1,N/A,N/A,HEL1OS-L1-PIPELINE
lightcurve_czt2.fits,.fits,3.19,6,HEL1OS,Aditya-L1,N/A,N/A,HEL1OS-L1-PIPELINE
hel1os_cdte_spectra_cdte1.fits,.fits,6.02,2,HEL1OS,Aditya-L1,N/A,N/A,HEL1OS-L1-PIPELINE
lightcurve_cdte2.fits,.fits,3.18,6,HEL1OS,Aditya-L1,N/A,N/A,HEL1OS-L1-PIPELINE
lightcurve_cdte1.fits,.fits,3.18,6,HEL1OS,Aditya-L1,N/A,N/A,HEL1OS-L1-PIPELINE
hel1os_cdte_spectra_cdte2.fits,.fits,6.02,2,HEL1OS,Aditya-L1,N/A,N/A,HEL1OS-L1-PIPELINE
evt.fits,.fits,46.84,5,HEL1OS,Aditya-L1,N/A,N/A,HEL1OS-L1-PIPELINE
gticzt1.fits,.fits,0.01,2,HEL1OS,Aditya-L1,N/A,N/A,HEL1OS-L1-PIPELINE
hk.fits,.fits,0.81,2,HEL1OS,Aditya-L1,N/A,N/A,HEL1OS-L1-PIPELINE
gticdte2.fits,.fits,0.01,2,HEL1OS,Aditya-L1,N/A,N/A,HEL1OS-L1-PIPELINE
gticzt2.fits,.fits,0.01,2,HEL1OS,Aditya-L1,N/A,N/A,HEL1OS-L1-PIPELINE
gticdte1.fits,.fits,0.01,2,HEL1OS,Aditya-L1,N/A,N/A,HEL1OS-L1-PIPELINE
hel1os_czt_spectra_czt1.fits,.fits,13.58,2,HEL1OS,Aditya-L1,N/A,N/A,HEL1OS-L1-PIPELINE
hel1os_czt_spectra_czt2.fits,.fits,13.58,2,HEL1OS,Aditya-L1,N/A,N/A,HEL1OS-L1-PIPELINE
lightcurve_czt1.fits,.fits,10.71,6,HEL1OS,Aditya-L1,N/A,N/A,HEL1OS-L1-PIPELINE
lightcurve_czt2.fits,.fits,10.71,6,HEL1OS,Aditya-L1,N/A,N/A,HEL1OS-L1-PIPELINE
hel1os_cdte_spectra_cdte1.fits,.fits,20.31,2,HEL1OS,Aditya-L1,N/A,N/A,HEL1OS-L1-PIPELINE
lightcurve_cdte2.fits,.fits,10.71,6,HEL1OS,Aditya-L1,N/A,N/A,HEL1OS-L1-PIPELINE
lightcurve_cdte1.fits,.fits,10.71,6,HEL1OS,Aditya-L1,N/A,N/A,HEL1OS-L1-PIPELINE
hel1os_cdte_spectra_cdte2.fits,.fits,20.31,2,HEL1OS,Aditya-L1,N/A,N/A,HEL1OS-L1-PIPELINE
evt.fits,.fits,576.41,5,HEL1OS,Aditya-L1,N/A,N/A,HEL1OS-L1-PIPELINE
gticzt1.fits,.fits,0.01,2,HEL1OS,Aditya-L1,N/A,N/A,HEL1OS-L1-PIPELINE
hk.fits,.fits,7.99,2,HEL1OS,Aditya-L1,N/A,N/A,HEL1OS-L1-PIPELINE
gticdte2.fits,.fits,0.01,2,HEL1OS,Aditya-L1,N/A,N/A,HEL1OS-L1-PIPELINE
gticzt2.fits,.fits,0.01,2,HEL1OS,Aditya-L1,N/A,N/A,HEL1OS-L1-PIPELINE
gticdte1.fits,.fits,0.01,2,HEL1OS,Aditya-L1,N/A,N/A,HEL1OS-L1-PIPELINE
hel1os_czt_spectra_czt1.fits,.fits,1.11,2,HEL1OS,Aditya-L1,N/A,N/A,HEL1OS-L1-PIPELINE
hel1os_czt_spectra_czt2.fits,.fits,0.99,2,HEL1OS,Aditya-L1,N/A,N/A,HEL1OS-L1-PIPELINE
lightcurve_czt1.fits,.fits,0.9,6,HEL1OS,Aditya-L1,N/A,N/A,HEL1OS-L1-PIPELINE
lightcurve_czt2.fits,.fits,0.8,6,HEL1OS,Aditya-L1,N/A,N/A,HEL1OS-L1-PIPELINE
hel1os_cdte_spectra_cdte1.fits,.fits,1.65,2,HEL1OS,Aditya-L1,N/A,N/A,HEL1OS-L1-PIPELINE
lightcurve_cdte2.fits,.fits,0.87,6,HEL1OS,Aditya-L1,N/A,N/A,HEL1OS-L1-PIPELINE
lightcurve_cdte1.fits,.fits,0.88,6,HEL1OS,Aditya-L1,N/A,N/A,HEL1OS-L1-PIPELINE
hel1os_cdte_spectra_cdte2.fits,.fits,1.65,2,HEL1OS,Aditya-L1,N/A,N/A,HEL1OS-L1-PIPELINE
evt.fits,.fits,9.4,5,HEL1OS,Aditya-L1,N/A,N/A,HEL1OS-L1-PIPELINE
gticzt1.fits,.fits,0.01,2,HEL1OS,Aditya-L1,N/A,N/A,HEL1OS-L1-PIPELINE
hk.fits,.fits,0.2,2,HEL1OS,Aditya-L1,N/A,N/A,HEL1OS-L1-PIPELINE
gticdte2.fits,.fits,0.01,2,HEL1OS,Aditya-L1,N/A,N/A,HEL1OS-L1-PIPELINE
gticzt2.fits,.fits,0.01,2,HEL1OS,Aditya-L1,N/A,N/A,HEL1OS-L1-PIPELINE
gticdte1.fits,.fits,0.01,2,HEL1OS,Aditya-L1,N/A,N/A,HEL1OS-L1-PIPELINE
hel1os_czt_spectra_czt1.fits,.fits,7.25,2,HEL1OS,Aditya-L1,N/A,N/A,HEL1OS-L1-PIPELINE
hel1os_czt_spectra_czt2.fits,.fits,7.25,2,HEL1OS,Aditya-L1,N/A,N/A,HEL1OS-L1-PIPELINE
lightcurve_czt1.fits,.fits,5.73,6,HEL1OS,Aditya-L1,N/A,N/A,HEL1OS-L1-PIPELINE
lightcurve_czt2.fits,.fits,5.73,6,HEL1OS,Aditya-L1,N/A,N/A,HEL1OS-L1-PIPELINE
hel1os_cdte_spectra_cdte1.fits,.fits,10.84,2,HEL1OS,Aditya-L1,N/A,N/A,HEL1OS-L1-PIPELINE
lightcurve_cdte2.fits,.fits,5.72,6,HEL1OS,Aditya-L1,N/A,N/A,HEL1OS-L1-PIPELINE
lightcurve_cdte1.fits,.fits,5.72,6,HEL1OS,Aditya-L1,N/A,N/A,HEL1OS-L1-PIPELINE
hel1os_cdte_spectra_cdte2.fits,.fits,10.84,2,HEL1OS,Aditya-L1,N/A,N/A,HEL1OS-L1-PIPELINE
evt.fits,.fits,72.83,5,HEL1OS,Aditya-L1,N/A,N/A,HEL1OS-L1-PIPELINE
gticzt1.fits,.fits,0.01,2,HEL1OS,Aditya-L1,N/A,N/A,HEL1OS-L1-PIPELINE
hk.fits,.fits,1.33,2,HEL1OS,Aditya-L1,N/A,N/A,HEL1OS-L1-PIPELINE
gticdte2.fits,.fits,0.01,2,HEL1OS,Aditya-L1,N/A,N/A,HEL1OS-L1-PIPELINE
gticzt2.fits,.fits,0.01,2,HEL1OS,Aditya-L1,N/A,N/A,HEL1OS-L1-PIPELINE
gticdte1.fits,.fits,0.01,2,HEL1OS,Aditya-L1,N/A,N/A,HEL1OS-L1-PIPELINE
hel1os_czt_spectra_czt1.fits,.fits,0.93,2,HEL1OS,Aditya-L1,N/A,N/A,HEL1OS-L1-PIPELINE
hel1os_czt_spectra_czt2.fits,.fits,1.08,2,HEL1OS,Aditya-L1,N/A,N/A,HEL1OS-L1-PIPELINE
lightcurve_czt1.fits,.fits,0.76,6,HEL1OS,Aditya-L1,N/A,N/A,HEL1OS-L1-PIPELINE
lightcurve_czt2.fits,.fits,0.87,6,HEL1OS,Aditya-L1,N/A,N/A,HEL1OS-L1-PIPELINE
hel1os_cdte_spectra_cdte1.fits,.fits,1.78,2,HEL1OS,Aditya-L1,N/A,N/A,HEL1OS-L1-PIPELINE
lightcurve_cdte2.fits,.fits,0.95,6,HEL1OS,Aditya-L1,N/A,N/A,HEL1OS-L1-PIPELINE
lightcurve_cdte1.fits,.fits,0.93,6,HEL1OS,Aditya-L1,N/A,N/A,HEL1OS-L1-PIPELINE
hel1os_cdte_spectra_cdte2.fits,.fits,1.78,2,HEL1OS,Aditya-L1,N/A,N/A,HEL1OS-L1-PIPELINE
evt.fits,.fits,10.61,5,HEL1OS,Aditya-L1,N/A,N/A,HEL1OS-L1-PIPELINE
gticzt1.fits,.fits,0.01,2,HEL1OS,Aditya-L1,N/A,N/A,HEL1OS-L1-PIPELINE
hk.fits,.fits,0.22,2,HEL1OS,Aditya-L1,N/A,N/A,HEL1OS-L1-PIPELINE
gticdte2.fits,.fits,0.01,2,HEL1OS,Aditya-L1,N/A,N/A,HEL1OS-L1-PIPELINE
gticzt2.fits,.fits,0.01,2,HEL1OS,Aditya-L1,N/A,N/A,HEL1OS-L1-PIPELINE
gticdte1.fits,.fits,0.01,2,HEL1OS,Aditya-L1,N/A,N/A,HEL1OS-L1-PIPELINE
hel1os_czt_spectra_czt1.fits,.fits,1.36,2,HEL1OS,Aditya-L1,N/A,N/A,HEL1OS-L1-PIPELINE
hel1os_czt_spectra_czt2.fits,.fits,1.14,2,HEL1OS,Aditya-L1,N/A,N/A,HEL1OS-L1-PIPELINE
lightcurve_czt1.fits,.fits,1.1,6,HEL1OS,Aditya-L1,N/A,N/A,HEL1OS-L1-PIPELINE
lightcurve_czt2.fits,.fits,0.92,6,HEL1OS,Aditya-L1,N/A,N/A,HEL1OS-L1-PIPELINE
hel1os_cdte_spectra_cdte1.fits,.fits,2.02,2,HEL1OS,Aditya-L1,N/A,N/A,HEL1OS-L1-PIPELINE
lightcurve_cdte2.fits,.fits,1.09,6,HEL1OS,Aditya-L1,N/A,N/A,HEL1OS-L1-PIPELINE
lightcurve_cdte1.fits,.fits,1.04,6,HEL1OS,Aditya-L1,N/A,N/A,HEL1OS-L1-PIPELINE
hel1os_cdte_spectra_cdte2.fits,.fits,2.04,2,HEL1OS,Aditya-L1,N/A,N/A,HEL1OS-L1-PIPELINE
evt.fits,.fits,6.94,5,HEL1OS,Aditya-L1,N/A,N/A,HEL1OS-L1-PIPELINE
gticzt1.fits,.fits,0.01,2,HEL1OS,Aditya-L1,N/A,N/A,HEL1OS-L1-PIPELINE
hk.fits,.fits,0.21,2,HEL1OS,Aditya-L1,N/A,N/A,HEL1OS-L1-PIPELINE
gticdte2.fits,.fits,0.01,2,HEL1OS,Aditya-L1,N/A,N/A,HEL1OS-L1-PIPELINE
gticzt2.fits,.fits,0.01,2,HEL1OS,Aditya-L1,N/A,N/A,HEL1OS-L1-PIPELINE
gticdte1.fits,.fits,0.01,2,HEL1OS,Aditya-L1,N/A,N/A,HEL1OS-L1-PIPELINE
hel1os_czt_spectra_czt1.fits,.fits,1.17,2,HEL1OS,Aditya-L1,N/A,N/A,HEL1OS-L1-PIPELINE
hel1os_czt_spectra_czt2.fits,.fits,1.17,2,HEL1OS,Aditya-L1,N/A,N/A,HEL1OS-L1-PIPELINE
lightcurve_czt1.fits,.fits,0.95,6,HEL1OS,Aditya-L1,N/A,N/A,HEL1OS-L1-PIPELINE
lightcurve_czt2.fits,.fits,0.95,6,HEL1OS,Aditya-L1,N/A,N/A,HEL1OS-L1-PIPELINE
hel1os_cdte_spectra_cdte1.fits,.fits,1.74,2,HEL1OS,Aditya-L1,N/A,N/A,HEL1OS-L1-PIPELINE
lightcurve_cdte2.fits,.fits,0.94,6,HEL1OS,Aditya-L1,N/A,N/A,HEL1OS-L1-PIPELINE
lightcurve_cdte1.fits,.fits,0.91,6,HEL1OS,Aditya-L1,N/A,N/A,HEL1OS-L1-PIPELINE
hel1os_cdte_spectra_cdte2.fits,.fits,1.74,2,HEL1OS,Aditya-L1,N/A,N/A,HEL1OS-L1-PIPELINE
evt.fits,.fits,12.37,5,HEL1OS,Aditya-L1,N/A,N/A,HEL1OS-L1-PIPELINE
gticzt1.fits,.fits,0.01,2,HEL1OS,Aditya-L1,N/A,N/A,HEL1OS-L1-PIPELINE
hk.fits,.fits,0.22,2,HEL1OS,Aditya-L1,N/A,N/A,HEL1OS-L1-PIPELINE
gticdte2.fits,.fits,0.01,2,HEL1OS,Aditya-L1,N/A,N/A,HEL1OS-L1-PIPELINE
gticzt2.fits,.fits,0.01,2,HEL1OS,Aditya-L1,N/A,N/A,HEL1OS-L1-PIPELINE
gticdte1.fits,.fits,0.01,2,HEL1OS,Aditya-L1,N/A,N/A,HEL1OS-L1-PIPELINE
hel1os_czt_spectra_czt1.fits,.fits,14.1,2,HEL1OS,Aditya-L1,N/A,N/A,HEL1OS-L1-PIPELINE
hel1os_czt_spectra_czt2.fits,.fits,13.95,2,HEL1OS,Aditya-L1,N/A,N/A,HEL1OS-L1-PIPELINE
lightcurve_czt1.fits,.fits,11.13,6,HEL1OS,Aditya-L1,N/A,N/A,HEL1OS-L1-PIPELINE
lightcurve_czt2.fits,.fits,11.0,6,HEL1OS,Aditya-L1,N/A,N/A,HEL1OS-L1-PIPELINE
hel1os_cdte_spectra_cdte1.fits,.fits,21.11,2,HEL1OS,Aditya-L1,N/A,N/A,HEL1OS-L1-PIPELINE
lightcurve_cdte2.fits,.fits,11.12,6,HEL1OS,Aditya-L1,N/A,N/A,HEL1OS-L1-PIPELINE
lightcurve_cdte1.fits,.fits,11.13,6,HEL1OS,Aditya-L1,N/A,N/A,HEL1OS-L1-PIPELINE
hel1os_cdte_spectra_cdte2.fits,.fits,21.11,2,HEL1OS,Aditya-L1,N/A,N/A,HEL1OS-L1-PIPELINE
evt.fits,.fits,115.1,5,HEL1OS,Aditya-L1,N/A,N/A,HEL1OS-L1-PIPELINE
gticzt1.fits,.fits,0.01,2,HEL1OS,Aditya-L1,N/A,N/A,HEL1OS-L1-PIPELINE
hk.fits,.fits,2.36,2,HEL1OS,Aditya-L1,N/A,N/A,HEL1OS-L1-PIPELINE
gticdte2.fits,.fits,0.01,2,HEL1OS,Aditya-L1,N/A,N/A,HEL1OS-L1-PIPELINE
gticzt2.fits,.fits,0.01,2,HEL1OS,Aditya-L1,N/A,N/A,HEL1OS-L1-PIPELINE
gticdte1.fits,.fits,0.01,2,HEL1OS,Aditya-L1,N/A,N/A,HEL1OS-L1-PIPELINE
hel1os_czt_spectra_czt1.fits,.fits,14.1,2,HEL1OS,Aditya-L1,N/A,N/A,HEL1OS-L1-PIPELINE
hel1os_czt_spectra_czt2.fits,.fits,14.12,2,HEL1OS,Aditya-L1,N/A,N/A,HEL1OS-L1-PIPELINE
lightcurve_czt1.fits,.fits,11.13,6,HEL1OS,Aditya-L1,N/A,N/A,HEL1OS-L1-PIPELINE
lightcurve_czt2.fits,.fits,11.14,6,HEL1OS,Aditya-L1,N/A,N/A,HEL1OS-L1-PIPELINE
hel1os_cdte_spectra_cdte1.fits,.fits,21.11,2,HEL1OS,Aditya-L1,N/A,N/A,HEL1OS-L1-PIPELINE
lightcurve_cdte2.fits,.fits,11.14,6,HEL1OS,Aditya-L1,N/A,N/A,HEL1OS-L1-PIPELINE
lightcurve_cdte1.fits,.fits,11.12,6,HEL1OS,Aditya-L1,N/A,N/A,HEL1OS-L1-PIPELINE
hel1os_cdte_spectra_cdte2.fits,.fits,21.11,2,HEL1OS,Aditya-L1,N/A,N/A,HEL1OS-L1-PIPELINE
evt.fits,.fits,239.08,5,HEL1OS,Aditya-L1,N/A,N/A,HEL1OS-L1-PIPELINE
gticzt1.fits,.fits,0.01,2,HEL1OS,Aditya-L1,N/A,N/A,HEL1OS-L1-PIPELINE
hk.fits,.fits,3.39,2,HEL1OS,Aditya-L1,N/A,N/A,HEL1OS-L1-PIPELINE
gticdte2.fits,.fits,0.01,2,HEL1OS,Aditya-L1,N/A,N/A,HEL1OS-L1-PIPELINE
gticzt2.fits,.fits,0.01,2,HEL1OS,Aditya-L1,N/A,N/A,HEL1OS-L1-PIPELINE
gticdte1.fits,.fits,0.01,2,HEL1OS,Aditya-L1,N/A,N/A,HEL1OS-L1-PIPELINE
